                                                                        S0000001
,,31HOpen CASCADE IGES processor 7.7,13HFilename.iges,                  G0000001
16HOpen CASCADE 7.7,31HOpen CASCADE IGES processor 7.7,32,308,15,308,15,G0000002
,1.,2,2HMM,1,0.01,15H20260924.155038,1.326E-06,5.767758,6HSYSTEM,,11,0, G0000003
15H20260924.155038,;                                                    G0000004
     402       1       0       0       0       0       0       000000000D0000001
     402       0       0       1       1                DWV0008A        D0000002
     402       2       0       0       0       0       0       000020000D0000003
     402       0       0       4       1                BODY-SOI        D0000004
     144       6       0       0       0       0       0       000020000D0000005
     144       0   -4501       1       0                               0D0000006
     108       7       0       0       0       0       0       000010000D0000007
     108       0       0       1       0                               0D0000008
     142       8       0       0       0       0       0       000010500D0000009
     142       0       0       1       0                               0D0000010
     102       9       0       0       0       0       0       000010000D0000011
     102       0       0       1       0                               0D0000012
     110      10       0       0       0       0       0       000010000D0000013
     110       0       0       2       0                               0D0000014
     110      12       0       0       0       0       0       000010000D0000015
     110       0       0       2       0                               0D0000016
     110      14       0       0       0       0       0       000010000D0000017
     110       0       0       2       0                               0D0000018
     110      16       0       0       0       0       0       000010000D0000019
     110       0       0       2       0                               0D0000020
     142      18       0       0       0       0       0       000010500D0000021
     142       0       0       1       0                               0D0000022
     102      19       0       0       0       0       0       000010000D0000023
     102       0       0       1       0                               0D0000024
     100      20       0       0       0       0      27       000010000D0000025
     100       0       0       1       0                               0D0000026
     124      21       0       0       0       0       0       000000000D0000027
     124       0       0       1       0                               0D0000028
     100      22       0       0       0       0      31       000010000D0000029
     100       0       0       1       0                               0D0000030
     124      23       0       0       0       0       0       000000000D0000031
     124       0       0       1       0                               0D0000032
     144      24       0       0       0       0       0       000020000D0000033
     144       0   -4501       1       0                               0D0000034
     120      25       0       0       0       0      37       000010000D0000035
     120       0       0       1       0                               0D0000036
     124      26       0       0       0       0       0       000000000D0000037
     124       0       0       2       0                               0D0000038
     110      28       0       0       0       0       0       000010000D0000039
     110       0       0       1       0                               0D0000040
     110      29       0       0       0       0       0       000010000D0000041
     110       0       0       1       0                               0D0000042
     142      30       0       0       0       0       0       000010500D0000043
     142       0       0       1       0                               0D0000044
     102      31       0       0       0       0       0       000010000D0000045
     102       0       0       1       0                               0D0000046
     110      32       0       0       0       0       0       000010000D0000047
     110       0       0       1       0                               0D0000048
     110      33       0       0       0       0       0       000010000D0000049
     110       0       0       1       0                               0D0000050
     110      34       0       0       0       0       0       000010000D0000051
     110       0       0       1       0                               0D0000052
     110      35       0       0       0       0       0       000010000D0000053
     110       0       0       1       0                               0D0000054
     102      36       0       0       0       0       0       000010000D0000055
     102       0       0       1       0                               0D0000056
     100      37       0       0       0       0      59       000010000D0000057
     100       0       0       1       0                               0D0000058
     124      38       0       0       0       0       0       000000000D0000059
     124       0       0       1       0                               0D0000060
     110      39       0       0       0       0       0       000010000D0000061
     110       0       0       2       0                               0D0000062
     100      41       0       0       0       0      65       000010000D0000063
     100       0       0       1       0                               0D0000064
     124      42       0       0       0       0       0       000000000D0000065
     124       0       0       2       0                               0D0000066
     110      44       0       0       0       0       0       000010000D0000067
     110       0       0       2       0                               0D0000068
     144      46       0       0       0       0       0       000020000D0000069
     144       0   -4501       1       0                               0D0000070
     120      47       0       0       0       0      73       000010000D0000071
     120       0       0       1       0                               0D0000072
     124      48       0       0       0       0       0       000000000D0000073
     124       0       0       2       0                               0D0000074
     110      50       0       0       0       0       0       000010000D0000075
     110       0       0       1       0                               0D0000076
     100      51       0       0       0       0      79       000010000D0000077
     100       0       0       2       0                               0D0000078
     124      53       0       0       0       0       0       000000000D0000079
     124       0       0       1       0                               0D0000080
     142      54       0       0       0       0       0       000010500D0000081
     142       0       0       1       0                               0D0000082
     102      55       0       0       0       0       0       000010000D0000083
     102       0       0       1       0                               0D0000084
     110      56       0       0       0       0       0       000010000D0000085
     110       0       0       1       0                               0D0000086
     126      57       0       0       0       0       0       000010000D0000087
     126       0       0      20       0                               0D0000088
     126      77       0       0       0       0       0       000010000D0000089
     126       0       0      20       0                               0D0000090
     102      97       0       0       0       0       0       000010000D0000091
     102       0       0       1       0                               0D0000092
     100      98       0       0       0       0      95       000010000D0000093
     100       0       0       1       0                               0D0000094
     124      99       0       0       0       0       0       000000000D0000095
     124       0       0       2       0                               0D0000096
     100     101       0       0       0       0      99       000010000D0000097
     100       0       0       1       0                               0D0000098
     124     102       0       0       0       0       0       000000000D0000099
     124       0       0       3       0                               0D0000100
     100     105       0       0       0       0     103       000010000D0000101
     100       0       0       1       0                               0D0000102
     124     106       0       0       0       0       0       000000000D0000103
     124       0       0       1       0                               0D0000104
     144     107       0       0       0       0       0       000020000D0000105
     144       0   -4501       1       0                               0D0000106
     120     108       0       0       0       0     109       000010000D0000107
     120       0       0       1       0                               0D0000108
     124     109       0       0       0       0       0       000000000D0000109
     124       0       0       1       0                               0D0000110
     110     110       0       0       0       0       0       000010000D0000111
     110       0       0       1       0                               0D0000112
     110     111       0       0       0       0       0       000010000D0000113
     110       0       0       1       0                               0D0000114
     142     112       0       0       0       0       0       000010500D0000115
     142       0       0       1       0                               0D0000116
     102     113       0       0       0       0       0       000010000D0000117
     102       0       0       1       0                               0D0000118
     110     114       0       0       0       0       0       000010000D0000119
     110       0       0       1       0                               0D0000120
     110     115       0       0       0       0       0       000010000D0000121
     110       0       0       1       0                               0D0000122
     110     116       0       0       0       0       0       000010000D0000123
     110       0       0       1       0                               0D0000124
     110     117       0       0       0       0       0       000010000D0000125
     110       0       0       1       0                               0D0000126
     102     118       0       0       0       0       0       000010000D0000127
     102       0       0       1       0                               0D0000128
     100     119       0       0       0       0     131       000010000D0000129
     100       0       0       1       0                               0D0000130
     124     120       0       0       0       0       0       000000000D0000131
     124       0       0       1       0                               0D0000132
     110     121       0       0       0       0       0       000010000D0000133
     110       0       0       2       0                               0D0000134
     100     123       0       0       0       0     137       000010000D0000135
     100       0       0       1       0                               0D0000136
     124     124       0       0       0       0       0       000000000D0000137
     124       0       0       2       0                               0D0000138
     110     126       0       0       0       0       0       000010000D0000139
     110       0       0       2       0                               0D0000140
     144     128       0       0       0       0       0       000020000D0000141
     144       0   -4501       1       0                               0D0000142
     120     129       0       0       0       0     145       000010000D0000143
     120       0       0       1       0                               0D0000144
     124     130       0       0       0       0       0       000000000D0000145
     124       0       0       2       0                               0D0000146
     110     132       0       0       0       0       0       000010000D0000147
     110       0       0       1       0                               0D0000148
     100     133       0       0       0       0     151       000010000D0000149
     100       0       0       1       0                               0D0000150
     124     134       0       0       0       0       0       000000000D0000151
     124       0       0       1       0                               0D0000152
     142     135       0       0       0       0       0       000010500D0000153
     142       0       0       1       0                               0D0000154
     102     136       0       0       0       0       0       000010000D0000155
     102       0       0       1       0                               0D0000156
     110     137       0       0       0       0       0       000010000D0000157
     110       0       0       1       0                               0D0000158
     126     138       0       0       0       0       0       000010000D0000159
     126       0       0      20       0                               0D0000160
     126     158       0       0       0       0       0       000010000D0000161
     126       0       0      20       0                               0D0000162
     102     178       0       0       0       0       0       000010000D0000163
     102       0       0       1       0                               0D0000164
     100     179       0       0       0       0     167       000010000D0000165
     100       0       0       1       0                               0D0000166
     124     180       0       0       0       0       0       000000000D0000167
     124       0       0       2       0                               0D0000168
     100     182       0       0       0       0     171       000010000D0000169
     100       0       0       1       0                               0D0000170
     124     183       0       0       0       0       0       000000000D0000171
     124       0       0       2       0                               0D0000172
     100     185       0       0       0       0     175       000010000D0000173
     100       0       0       1       0                               0D0000174
     124     186       0       0       0       0       0       000000000D0000175
     124       0       0       3       0                               0D0000176
     144     189       0       0       0       0       0       000020000D0000177
     144       0   -4501       1       0                               0D0000178
     120     190       0       0       0       0     181       000010000D0000179
     120       0       0       1       0                               0D0000180
     124     191       0       0       0       0       0       000000000D0000181
     124       0       0       3       0                               0D0000182
     110     194       0       0       0       0       0       000010000D0000183
     110       0       0       1       0                               0D0000184
     110     195       0       0       0       0       0       000010000D0000185
     110       0       0       1       0                               0D0000186
     142     196       0       0       0       0       0       000010500D0000187
     142       0       0       1       0                               0D0000188
     102     197       0       0       0       0       0       000010000D0000189
     102       0       0       1       0                               0D0000190
     110     198       0       0       0       0       0       000010000D0000191
     110       0       0       1       0                               0D0000192
     110     199       0       0       0       0       0       000010000D0000193
     110       0       0       2       0                               0D0000194
     110     201       0       0       0       0       0       000010000D0000195
     110       0       0       1       0                               0D0000196
     126     202       0       0       0       0       0       000010000D0000197
     126       0       0      35       0                               0D0000198
     102     237       0       0       0       0       0       000010000D0000199
     102       0       0       1       0                               0D0000200
     110     238       0       0       0       0       0       000010000D0000201
     110       0       0       1       0                               0D0000202
     100     239       0       0       0       0     205       000010000D0000203
     100       0       0       1       0                               0D0000204
     124     240       0       0       0       0       0       000000000D0000205
     124       0       0       3       0                               0D0000206
     110     243       0       0       0       0       0       000010000D0000207
     110       0       0       1       0                               0D0000208
     126     244       0       0       0       0       0       000010000D0000209
     126       0       0       6       0                               0D0000210
     144     250       0       0       0       0       0       000020000D0000211
     144       0   -4501       1       0                               0D0000212
     108     251       0       0       0       0       0       000010000D0000213
     108       0       0       1       0                               0D0000214
     142     252       0       0       0       0       0       000010500D0000215
     142       0       0       1       0                               0D0000216
     102     253       0       0       0       0       0       000010000D0000217
     102       0       0       1       0                               0D0000218
     100     254       0       0       0       0     221       000010000D0000219
     100       0       0       1       0                               0D0000220
     124     255       0       0       0       0       0       000000000D0000221
     124       0       0       1       0                               0D0000222
     110     256       0       0       0       0       0       000010000D0000223
     110       0       0       1       0                               0D0000224
     100     257       0       0       0       0     227       000010000D0000225
     100       0       0       1       0                               0D0000226
     124     258       0       0       0       0       0       000000000D0000227
     124       0       0       1       0                               0D0000228
     110     259       0       0       0       0       0       000010000D0000229
     110       0       0       1       0                               0D0000230
     100     260       0       0       0       0     233       000010000D0000231
     100       0       0       1       0                               0D0000232
     124     261       0       0       0       0       0       000000000D0000233
     124       0       0       1       0                               0D0000234
     110     262       0       0       0       0       0       000010000D0000235
     110       0       0       1       0                               0D0000236
     100     263       0       0       0       0     239       000010000D0000237
     100       0       0       1       0                               0D0000238
     124     264       0       0       0       0       0       000000000D0000239
     124       0       0       1       0                               0D0000240
     110     265       0       0       0       0       0       000010000D0000241
     110       0       0       1       0                               0D0000242
     142     266       0       0       0       0       0       000010500D0000243
     142       0       0       1       0                               0D0000244
     102     267       0       0       0       0       0       000010000D0000245
     102       0       0       1       0                               0D0000246
     126     268       0       0       0       0       0       000010000D0000247
     126       0       0       6       0                               0D0000248
     110     274       0       0       0       0       0       000010000D0000249
     110       0       0       1       0                               0D0000250
     126     275       0       0       0       0       0       000010000D0000251
     126       0       0       6       0                               0D0000252
     110     281       0       0       0       0       0       000010000D0000253
     110       0       0       1       0                               0D0000254
     126     282       0       0       0       0       0       000010000D0000255
     126       0       0       6       0                               0D0000256
     110     288       0       0       0       0       0       000010000D0000257
     110       0       0       1       0                               0D0000258
     126     289       0       0       0       0       0       000010000D0000259
     126       0       0       6       0                               0D0000260
     110     295       0       0       0       0       0       000010000D0000261
     110       0       0       1       0                               0D0000262
     144     296       0       0       0       0       0       000020000D0000263
     144       0   -4501       1       0                               0D0000264
     108     297       0       0       0       0       0       000010000D0000265
     108       0       0       1       0                               0D0000266
     142     298       0       0       0       0       0       000010500D0000267
     142       0       0       1       0                               0D0000268
     102     299       0       0       0       0       0       000010000D0000269
     102       0       0       1       0                               0D0000270
     110     300       0       0       0       0       0       000010000D0000271
     110       0       0       1       0                               0D0000272
     110     301       0       0       0       0       0       000010000D0000273
     110       0       0       1       0                               0D0000274
     110     302       0       0       0       0       0       000010000D0000275
     110       0       0       1       0                               0D0000276
     110     303       0       0       0       0       0       000010000D0000277
     110       0       0       1       0                               0D0000278
     144     304       0       0       0       0       0       000020000D0000279
     144       0   -4501       1       0                               0D0000280
     108     305       0       0       0       0       0       000010000D0000281
     108       0       0       2       0                               0D0000282
     142     307       0       0       0       0       0       000010500D0000283
     142       0       0       1       0                               0D0000284
     102     308       0       0       0       0       0       000010000D0000285
     102       0       0       1       0                               0D0000286
     126     309       0       0       0       0       0       000010000D0000287
     126       0       0       4       0                               0D0000288
     110     313       0       0       0       0       0       000010000D0000289
     110       0       0       2       0                               0D0000290
     110     315       0       0       0       0       0       000010000D0000291
     110       0       0       2       0                               0D0000292
     110     317       0       0       0       0       0       000010000D0000293
     110       0       0       2       0                               0D0000294
     126     319       0       0       0       0       0       000010000D0000295
     126       0       0       4       0                               0D0000296
     110     323       0       0       0       0       0       000010000D0000297
     110       0       0       1       0                               0D0000298
     144     324       0       0       0       0       0       000020000D0000299
     144       0   -4501       1       0                               0D0000300
     120     325       0       0       0       0     303       000010000D0000301
     120       0       0       1       0                               0D0000302
     124     326       0       0       0       0       0       000000000D0000303
     124       0       0       1       0                               0D0000304
     110     327       0       0       0       0       0       000010000D0000305
     110       0       0       1       0                               0D0000306
     110     328       0       0       0       0       0       000010000D0000307
     110       0       0       1       0                               0D0000308
     142     329       0       0       0       0       0       000010500D0000309
     142       0       0       1       0                               0D0000310
     102     330       0       0       0       0       0       000010000D0000311
     102       0       0       1       0                               0D0000312
     126     331       0       0       0       0       0       000010000D0000313
     126       0       0       2       0                               0D0000314
     126     333       0       0       0       0       0       000010000D0000315
     126       0       0      69       0                               0D0000316
     126     402       0       0       0       0       0       000010000D0000317
     126       0       0       2       0                               0D0000318
     110     404       0       0       0       0       0       000010000D0000319
     110       0       0       1       0                               0D0000320
     110     405       0       0       0       0       0       000010000D0000321
     110       0       0       1       0                               0D0000322
     110     406       0       0       0       0       0       000010000D0000323
     110       0       0       1       0                               0D0000324
     102     407       0       0       0       0       0       000010000D0000325
     102       0       0       1       0                               0D0000326
     126     408       0       0       0       0       0       000010000D0000327
     126       0       0       4       0                               0D0000328
     126     412       0       0       0       0       0       000010000D0000329
     126       0       0      19       0                               0D0000330
     126     431       0       0       0       0       0       000010000D0000331
     126       0       0       4       0                               0D0000332
     110     435       0       0       0       0       0       000010000D0000333
     110       0       0       1       0                               0D0000334
     100     436       0       0       0       0     337       000010000D0000335
     100       0       0       1       0                               0D0000336
     124     437       0       0       0       0       0       000000000D0000337
     124       0       0       1       0                               0D0000338
     110     438       0       0       0       0       0       000010000D0000339
     110       0       0       1       0                               0D0000340
     144     439       0       0       0       0       0       000020000D0000341
     144       0   -4501       1       0                               0D0000342
     108     440       0       0       0       0       0       000010000D0000343
     108       0       0       1       0                               0D0000344
     142     441       0       0       0       0       0       000010500D0000345
     142       0       0       1       0                               0D0000346
     102     442       0       0       0       0       0       000010000D0000347
     102       0       0       1       0                               0D0000348
     110     443       0       0       0       0       0       000010000D0000349
     110       0       0       1       0                               0D0000350
     110     444       0       0       0       0       0       000010000D0000351
     110       0       0       1       0                               0D0000352
     110     445       0       0       0       0       0       000010000D0000353
     110       0       0       1       0                               0D0000354
     110     446       0       0       0       0       0       000010000D0000355
     110       0       0       1       0                               0D0000356
     144     447       0       0       0       0       0       000020000D0000357
     144       0   -4501       1       0                               0D0000358
     108     448       0       0       0       0       0       000010000D0000359
     108       0       0       2       0                               0D0000360
     142     450       0       0       0       0       0       000010500D0000361
     142       0       0       1       0                               0D0000362
     102     451       0       0       0       0       0       000010000D0000363
     102       0       0       1       0                               0D0000364
     126     452       0       0       0       0       0       000010000D0000365
     126       0       0       4       0                               0D0000366
     110     456       0       0       0       0       0       000010000D0000367
     110       0       0       2       0                               0D0000368
     110     458       0       0       0       0       0       000010000D0000369
     110       0       0       2       0                               0D0000370
     110     460       0       0       0       0       0       000010000D0000371
     110       0       0       2       0                               0D0000372
     126     462       0       0       0       0       0       000010000D0000373
     126       0       0       4       0                               0D0000374
     110     466       0       0       0       0       0       000010000D0000375
     110       0       0       1       0                               0D0000376
     144     467       0       0       0       0       0       000020000D0000377
     144       0   -4501       1       0                               0D0000378
     120     468       0       0       0       0     381       000010000D0000379
     120       0       0       1       0                               0D0000380
     124     469       0       0       0       0       0       000000000D0000381
     124       0       0       1       0                               0D0000382
     110     470       0       0       0       0       0       000010000D0000383
     110       0       0       1       0                               0D0000384
     110     471       0       0       0       0       0       000010000D0000385
     110       0       0       1       0                               0D0000386
     142     472       0       0       0       0       0       000010500D0000387
     142       0       0       1       0                               0D0000388
     102     473       0       0       0       0       0       000010000D0000389
     102       0       0       1       0                               0D0000390
     126     474       0       0       0       0       0       000010000D0000391
     126       0       0       2       0                               0D0000392
     126     476       0       0       0       0       0       000010000D0000393
     126       0       0      69       0                               0D0000394
     126     545       0       0       0       0       0       000010000D0000395
     126       0       0       2       0                               0D0000396
     110     547       0       0       0       0       0       000010000D0000397
     110       0       0       1       0                               0D0000398
     110     548       0       0       0       0       0       000010000D0000399
     110       0       0       1       0                               0D0000400
     110     549       0       0       0       0       0       000010000D0000401
     110       0       0       1       0                               0D0000402
     102     550       0       0       0       0       0       000010000D0000403
     102       0       0       1       0                               0D0000404
     126     551       0       0       0       0       0       000010000D0000405
     126       0       0       4       0                               0D0000406
     126     555       0       0       0       0       0       000010000D0000407
     126       0       0      18       0                               0D0000408
     126     573       0       0       0       0       0       000010000D0000409
     126       0       0       4       0                               0D0000410
     110     577       0       0       0       0       0       000010000D0000411
     110       0       0       1       0                               0D0000412
     100     578       0       0       0       0     415       000010000D0000413
     100       0       0       1       0                               0D0000414
     124     579       0       0       0       0       0       000000000D0000415
     124       0       0       1       0                               0D0000416
     110     580       0       0       0       0       0       000010000D0000417
     110       0       0       1       0                               0D0000418
     144     581       0       0       0       0       0       000020000D0000419
     144       0   -4501       1       0                               0D0000420
     108     582       0       0       0       0       0       000010000D0000421
     108       0       0       1       0                               0D0000422
     142     583       0       0       0       0       0       000010500D0000423
     142       0       0       1       0                               0D0000424
     102     584       0       0       0       0       0       000010000D0000425
     102       0       0       1       0                               0D0000426
     110     585       0       0       0       0       0       000010000D0000427
     110       0       0       1       0                               0D0000428
     110     586       0       0       0       0       0       000010000D0000429
     110       0       0       1       0                               0D0000430
     110     587       0       0       0       0       0       000010000D0000431
     110       0       0       1       0                               0D0000432
     110     588       0       0       0       0       0       000010000D0000433
     110       0       0       1       0                               0D0000434
     144     589       0       0       0       0       0       000020000D0000435
     144       0   -4501       1       0                               0D0000436
     108     590       0       0       0       0       0       000010000D0000437
     108       0       0       2       0                               0D0000438
     142     592       0       0       0       0       0       000010500D0000439
     142       0       0       1       0                               0D0000440
     102     593       0       0       0       0       0       000010000D0000441
     102       0       0       1       0                               0D0000442
     126     594       0       0       0       0       0       000010000D0000443
     126       0       0       4       0                               0D0000444
     110     598       0       0       0       0       0       000010000D0000445
     110       0       0       2       0                               0D0000446
     110     600       0       0       0       0       0       000010000D0000447
     110       0       0       2       0                               0D0000448
     110     602       0       0       0       0       0       000010000D0000449
     110       0       0       2       0                               0D0000450
     126     604       0       0       0       0       0       000010000D0000451
     126       0       0       3       0                               0D0000452
     110     607       0       0       0       0       0       000010000D0000453
     110       0       0       1       0                               0D0000454
     144     608       0       0       0       0       0       000020000D0000455
     144       0   -4501       1       0                               0D0000456
     120     609       0       0       0       0     459       000010000D0000457
     120       0       0       1       0                               0D0000458
     124     610       0       0       0       0       0       000000000D0000459
     124       0       0       1       0                               0D0000460
     110     611       0       0       0       0       0       000010000D0000461
     110       0       0       1       0                               0D0000462
     110     612       0       0       0       0       0       000010000D0000463
     110       0       0       1       0                               0D0000464
     142     613       0       0       0       0       0       000010500D0000465
     142       0       0       1       0                               0D0000466
     102     614       0       0       0       0       0       000010000D0000467
     102       0       0       1       0                               0D0000468
     126     615       0       0       0       0       0       000010000D0000469
     126       0       0       2       0                               0D0000470
     126     617       0       0       0       0       0       000010000D0000471
     126       0       0      69       0                               0D0000472
     126     686       0       0       0       0       0       000010000D0000473
     126       0       0       2       0                               0D0000474
     110     688       0       0       0       0       0       000010000D0000475
     110       0       0       1       0                               0D0000476
     110     689       0       0       0       0       0       000010000D0000477
     110       0       0       1       0                               0D0000478
     110     690       0       0       0       0       0       000010000D0000479
     110       0       0       1       0                               0D0000480
     102     691       0       0       0       0       0       000010000D0000481
     102       0       0       1       0                               0D0000482
     126     692       0       0       0       0       0       000010000D0000483
     126       0       0       3       0                               0D0000484
     126     695       0       0       0       0       0       000010000D0000485
     126       0       0      18       0                               0D0000486
     126     713       0       0       0       0       0       000010000D0000487
     126       0       0       3       0                               0D0000488
     110     716       0       0       0       0       0       000010000D0000489
     110       0       0       1       0                               0D0000490
     100     717       0       0       0       0     493       000010000D0000491
     100       0       0       1       0                               0D0000492
     124     718       0       0       0       0       0       000000000D0000493
     124       0       0       1       0                               0D0000494
     110     719       0       0       0       0       0       000010000D0000495
     110       0       0       1       0                               0D0000496
     144     720       0       0       0       0       0       000020000D0000497
     144       0   -4501       1       0                               0D0000498
     108     721       0       0       0       0       0       000010000D0000499
     108       0       0       1       0                               0D0000500
     142     722       0       0       0       0       0       000010500D0000501
     142       0       0       1       0                               0D0000502
     102     723       0       0       0       0       0       000010000D0000503
     102       0       0       1       0                               0D0000504
     110     724       0       0       0       0       0       000010000D0000505
     110       0       0       1       0                               0D0000506
     110     725       0       0       0       0       0       000010000D0000507
     110       0       0       1       0                               0D0000508
     110     726       0       0       0       0       0       000010000D0000509
     110       0       0       1       0                               0D0000510
     110     727       0       0       0       0       0       000010000D0000511
     110       0       0       1       0                               0D0000512
     144     728       0       0       0       0       0       000020000D0000513
     144       0   -4501       1       0                               0D0000514
     108     729       0       0       0       0       0       000010000D0000515
     108       0       0       2       0                               0D0000516
     142     731       0       0       0       0       0       000010500D0000517
     142       0       0       1       0                               0D0000518
     102     732       0       0       0       0       0       000010000D0000519
     102       0       0       1       0                               0D0000520
     126     733       0       0       0       0       0       000010000D0000521
     126       0       0       3       0                               0D0000522
     110     736       0       0       0       0       0       000010000D0000523
     110       0       0       2       0                               0D0000524
     110     738       0       0       0       0       0       000010000D0000525
     110       0       0       2       0                               0D0000526
     110     740       0       0       0       0       0       000010000D0000527
     110       0       0       2       0                               0D0000528
     126     742       0       0       0       0       0       000010000D0000529
     126       0       0       3       0                               0D0000530
     110     745       0       0       0       0       0       000010000D0000531
     110       0       0       1       0                               0D0000532
     144     746       0       0       0       0       0       000020000D0000533
     144       0   -4501       1       0                               0D0000534
     120     747       0       0       0       0     537       000010000D0000535
     120       0       0       1       0                               0D0000536
     124     748       0       0       0       0       0       000000000D0000537
     124       0       0       1       0                               0D0000538
     110     749       0       0       0       0       0       000010000D0000539
     110       0       0       1       0                               0D0000540
     110     750       0       0       0       0       0       000010000D0000541
     110       0       0       1       0                               0D0000542
     142     751       0       0       0       0       0       000010500D0000543
     142       0       0       1       0                               0D0000544
     102     752       0       0       0       0       0       000010000D0000545
     102       0       0       1       0                               0D0000546
     126     753       0       0       0       0       0       000010000D0000547
     126       0       0       2       0                               0D0000548
     126     755       0       0       0       0       0       000010000D0000549
     126       0       0      69       0                               0D0000550
     126     824       0       0       0       0       0       000010000D0000551
     126       0       0       2       0                               0D0000552
     110     826       0       0       0       0       0       000010000D0000553
     110       0       0       1       0                               0D0000554
     110     827       0       0       0       0       0       000010000D0000555
     110       0       0       1       0                               0D0000556
     110     828       0       0       0       0       0       000010000D0000557
     110       0       0       1       0                               0D0000558
     102     829       0       0       0       0       0       000010000D0000559
     102       0       0       1       0                               0D0000560
     126     830       0       0       0       0       0       000010000D0000561
     126       0       0       4       0                               0D0000562
     126     834       0       0       0       0       0       000010000D0000563
     126       0       0      18       0                               0D0000564
     126     852       0       0       0       0       0       000010000D0000565
     126       0       0       3       0                               0D0000566
     110     855       0       0       0       0       0       000010000D0000567
     110       0       0       1       0                               0D0000568
     100     856       0       0       0       0     571       000010000D0000569
     100       0       0       1       0                               0D0000570
     124     857       0       0       0       0       0       000000000D0000571
     124       0       0       1       0                               0D0000572
     110     858       0       0       0       0       0       000010000D0000573
     110       0       0       1       0                               0D0000574
     144     859       0       0       0       0       0       000020000D0000575
     144       0   -4501       1       0                               0D0000576
     120     860       0       0       0       0     579       000010000D0000577
     120       0       0       1       0                               0D0000578
     124     861       0       0       0       0       0       000000000D0000579
     124       0       0       3       0                               0D0000580
     110     864       0       0       0       0       0       000010000D0000581
     110       0       0       1       0                               0D0000582
     110     865       0       0       0       0       0       000010000D0000583
     110       0       0       1       0                               0D0000584
     142     866       0       0       0       0       0       000010500D0000585
     142       0       0       1       0                               0D0000586
     102     867       0       0       0       0       0       000010000D0000587
     102       0       0       1       0                               0D0000588
     110     868       0       0       0       0       0       000010000D0000589
     110       0       0       1       0                               0D0000590
     110     869       0       0       0       0       0       000010000D0000591
     110       0       0       1       0                               0D0000592
     126     870       0       0       0       0       0       000010000D0000593
     126       0       0      66       0                               0D0000594
     110     936       0       0       0       0       0       000010000D0000595
     110       0       0       1       0                               0D0000596
     102     937       0       0       0       0       0       000010000D0000597
     102       0       0       1       0                               0D0000598
     100     938       0       0       0       0     601       000010000D0000599
     100       0       0       1       0                               0D0000600
     124     939       0       0       0       0       0       000000000D0000601
     124       0       0       3       0                               0D0000602
     110     942       0       0       0       0       0       000010000D0000603
     110       0       0       2       0                               0D0000604
     126     944       0       0       0       0       0       000010000D0000605
     126       0       0      19       0                               0D0000606
     110     963       0       0       0       0       0       000010000D0000607
     110       0       0       2       0                               0D0000608
     144     965       0       0       0       0       0       000020000D0000609
     144       0   -4501       1       0                               0D0000610
     120     966       0       0       0       0     613       000010000D0000611
     120       0       0       1       0                               0D0000612
     124     967       0       0       0       0       0       000000000D0000613
     124       0       0       3       0                               0D0000614
     110     970       0       0       0       0       0       000010000D0000615
     110       0       0       1       0                               0D0000616
     100     971       0       0       0       0     619       000010000D0000617
     100       0       0       1       0                               0D0000618
     124     972       0       0       0       0       0       000000000D0000619
     124       0       0       1       0                               0D0000620
     142     973       0       0       0       0       0       000010500D0000621
     142       0       0       1       0                               0D0000622
     102     974       0       0       0       0       0       000010000D0000623
     102       0       0       1       0                               0D0000624
     110     975       0       0       0       0       0       000010000D0000625
     110       0       0       1       0                               0D0000626
     126     976       0       0       0       0       0       000010000D0000627
     126       0       0      20       0                               0D0000628
     126     996       0       0       0       0       0       000010000D0000629
     126       0       0      20       0                               0D0000630
     102    1016       0       0       0       0       0       000010000D0000631
     102       0       0       1       0                               0D0000632
     100    1017       0       0       0       0     635       000010000D0000633
     100       0       0       1       0                               0D0000634
     124    1018       0       0       0       0       0       000000000D0000635
     124       0       0       3       0                               0D0000636
     100    1021       0       0       0       0     639       000010000D0000637
     100       0       0       1       0                               0D0000638
     124    1022       0       0       0       0       0       000000000D0000639
     124       0       0       2       0                               0D0000640
     100    1024       0       0       0       0     643       000010000D0000641
     100       0       0       1       0                               0D0000642
     124    1025       0       0       0       0       0       000000000D0000643
     124       0       0       2       0                               0D0000644
     144    1027       0       0       0       0       0       000020000D0000645
     144       0   -4501       1       0                               0D0000646
     120    1028       0       0       0       0     649       000010000D0000647
     120       0       0       1       0                               0D0000648
     124    1029       0       0       0       0       0       000000000D0000649
     124       0       0       2       0                               0D0000650
     110    1031       0       0       0       0       0       000010000D0000651
     110       0       0       1       0                               0D0000652
     110    1032       0       0       0       0       0       000010000D0000653
     110       0       0       1       0                               0D0000654
     142    1033       0       0       0       0       0       000010500D0000655
     142       0       0       1       0                               0D0000656
     102    1034       0       0       0       0       0       000010000D0000657
     102       0       0       1       0                               0D0000658
     110    1035       0       0       0       0       0       000010000D0000659
     110       0       0       1       0                               0D0000660
     110    1036       0       0       0       0       0       000010000D0000661
     110       0       0       1       0                               0D0000662
     110    1037       0       0       0       0       0       000010000D0000663
     110       0       0       1       0                               0D0000664
     110    1038       0       0       0       0       0       000010000D0000665
     110       0       0       1       0                               0D0000666
     102    1039       0       0       0       0       0       000010000D0000667
     102       0       0       1       0                               0D0000668
     100    1040       0       0       0       0     671       000010000D0000669
     100       0       0       1       0                               0D0000670
     124    1041       0       0       0       0       0       000000000D0000671
     124       0       0       2       0                               0D0000672
     110    1043       0       0       0       0       0       000010000D0000673
     110       0       0       2       0                               0D0000674
     100    1045       0       0       0       0     677       000010000D0000675
     100       0       0       1       0                               0D0000676
     124    1046       0       0       0       0       0       000000000D0000677
     124       0       0       2       0                               0D0000678
     110    1048       0       0       0       0       0       000010000D0000679
     110       0       0       2       0                               0D0000680
     144    1050       0       0       0       0       0       000020000D0000681
     144       0   -4501       1       0                               0D0000682
     108    1051       0       0       0       0       0       000010000D0000683
     108       0       0       1       0                               0D0000684
     142    1052       0       0       0       0       0       000010500D0000685
     142       0       0       1       0                               0D0000686
     102    1053       0       0       0       0       0       000010000D0000687
     102       0       0       1       0                               0D0000688
     110    1054       0       0       0       0       0       000010000D0000689
     110       0       0       2       0                               0D0000690
     110    1056       0       0       0       0       0       000010000D0000691
     110       0       0       2       0                               0D0000692
     110    1058       0       0       0       0       0       000010000D0000693
     110       0       0       2       0                               0D0000694
     110    1060       0       0       0       0       0       000010000D0000695
     110       0       0       2       0                               0D0000696
     144    1062       0       0       0       0       0       000020000D0000697
     144       0   -4501       1       0                               0D0000698
     120    1063       0       0       0       0     701       000010000D0000699
     120       0       0       1       0                               0D0000700
     124    1064       0       0       0       0       0       000000000D0000701
     124       0       0       2       0                               0D0000702
     110    1066       0       0       0       0       0       000010000D0000703
     110       0       0       1       0                               0D0000704
     110    1067       0       0       0       0       0       000010000D0000705
     110       0       0       1       0                               0D0000706
     142    1068       0       0       0       0       0       000010500D0000707
     142       0       0       1       0                               0D0000708
     102    1069       0       0       0       0       0       000010000D0000709
     102       0       0       1       0                               0D0000710
     110    1070       0       0       0       0       0       000010000D0000711
     110       0       0       1       0                               0D0000712
     110    1071       0       0       0       0       0       000010000D0000713
     110       0       0       1       0                               0D0000714
     110    1072       0       0       0       0       0       000010000D0000715
     110       0       0       1       0                               0D0000716
     110    1073       0       0       0       0       0       000010000D0000717
     110       0       0       1       0                               0D0000718
     102    1074       0       0       0       0       0       000010000D0000719
     102       0       0       1       0                               0D0000720
     100    1075       0       0       0       0     723       000010000D0000721
     100       0       0       1       0                               0D0000722
     124    1076       0       0       0       0       0       000000000D0000723
     124       0       0       2       0                               0D0000724
     110    1078       0       0       0       0       0       000010000D0000725
     110       0       0       2       0                               0D0000726
     100    1080       0       0       0       0     729       000010000D0000727
     100       0       0       1       0                               0D0000728
     124    1081       0       0       0       0       0       000000000D0000729
     124       0       0       2       0                               0D0000730
     110    1083       0       0       0       0       0       000010000D0000731
     110       0       0       2       0                               0D0000732
     144    1085       0       0       0       0       0       000020000D0000733
     144       0   -4501       1       0                               0D0000734
     120    1086       0       0       0       0     737       000010000D0000735
     120       0       0       1       0                               0D0000736
     124    1087       0       0       0       0       0       000000000D0000737
     124       0       0       3       0                               0D0000738
     110    1090       0       0       0       0       0       000010000D0000739
     110       0       0       1       0                               0D0000740
     100    1091       0       0       0       0     743       000010000D0000741
     100       0       0       1       0                               0D0000742
     124    1092       0       0       0       0       0       000000000D0000743
     124       0       0       1       0                               0D0000744
     142    1093       0       0       0       0       0       000010500D0000745
     142       0       0       1       0                               0D0000746
     102    1094       0       0       0       0       0       000010000D0000747
     102       0       0       1       0                               0D0000748
     110    1095       0       0       0       0       0       000010000D0000749
     110       0       0       1       0                               0D0000750
     126    1096       0       0       0       0       0       000010000D0000751
     126       0       0      20       0                               0D0000752
     126    1116       0       0       0       0       0       000010000D0000753
     126       0       0      20       0                               0D0000754
     102    1136       0       0       0       0       0       000010000D0000755
     102       0       0       1       0                               0D0000756
     100    1137       0       0       0       0     759       000010000D0000757
     100       0       0       1       0                               0D0000758
     124    1138       0       0       0       0       0       000000000D0000759
     124       0       0       3       0                               0D0000760
     100    1141       0       0       0       0     763       000010000D0000761
     100       0       0       1       0                               0D0000762
     124    1142       0       0       0       0       0       000000000D0000763
     124       0       0       2       0                               0D0000764
     100    1144       0       0       0       0     767       000010000D0000765
     100       0       0       1       0                               0D0000766
     124    1145       0       0       0       0       0       000000000D0000767
     124       0       0       2       0                               0D0000768
     144    1147       0       0       0       0       0       000020000D0000769
     144       0   -4501       1       0                               0D0000770
     120    1148       0       0       0       0     773       000010000D0000771
     120       0       0       1       0                               0D0000772
     124    1149       0       0       0       0       0       000000000D0000773
     124       0       0       3       0                               0D0000774
     110    1152       0       0       0       0       0       000010000D0000775
     110       0       0       1       0                               0D0000776
     110    1153       0       0       0       0       0       000010000D0000777
     110       0       0       1       0                               0D0000778
     142    1154       0       0       0       0       0       000010500D0000779
     142       0       0       1       0                               0D0000780
     102    1155       0       0       0       0       0       000010000D0000781
     102       0       0       1       0                               0D0000782
     110    1156       0       0       0       0       0       000010000D0000783
     110       0       0       2       0                               0D0000784
     110    1158       0       0       0       0       0       000010000D0000785
     110       0       0       1       0                               0D0000786
     126    1159       0       0       0       0       0       000010000D0000787
     126       0       0      66       0                               0D0000788
     110    1225       0       0       0       0       0       000010000D0000789
     110       0       0       1       0                               0D0000790
     102    1226       0       0       0       0       0       000010000D0000791
     102       0       0       1       0                               0D0000792
     100    1227       0       0       0       0     795       000010000D0000793
     100       0       0       1       0                               0D0000794
     124    1228       0       0       0       0       0       000000000D0000795
     124       0       0       3       0                               0D0000796
     110    1231       0       0       0       0       0       000010000D0000797
     110       0       0       2       0                               0D0000798
     126    1233       0       0       0       0       0       000010000D0000799
     126       0       0      20       0                               0D0000800
     110    1253       0       0       0       0       0       000010000D0000801
     110       0       0       2       0                               0D0000802
     144    1255       0       0       0       0       0       000020000D0000803
     144       0   -4501       1       0                               0D0000804
     120    1256       0       0       0       0     807       000010000D0000805
     120       0       0       1       0                               0D0000806
     124    1257       0       0       0       0       0       000000000D0000807
     124       0       0       2       0                               0D0000808
     110    1259       0       0       0       0       0       000010000D0000809
     110       0       0       1       0                               0D0000810
     100    1260       0       0       0       0     813       000010000D0000811
     100       0       0       1       0                               0D0000812
     124    1261       0       0       0       0       0       000000000D0000813
     124       0       0       1       0                               0D0000814
     142    1262       0       0       0       0       0       000010500D0000815
     142       0       0       1       0                               0D0000816
     102    1263       0       0       0       0       0       000010000D0000817
     102       0       0       1       0                               0D0000818
     110    1264       0       0       0       0       0       000010000D0000819
     110       0       0       1       0                               0D0000820
     126    1265       0       0       0       0       0       000010000D0000821
     126       0       0      20       0                               0D0000822
     126    1285       0       0       0       0       0       000010000D0000823
     126       0       0      20       0                               0D0000824
     102    1305       0       0       0       0       0       000010000D0000825
     102       0       0       1       0                               0D0000826
     100    1306       0       0       0       0     829       000010000D0000827
     100       0       0       1       0                               0D0000828
     124    1307       0       0       0       0       0       000000000D0000829
     124       0       0       1       0                               0D0000830
     100    1308       0       0       0       0     833       000010000D0000831
     100       0       0       1       0                               0D0000832
     124    1309       0       0       0       0       0       000000000D0000833
     124       0       0       2       0                               0D0000834
     100    1311       0       0       0       0     837       000010000D0000835
     100       0       0       1       0                               0D0000836
     124    1312       0       0       0       0       0       000000000D0000837
     124       0       0       3       0                               0D0000838
     144    1315       0       0       0       0       0       000020000D0000839
     144       0   -4501       1       0                               0D0000840
     120    1316       0       0       0       0     843       000010000D0000841
     120       0       0       1       0                               0D0000842
     124    1317       0       0       0       0       0       000000000D0000843
     124       0       0       3       0                               0D0000844
     110    1320       0       0       0       0       0       000010000D0000845
     110       0       0       1       0                               0D0000846
     110    1321       0       0       0       0       0       000010000D0000847
     110       0       0       1       0                               0D0000848
     142    1322       0       0       0       0       0       000010500D0000849
     142       0       0       1       0                               0D0000850
     102    1323       0       0       0       0       0       000010000D0000851
     102       0       0       1       0                               0D0000852
     110    1324       0       0       0       0       0       000010000D0000853
     110       0       0       1       0                               0D0000854
     110    1325       0       0       0       0       0       000010000D0000855
     110       0       0       1       0                               0D0000856
     126    1326       0       0       0       0       0       000010000D0000857
     126       0       0      66       0                               0D0000858
     110    1392       0       0       0       0       0       000010000D0000859
     110       0       0       1       0                               0D0000860
     102    1393       0       0       0       0       0       000010000D0000861
     102       0       0       1       0                               0D0000862
     100    1394       0       0       0       0     865       000010000D0000863
     100       0       0       1       0                               0D0000864
     124    1395       0       0       0       0       0       000000000D0000865
     124       0       0       3       0                               0D0000866
     110    1398       0       0       0       0       0       000010000D0000867
     110       0       0       2       0                               0D0000868
     126    1400       0       0       0       0       0       000010000D0000869
     126       0       0      18       0                               0D0000870
     110    1418       0       0       0       0       0       000010000D0000871
     110       0       0       2       0                               0D0000872
     144    1420       0       0       0       0       0       000020000D0000873
     144       0   -4501       1       0                               0D0000874
     120    1421       0       0       0       0     877       000010000D0000875
     120       0       0       1       0                               0D0000876
     124    1422       0       0       0       0       0       000000000D0000877
     124       0       0       1       0                               0D0000878
     110    1423       0       0       0       0       0       000010000D0000879
     110       0       0       1       0                               0D0000880
     110    1424       0       0       0       0       0       000010000D0000881
     110       0       0       1       0                               0D0000882
     142    1425       0       0       0       0       0       000010500D0000883
     142       0       0       1       0                               0D0000884
     102    1426       0       0       0       0       0       000010000D0000885
     102       0       0       1       0                               0D0000886
     110    1427       0       0       0       0       0       000010000D0000887
     110       0       0       1       0                               0D0000888
     110    1428       0       0       0       0       0       000010000D0000889
     110       0       0       1       0                               0D0000890
     110    1429       0       0       0       0       0       000010000D0000891
     110       0       0       1       0                               0D0000892
     110    1430       0       0       0       0       0       000010000D0000893
     110       0       0       1       0                               0D0000894
     102    1431       0       0       0       0       0       000010000D0000895
     102       0       0       1       0                               0D0000896
     100    1432       0       0       0       0     899       000010000D0000897
     100       0       0       1       0                               0D0000898
     124    1433       0       0       0       0       0       000000000D0000899
     124       0       0       1       0                               0D0000900
     110    1434       0       0       0       0       0       000010000D0000901
     110       0       0       2       0                               0D0000902
     100    1436       0       0       0       0     905       000010000D0000903
     100       0       0       1       0                               0D0000904
     124    1437       0       0       0       0       0       000000000D0000905
     124       0       0       2       0                               0D0000906
     110    1439       0       0       0       0       0       000010000D0000907
     110       0       0       2       0                               0D0000908
     144    1441       0       0       0       0       0       000020000D0000909
     144       0   -4501       1       0                               0D0000910
     120    1442       0       0       0       0     913       000010000D0000911
     120       0       0       1       0                               0D0000912
     124    1443       0       0       0       0       0       000000000D0000913
     124       0       0       2       0                               0D0000914
     110    1445       0       0       0       0       0       000010000D0000915
     110       0       0       1       0                               0D0000916
     100    1446       0       0       0       0     919       000010000D0000917
     100       0       0       1       0                               0D0000918
     124    1447       0       0       0       0       0       000000000D0000919
     124       0       0       1       0                               0D0000920
     142    1448       0       0       0       0       0       000010500D0000921
     142       0       0       1       0                               0D0000922
     102    1449       0       0       0       0       0       000010000D0000923
     102       0       0       1       0                               0D0000924
     110    1450       0       0       0       0       0       000010000D0000925
     110       0       0       1       0                               0D0000926
     126    1451       0       0       0       0       0       000010000D0000927
     126       0       0      20       0                               0D0000928
     126    1471       0       0       0       0       0       000010000D0000929
     126       0       0      20       0                               0D0000930
     102    1491       0       0       0       0       0       000010000D0000931
     102       0       0       1       0                               0D0000932
     100    1492       0       0       0       0     935       000010000D0000933
     100       0       0       1       0                               0D0000934
     124    1493       0       0       0       0       0       000000000D0000935
     124       0       0       2       0                               0D0000936
     100    1495       0       0       0       0     939       000010000D0000937
     100       0       0       1       0                               0D0000938
     124    1496       0       0       0       0       0       000000000D0000939
     124       0       0       3       0                               0D0000940
     100    1499       0       0       0       0     943       000010000D0000941
     100       0       0       1       0                               0D0000942
     124    1500       0       0       0       0       0       000000000D0000943
     124       0       0       1       0                               0D0000944
     144    1501       0       0       0       0       0       000020000D0000945
     144       0   -4501       1       0                               0D0000946
     120    1502       0       0       0       0     949       000010000D0000947
     120       0       0       1       0                               0D0000948
     124    1503       0       0       0       0       0       000000000D0000949
     124       0       0       3       0                               0D0000950
     110    1506       0       0       0       0       0       000010000D0000951
     110       0       0       1       0                               0D0000952
     110    1507       0       0       0       0       0       000010000D0000953
     110       0       0       1       0                               0D0000954
     142    1508       0       0       0       0       0       000010500D0000955
     142       0       0       1       0                               0D0000956
     102    1509       0       0       0       0       0       000010000D0000957
     102       0       0       1       0                               0D0000958
     110    1510       0       0       0       0       0       000010000D0000959
     110       0       0       2       0                               0D0000960
     110    1512       0       0       0       0       0       000010000D0000961
     110       0       0       1       0                               0D0000962
     126    1513       0       0       0       0       0       000010000D0000963
     126       0       0      66       0                               0D0000964
     110    1579       0       0       0       0       0       000010000D0000965
     110       0       0       1       0                               0D0000966
     102    1580       0       0       0       0       0       000010000D0000967
     102       0       0       1       0                               0D0000968
     100    1581       0       0       0       0     971       000010000D0000969
     100       0       0       1       0                               0D0000970
     124    1582       0       0       0       0       0       000000000D0000971
     124       0       0       3       0                               0D0000972
     110    1585       0       0       0       0       0       000010000D0000973
     110       0       0       2       0                               0D0000974
     126    1587       0       0       0       0       0       000010000D0000975
     126       0       0      18       0                               0D0000976
     110    1605       0       0       0       0       0       000010000D0000977
     110       0       0       2       0                               0D0000978
     144    1607       0       0       0       0       0       000020000D0000979
     144       0   -4501       1       0                               0D0000980
     120    1608       0       0       0       0     983       000010000D0000981
     120       0       0       1       0                               0D0000982
     124    1609       0       0       0       0       0       000000000D0000983
     124       0       0       1       0                               0D0000984
     110    1610       0       0       0       0       0       000010000D0000985
     110       0       0       1       0                               0D0000986
     110    1611       0       0       0       0       0       000010000D0000987
     110       0       0       1       0                               0D0000988
     142    1612       0       0       0       0       0       000010500D0000989
     142       0       0       1       0                               0D0000990
     102    1613       0       0       0       0       0       000010000D0000991
     102       0       0       1       0                               0D0000992
     110    1614       0       0       0       0       0       000010000D0000993
     110       0       0       1       0                               0D0000994
     110    1615       0       0       0       0       0       000010000D0000995
     110       0       0       1       0                               0D0000996
     110    1616       0       0       0       0       0       000010000D0000997
     110       0       0       1       0                               0D0000998
     110    1617       0       0       0       0       0       000010000D0000999
     110       0       0       1       0                               0D0001000
     102    1618       0       0       0       0       0       000010000D0001001
     102       0       0       1       0                               0D0001002
     100    1619       0       0       0       0    1005       000010000D0001003
     100       0       0       1       0                               0D0001004
     124    1620       0       0       0       0       0       000000000D0001005
     124       0       0       1       0                               0D0001006
     110    1621       0       0       0       0       0       000010000D0001007
     110       0       0       2       0                               0D0001008
     100    1623       0       0       0       0    1011       000010000D0001009
     100       0       0       1       0                               0D0001010
     124    1624       0       0       0       0       0       000000000D0001011
     124       0       0       2       0                               0D0001012
     110    1626       0       0       0       0       0       000010000D0001013
     110       0       0       2       0                               0D0001014
     144    1628       0       0       0       0       0       000020000D0001015
     144       0   -4501       1       0                               0D0001016
     108    1629       0       0       0       0       0       000010000D0001017
     108       0       0       1       0                               0D0001018
     142    1630       0       0       0       0       0       000010500D0001019
     142       0       0       1       0                               0D0001020
     102    1631       0       0       0       0       0       000010000D0001021
     102       0       0       1       0                               0D0001022
     110    1632       0       0       0       0       0       000010000D0001023
     110       0       0       1       0                               0D0001024
     110    1633       0       0       0       0       0       000010000D0001025
     110       0       0       2       0                               0D0001026
     110    1635       0       0       0       0       0       000010000D0001027
     110       0       0       1       0                               0D0001028
     110    1636       0       0       0       0       0       000010000D0001029
     110       0       0       1       0                               0D0001030
     144    1637       0       0       0       0       0       000020000D0001031
     144       0   -4501       1       0                               0D0001032
     120    1638       0       0       0       0    1035       000010000D0001033
     120       0       0       1       0                               0D0001034
     124    1639       0       0       0       0       0       000000000D0001035
     124       0       0       1       0                               0D0001036
     110    1640       0       0       0       0       0       000010000D0001037
     110       0       0       1       0                               0D0001038
     110    1641       0       0       0       0       0       000010000D0001039
     110       0       0       1       0                               0D0001040
     142    1642       0       0       0       0       0       000010500D0001041
     142       0       0       1       0                               0D0001042
     102    1643       0       0       0       0       0       000010000D0001043
     102       0       0       1       0                               0D0001044
     110    1644       0       0       0       0       0       000010000D0001045
     110       0       0       1       0                               0D0001046
     110    1645       0       0       0       0       0       000010000D0001047
     110       0       0       1       0                               0D0001048
     110    1646       0       0       0       0       0       000010000D0001049
     110       0       0       1       0                               0D0001050
     110    1647       0       0       0       0       0       000010000D0001051
     110       0       0       1       0                               0D0001052
     102    1648       0       0       0       0       0       000010000D0001053
     102       0       0       1       0                               0D0001054
     100    1649       0       0       0       0    1057       000010000D0001055
     100       0       0       1       0                               0D0001056
     124    1650       0       0       0       0       0       000000000D0001057
     124       0       0       1       0                               0D0001058
     110    1651       0       0       0       0       0       000010000D0001059
     110       0       0       2       0                               0D0001060
     100    1653       0       0       0       0    1063       000010000D0001061
     100       0       0       1       0                               0D0001062
     124    1654       0       0       0       0       0       000000000D0001063
     124       0       0       2       0                               0D0001064
     110    1656       0       0       0       0       0       000010000D0001065
     110       0       0       2       0                               0D0001066
     144    1658       0       0       0       0       0       000020000D0001067
     144       0   -4501       1       0                               0D0001068
     120    1659       0       0       0       0    1071       000010000D0001069
     120       0       0       1       0                               0D0001070
     124    1660       0       0       0       0       0       000000000D0001071
     124       0       0       3       0                               0D0001072
     110    1663       0       0       0       0       0       000010000D0001073
     110       0       0       1       0                               0D0001074
     100    1664       0       0       0       0    1077       000010000D0001075
     100       0       0       1       0                               0D0001076
     124    1665       0       0       0       0       0       000000000D0001077
     124       0       0       1       0                               0D0001078
     142    1666       0       0       0       0       0       000010500D0001079
     142       0       0       1       0                               0D0001080
     102    1667       0       0       0       0       0       000010000D0001081
     102       0       0       1       0                               0D0001082
     110    1668       0       0       0       0       0       000010000D0001083
     110       0       0       1       0                               0D0001084
     126    1669       0       0       0       0       0       000010000D0001085
     126       0       0      20       0                               0D0001086
     126    1689       0       0       0       0       0       000010000D0001087
     126       0       0      20       0                               0D0001088
     102    1709       0       0       0       0       0       000010000D0001089
     102       0       0       1       0                               0D0001090
     100    1710       0       0       0       0    1093       000010000D0001091
     100       0       0       1       0                               0D0001092
     124    1711       0       0       0       0       0       000000000D0001093
     124       0       0       3       0                               0D0001094
     100    1714       0       0       0       0    1097       000010000D0001095
     100       0       0       1       0                               0D0001096
     124    1715       0       0       0       0       0       000000000D0001097
     124       0       0       1       0                               0D0001098
     100    1716       0       0       0       0    1101       000010000D0001099
     100       0       0       1       0                               0D0001100
     124    1717       0       0       0       0       0       000000000D0001101
     124       0       0       2       0                               0D0001102
     144    1719       0       0       0       0       0       000020000D0001103
     144       0   -4501       1       0                               0D0001104
     120    1720       0       0       0       0    1107       000010000D0001105
     120       0       0       1       0                               0D0001106
     124    1721       0       0       0       0       0       000000000D0001107
     124       0       0       1       0                               0D0001108
     110    1722       0       0       0       0       0       000010000D0001109
     110       0       0       1       0                               0D0001110
     110    1723       0       0       0       0       0       000010000D0001111
     110       0       0       1       0                               0D0001112
     142    1724       0       0       0       0       0       000010500D0001113
     142       0       0       1       0                               0D0001114
     102    1725       0       0       0       0       0       000010000D0001115
     102       0       0       1       0                               0D0001116
     110    1726       0       0       0       0       0       000010000D0001117
     110       0       0       1       0                               0D0001118
     110    1727       0       0       0       0       0       000010000D0001119
     110       0       0       1       0                               0D0001120
     110    1728       0       0       0       0       0       000010000D0001121
     110       0       0       1       0                               0D0001122
     110    1729       0       0       0       0       0       000010000D0001123
     110       0       0       1       0                               0D0001124
     102    1730       0       0       0       0       0       000010000D0001125
     102       0       0       1       0                               0D0001126
     100    1731       0       0       0       0    1129       000010000D0001127
     100       0       0       1       0                               0D0001128
     124    1732       0       0       0       0       0       000000000D0001129
     124       0       0       1       0                               0D0001130
     110    1733       0       0       0       0       0       000010000D0001131
     110       0       0       2       0                               0D0001132
     100    1735       0       0       0       0    1135       000010000D0001133
     100       0       0       1       0                               0D0001134
     124    1736       0       0       0       0       0       000000000D0001135
     124       0       0       2       0                               0D0001136
     110    1738       0       0       0       0       0       000010000D0001137
     110       0       0       2       0                               0D0001138
     144    1740       0       0       0       0       0       000020000D0001139
     144       0   -4501       1       0                               0D0001140
     120    1741       0       0       0       0    1143       000010000D0001141
     120       0       0       1       0                               0D0001142
     124    1742       0       0       0       0       0       000000000D0001143
     124       0       0       2       0                               0D0001144
     110    1744       0       0       0       0       0       000010000D0001145
     110       0       0       1       0                               0D0001146
     100    1745       0       0       0       0    1149       000010000D0001147
     100       0       0       2       0                               0D0001148
     124    1747       0       0       0       0       0       000000000D0001149
     124       0       0       1       0                               0D0001150
     142    1748       0       0       0       0       0       000010500D0001151
     142       0       0       1       0                               0D0001152
     102    1749       0       0       0       0       0       000010000D0001153
     102       0       0       1       0                               0D0001154
     110    1750       0       0       0       0       0       000010000D0001155
     110       0       0       1       0                               0D0001156
     126    1751       0       0       0       0       0       000010000D0001157
     126       0       0      20       0                               0D0001158
     126    1771       0       0       0       0       0       000010000D0001159
     126       0       0      20       0                               0D0001160
     102    1791       0       0       0       0       0       000010000D0001161
     102       0       0       1       0                               0D0001162
     100    1792       0       0       0       0    1165       000010000D0001163
     100       0       0       1       0                               0D0001164
     124    1793       0       0       0       0       0       000000000D0001165
     124       0       0       1       0                               0D0001166
     100    1794       0       0       0       0    1169       000010000D0001167
     100       0       0       1       0                               0D0001168
     124    1795       0       0       0       0       0       000000000D0001169
     124       0       0       2       0                               0D0001170
     100    1797       0       0       0       0    1173       000010000D0001171
     100       0       0       1       0                               0D0001172
     124    1798       0       0       0       0       0       000000000D0001173
     124       0       0       3       0                               0D0001174
     144    1801       0       0       0       0       0       000020000D0001175
     144       0   -4501       1       0                               0D0001176
     120    1802       0       0       0       0    1179       000010000D0001177
     120       0       0       1       0                               0D0001178
     124    1803       0       0       0       0       0       000000000D0001179
     124       0       0       3       0                               0D0001180
     110    1806       0       0       0       0       0       000010000D0001181
     110       0       0       1       0                               0D0001182
     110    1807       0       0       0       0       0       000010000D0001183
     110       0       0       1       0                               0D0001184
     142    1808       0       0       0       0       0       000010500D0001185
     142       0       0       1       0                               0D0001186
     102    1809       0       0       0       0       0       000010000D0001187
     102       0       0       1       0                               0D0001188
     110    1810       0       0       0       0       0       000010000D0001189
     110       0       0       2       0                               0D0001190
     110    1812       0       0       0       0       0       000010000D0001191
     110       0       0       1       0                               0D0001192
     110    1813       0       0       0       0       0       000010000D0001193
     110       0       0       1       0                               0D0001194
     110    1814       0       0       0       0       0       000010000D0001195
     110       0       0       1       0                               0D0001196
     102    1815       0       0       0       0       0       000010000D0001197
     102       0       0       1       0                               0D0001198
     100    1816       0       0       0       0    1201       000010000D0001199
     100       0       0       1       0                               0D0001200
     124    1817       0       0       0       0       0       000000000D0001201
     124       0       0       3       0                               0D0001202
     110    1820       0       0       0       0       0       000010000D0001203
     110       0       0       2       0                               0D0001204
     100    1822       0       0       0       0    1207       000010000D0001205
     100       0       0       1       0                               0D0001206
     124    1823       0       0       0       0       0       000000000D0001207
     124       0       0       3       0                               0D0001208
     110    1826       0       0       0       0       0       000010000D0001209
     110       0       0       2       0                               0D0001210
     144    1828       0       0       0       0       0       000020000D0001211
     144       0   -4501       1       0                               0D0001212
     108    1829       0       0       0       0       0       000010000D0001213
     108       0       0       1       0                               0D0001214
     142    1830       0       0       0       0       0       000010500D0001215
     142       0       0       1       0                               0D0001216
     102    1831       0       0       0       0       0       000010000D0001217
     102       0       0       1       0                               0D0001218
     110    1832       0       0       0       0       0       000010000D0001219
     110       0       0       1       0                               0D0001220
     110    1833       0       0       0       0       0       000010000D0001221
     110       0       0       2       0                               0D0001222
     110    1835       0       0       0       0       0       000010000D0001223
     110       0       0       2       0                               0D0001224
     110    1837       0       0       0       0       0       000010000D0001225
     110       0       0       1       0                               0D0001226
     110    1838       0       0       0       0       0       000010000D0001227
     110       0       0       1       0                               0D0001228
     144    1839       0       0       0       0       0       000020000D0001229
     144       0   -4501       1       0                               0D0001230
     120    1840       0       0       0       0    1233       000010000D0001231
     120       0       0       1       0                               0D0001232
     124    1841       0       0       0       0       0       000000000D0001233
     124       0       0       3       0                               0D0001234
     110    1844       0       0       0       0       0       000010000D0001235
     110       0       0       1       0                               0D0001236
     110    1845       0       0       0       0       0       000010000D0001237
     110       0       0       1       0                               0D0001238
     142    1846       0       0       0       0       0       000010500D0001239
     142       0       0       1       0                               0D0001240
     102    1847       0       0       0       0       0       000010000D0001241
     102       0       0       1       0                               0D0001242
     110    1848       0       0       0       0       0       000010000D0001243
     110       0       0       1       0                               0D0001244
     110    1849       0       0       0       0       0       000010000D0001245
     110       0       0       2       0                               0D0001246
     110    1851       0       0       0       0       0       000010000D0001247
     110       0       0       1       0                               0D0001248
     126    1852       0       0       0       0       0       000010000D0001249
     126       0       0      35       0                               0D0001250
     102    1887       0       0       0       0       0       000010000D0001251
     102       0       0       1       0                               0D0001252
     110    1888       0       0       0       0       0       000010000D0001253
     110       0       0       1       0                               0D0001254
     100    1889       0       0       0       0    1257       000010000D0001255
     100       0       0       1       0                               0D0001256
     124    1890       0       0       0       0       0       000000000D0001257
     124       0       0       3       0                               0D0001258
     110    1893       0       0       0       0       0       000010000D0001259
     110       0       0       1       0                               0D0001260
     126    1894       0       0       0       0       0       000010000D0001261
     126       0       0       6       0                               0D0001262
     144    1900       0       0       0       0       0       000020000D0001263
     144       0   -4501       1       0                               0D0001264
     120    1901       0       0       0       0    1267       000010000D0001265
     120       0       0       1       0                               0D0001266
     124    1902       0       0       0       0       0       000000000D0001267
     124       0       0       3       0                               0D0001268
     110    1905       0       0       0       0       0       000010000D0001269
     110       0       0       1       0                               0D0001270
     110    1906       0       0       0       0       0       000010000D0001271
     110       0       0       1       0                               0D0001272
     142    1907       0       0       0       0       0       000010500D0001273
     142       0       0       1       0                               0D0001274
     102    1908       0       0       0       0       0       000010000D0001275
     102       0       0       1       0                               0D0001276
     110    1909       0       0       0       0       0       000010000D0001277
     110       0       0       1       0                               0D0001278
     110    1910       0       0       0       0       0       000010000D0001279
     110       0       0       1       0                               0D0001280
     110    1911       0       0       0       0       0       000010000D0001281
     110       0       0       1       0                               0D0001282
     126    1912       0       0       0       0       0       000010000D0001283
     126       0       0      35       0                               0D0001284
     102    1947       0       0       0       0       0       000010000D0001285
     102       0       0       1       0                               0D0001286
     110    1948       0       0       0       0       0       000010000D0001287
     110       0       0       1       0                               0D0001288
     100    1949       0       0       0       0    1291       000010000D0001289
     100       0       0       1       0                               0D0001290
     124    1950       0       0       0       0       0       000000000D0001291
     124       0       0       3       0                               0D0001292
     110    1953       0       0       0       0       0       000010000D0001293
     110       0       0       1       0                               0D0001294
     126    1954       0       0       0       0       0       000010000D0001295
     126       0       0       6       0                               0D0001296
     144    1960       0       0       0       0       0       000020000D0001297
     144       0   -4501       1       0                               0D0001298
     120    1961       0       0       0       0    1301       000010000D0001299
     120       0       0       1       0                               0D0001300
     124    1962       0       0       0       0       0       000000000D0001301
     124       0       0       2       0                               0D0001302
     110    1964       0       0       0       0       0       000010000D0001303
     110       0       0       1       0                               0D0001304
     100    1965       0       0       0       0    1307       000010000D0001305
     100       0       0       2       0                               0D0001306
     124    1967       0       0       0       0       0       000000000D0001307
     124       0       0       1       0                               0D0001308
     142    1968       0       0       0       0       0       000010500D0001309
     142       0       0       1       0                               0D0001310
     102    1969       0       0       0       0       0       000010000D0001311
     102       0       0       1       0                               0D0001312
     110    1970       0       0       0       0       0       000010000D0001313
     110       0       0       1       0                               0D0001314
     126    1971       0       0       0       0       0       000010000D0001315
     126       0       0      20       0                               0D0001316
     126    1991       0       0       0       0       0       000010000D0001317
     126       0       0      20       0                               0D0001318
     102    2011       0       0       0       0       0       000010000D0001319
     102       0       0       1       0                               0D0001320
     100    2012       0       0       0       0    1323       000010000D0001321
     100       0       0       1       0                               0D0001322
     124    2013       0       0       0       0       0       000000000D0001323
     124       0       0       2       0                               0D0001324
     100    2015       0       0       0       0    1327       000010000D0001325
     100       0       0       1       0                               0D0001326
     124    2016       0       0       0       0       0       000000000D0001327
     124       0       0       3       0                               0D0001328
     100    2019       0       0       0       0    1331       000010000D0001329
     100       0       0       1       0                               0D0001330
     124    2020       0       0       0       0       0       000000000D0001331
     124       0       0       3       0                               0D0001332
     144    2023       0       0       0       0       0       000020000D0001333
     144       0   -4501       1       0                               0D0001334
     120    2024       0       0       0       0    1337       000010000D0001335
     120       0       0       1       0                               0D0001336
     124    2025       0       0       0       0       0       000000000D0001337
     124       0       0       2       0                               0D0001338
     110    2027       0       0       0       0       0       000010000D0001339
     110       0       0       1       0                               0D0001340
     110    2028       0       0       0       0       0       000010000D0001341
     110       0       0       1       0                               0D0001342
     142    2029       0       0       0       0       0       000010500D0001343
     142       0       0       1       0                               0D0001344
     102    2030       0       0       0       0       0       000010000D0001345
     102       0       0       1       0                               0D0001346
     110    2031       0       0       0       0       0       000010000D0001347
     110       0       0       1       0                               0D0001348
     110    2032       0       0       0       0       0       000010000D0001349
     110       0       0       1       0                               0D0001350
     110    2033       0       0       0       0       0       000010000D0001351
     110       0       0       1       0                               0D0001352
     110    2034       0       0       0       0       0       000010000D0001353
     110       0       0       1       0                               0D0001354
     102    2035       0       0       0       0       0       000010000D0001355
     102       0       0       1       0                               0D0001356
     100    2036       0       0       0       0    1359       000010000D0001357
     100       0       0       1       0                               0D0001358
     124    2037       0       0       0       0       0       000000000D0001359
     124       0       0       2       0                               0D0001360
     110    2039       0       0       0       0       0       000010000D0001361
     110       0       0       2       0                               0D0001362
     100    2041       0       0       0       0    1365       000010000D0001363
     100       0       0       1       0                               0D0001364
     124    2042       0       0       0       0       0       000000000D0001365
     124       0       0       2       0                               0D0001366
     110    2044       0       0       0       0       0       000010000D0001367
     110       0       0       2       0                               0D0001368
     144    2046       0       0       0       0       0       000020000D0001369
     144       0   -4501       1       0                               0D0001370
     108    2047       0       0       0       0       0       000010000D0001371
     108       0       0       1       0                               0D0001372
     142    2048       0       0       0       0       0       000010500D0001373
     142       0       0       1       0                               0D0001374
     102    2049       0       0       0       0       0       000010000D0001375
     102       0       0       1       0                               0D0001376
     110    2050       0       0       0       0       0       000010000D0001377
     110       0       0       1       0                               0D0001378
     110    2051       0       0       0       0       0       000010000D0001379
     110       0       0       2       0                               0D0001380
     110    2053       0       0       0       0       0       000010000D0001381
     110       0       0       1       0                               0D0001382
     110    2054       0       0       0       0       0       000010000D0001383
     110       0       0       1       0                               0D0001384
     144    2055       0       0       0       0       0       000020000D0001385
     144       0   -4501       1       0                               0D0001386
     120    2056       0       0       0       0    1389       000010000D0001387
     120       0       0       1       0                               0D0001388
     124    2057       0       0       0       0       0       000000000D0001389
     124       0       0       3       0                               0D0001390
     110    2060       0       0       0       0       0       000010000D0001391
     110       0       0       1       0                               0D0001392
     110    2061       0       0       0       0       0       000010000D0001393
     110       0       0       1       0                               0D0001394
     142    2062       0       0       0       0       0       000010500D0001395
     142       0       0       1       0                               0D0001396
     102    2063       0       0       0       0       0       000010000D0001397
     102       0       0       1       0                               0D0001398
     110    2064       0       0       0       0       0       000010000D0001399
     110       0       0       1       0                               0D0001400
     110    2065       0       0       0       0       0       000010000D0001401
     110       0       0       1       0                               0D0001402
     110    2066       0       0       0       0       0       000010000D0001403
     110       0       0       1       0                               0D0001404
     126    2067       0       0       0       0       0       000010000D0001405
     126       0       0      35       0                               0D0001406
     102    2102       0       0       0       0       0       000010000D0001407
     102       0       0       1       0                               0D0001408
     110    2103       0       0       0       0       0       000010000D0001409
     110       0       0       1       0                               0D0001410
     100    2104       0       0       0       0    1413       000010000D0001411
     100       0       0       1       0                               0D0001412
     124    2105       0       0       0       0       0       000000000D0001413
     124       0       0       3       0                               0D0001414
     110    2108       0       0       0       0       0       000010000D0001415
     110       0       0       1       0                               0D0001416
     126    2109       0       0       0       0       0       000010000D0001417
     126       0       0       6       0                               0D0001418
     144    2115       0       0       0       0       0       000020000D0001419
     144       0   -4501       1       0                               0D0001420
     120    2116       0       0       0       0    1423       000010000D0001421
     120       0       0       1       0                               0D0001422
     124    2117       0       0       0       0       0       000000000D0001423
     124       0       0       2       0                               0D0001424
     110    2119       0       0       0       0       0       000010000D0001425
     110       0       0       1       0                               0D0001426
     100    2120       0       0       0       0    1429       000010000D0001427
     100       0       0       2       0                               0D0001428
     124    2122       0       0       0       0       0       000000000D0001429
     124       0       0       1       0                               0D0001430
     142    2123       0       0       0       0       0       000010500D0001431
     142       0       0       1       0                               0D0001432
     102    2124       0       0       0       0       0       000010000D0001433
     102       0       0       1       0                               0D0001434
     110    2125       0       0       0       0       0       000010000D0001435
     110       0       0       1       0                               0D0001436
     126    2126       0       0       0       0       0       000010000D0001437
     126       0       0      20       0                               0D0001438
     126    2146       0       0       0       0       0       000010000D0001439
     126       0       0      20       0                               0D0001440
     102    2166       0       0       0       0       0       000010000D0001441
     102       0       0       1       0                               0D0001442
     100    2167       0       0       0       0    1445       000010000D0001443
     100       0       0       1       0                               0D0001444
     124    2168       0       0       0       0       0       000000000D0001445
     124       0       0       2       0                               0D0001446
     100    2170       0       0       0       0    1449       000010000D0001447
     100       0       0       1       0                               0D0001448
     124    2171       0       0       0       0       0       000000000D0001449
     124       0       0       3       0                               0D0001450
     100    2174       0       0       0       0    1453       000010000D0001451
     100       0       0       1       0                               0D0001452
     124    2175       0       0       0       0       0       000000000D0001453
     124       0       0       3       0                               0D0001454
     144    2178       0       0       0       0       0       000020000D0001455
     144       0   -4501       1       0                               0D0001456
     120    2179       0       0       0       0    1459       000010000D0001457
     120       0       0       1       0                               0D0001458
     124    2180       0       0       0       0       0       000000000D0001459
     124       0       0       3       0                               0D0001460
     110    2183       0       0       0       0       0       000010000D0001461
     110       0       0       1       0                               0D0001462
     110    2184       0       0       0       0       0       000010000D0001463
     110       0       0       1       0                               0D0001464
     142    2185       0       0       0       0       0       000010500D0001465
     142       0       0       1       0                               0D0001466
     102    2186       0       0       0       0       0       000010000D0001467
     102       0       0       1       0                               0D0001468
     110    2187       0       0       0       0       0       000010000D0001469
     110       0       0       2       0                               0D0001470
     110    2189       0       0       0       0       0       000010000D0001471
     110       0       0       1       0                               0D0001472
     110    2190       0       0       0       0       0       000010000D0001473
     110       0       0       1       0                               0D0001474
     110    2191       0       0       0       0       0       000010000D0001475
     110       0       0       1       0                               0D0001476
     102    2192       0       0       0       0       0       000010000D0001477
     102       0       0       1       0                               0D0001478
     100    2193       0       0       0       0    1481       000010000D0001479
     100       0       0       1       0                               0D0001480
     124    2194       0       0       0       0       0       000000000D0001481
     124       0       0       3       0                               0D0001482
     110    2197       0       0       0       0       0       000010000D0001483
     110       0       0       2       0                               0D0001484
     100    2199       0       0       0       0    1487       000010000D0001485
     100       0       0       1       0                               0D0001486
     124    2200       0       0       0       0       0       000000000D0001487
     124       0       0       3       0                               0D0001488
     110    2203       0       0       0       0       0       000010000D0001489
     110       0       0       2       0                               0D0001490
     144    2205       0       0       0       0       0       000020000D0001491
     144       0   -4501       1       0                               0D0001492
     108    2206       0       0       0       0       0       000010000D0001493
     108       0       0       1       0                               0D0001494
     142    2207       0       0       0       0       0       000010500D0001495
     142       0       0       1       0                               0D0001496
     102    2208       0       0       0       0       0       000010000D0001497
     102       0       0       1       0                               0D0001498
     110    2209       0       0       0       0       0       000010000D0001499
     110       0       0       1       0                               0D0001500
     110    2210       0       0       0       0       0       000010000D0001501
     110       0       0       2       0                               0D0001502
     110    2212       0       0       0       0       0       000010000D0001503
     110       0       0       2       0                               0D0001504
     110    2214       0       0       0       0       0       000010000D0001505
     110       0       0       1       0                               0D0001506
     110    2215       0       0       0       0       0       000010000D0001507
     110       0       0       1       0                               0D0001508
     144    2216       0       0       0       0       0       000020000D0001509
     144       0   -4501       1       0                               0D0001510
     108    2217       0       0       0       0       0       000010000D0001511
     108       0       0       2       0                               0D0001512
     142    2219       0       0       0       0       0       000010500D0001513
     142       0       0       1       0                               0D0001514
     102    2220       0       0       0       0       0       000010000D0001515
     102       0       0       1       0                               0D0001516
     110    2221       0       0       0       0       0       000010000D0001517
     110       0       0       2       0                               0D0001518
     110    2223       0       0       0       0       0       000010000D0001519
     110       0       0       2       0                               0D0001520
     110    2225       0       0       0       0       0       000010000D0001521
     110       0       0       2       0                               0D0001522
     110    2227       0       0       0       0       0       000010000D0001523
     110       0       0       2       0                               0D0001524
     144    2229       0       0       0       0       0       000020000D0001525
     144       0   -4501       1       0                               0D0001526
     120    2230       0       0       0       0    1529       000010000D0001527
     120       0       0       1       0                               0D0001528
     124    2231       0       0       0       0       0       000000000D0001529
     124       0       0       1       1                               0D0001530
     110    2232       0       0       0       0       0       000010000D0001531
     110       0       0       1       0                               0D0001532
     110    2233       0       0       0       0       0       000010000D0001533
     110       0       0       1       0                               0D0001534
     142    2234       0       0       0       0       0       000010500D0001535
     142       0       0       1       0                               0D0001536
     102    2235       0       0       0       0       0       000010000D0001537
     102       0       0       1       0                               0D0001538
     110    2236       0       0       0       0       0       000010000D0001539
     110       0       0       1       0                               0D0001540
     110    2237       0       0       0       0       0       000010000D0001541
     110       0       0       1       0                               0D0001542
     110    2238       0       0       0       0       0       000010000D0001543
     110       0       0       1       0                               0D0001544
     110    2239       0       0       0       0       0       000010000D0001545
     110       0       0       2       0                               0D0001546
     102    2241       0       0       0       0       0       000010000D0001547
     102       0       0       1       0                               0D0001548
     110    2242       0       0       0       0       0       000010000D0001549
     110       0       0       1       0                               0D0001550
     100    2243       0       0       0       0    1553       000010000D0001551
     100       0       0       1       0                               0D0001552
     124    2244       0       0       0       0       0       000000000D0001553
     124       0       0       1       0                               0D0001554
     110    2245       0       0       0       0       0       000010000D0001555
     110       0       0       1       0                               0D0001556
     100    2246       0       0       0       0    1559       000010000D0001557
     100       0       0       1       0                               0D0001558
     124    2247       0       0       0       0       0       000000000D0001559
     124       0       0       1       0                               0D0001560
     144    2248       0       0       0       0       0       000020000D0001561
     144       0   -4501       1       0                               0D0001562
     120    2249       0       0       0       0    1565       000010000D0001563
     120       0       0       1       0                               0D0001564
     124    2250       0       0       0       0       0       000000000D0001565
     124       0       0       1       1                               0D0001566
     110    2251       0       0       0       0       0       000010000D0001567
     110       0       0       1       0                               0D0001568
     110    2252       0       0       0       0       0       000010000D0001569
     110       0       0       1       0                               0D0001570
     142    2253       0       0       0       0       0       000010500D0001571
     142       0       0       1       0                               0D0001572
     102    2254       0       0       0       0       0       000010000D0001573
     102       0       0       1       0                               0D0001574
     110    2255       0       0       0       0       0       000010000D0001575
     110       0       0       1       0                               0D0001576
     110    2256       0       0       0       0       0       000010000D0001577
     110       0       0       1       0                               0D0001578
     110    2257       0       0       0       0       0       000010000D0001579
     110       0       0       1       0                               0D0001580
     110    2258       0       0       0       0       0       000010000D0001581
     110       0       0       2       0                               0D0001582
     102    2260       0       0       0       0       0       000010000D0001583
     102       0       0       1       0                               0D0001584
     110    2261       0       0       0       0       0       000010000D0001585
     110       0       0       1       0                               0D0001586
     100    2262       0       0       0       0    1589       000010000D0001587
     100       0       0       1       0                               0D0001588
     124    2263       0       0       0       0       0       000000000D0001589
     124       0       0       1       0                               0D0001590
     110    2264       0       0       0       0       0       000010000D0001591
     110       0       0       1       0                               0D0001592
     100    2265       0       0       0       0    1595       000010000D0001593
     100       0       0       1       0                               0D0001594
     124    2266       0       0       0       0       0       000000000D0001595
     124       0       0       1       0                               0D0001596
     144    2267       0       0       0       0       0       000020000D0001597
     144       0   -4501       1       0                               0D0001598
     120    2268       0       0       0       0    1601       000010000D0001599
     120       0       0       1       0                               0D0001600
     124    2269       0       0       0       0       0       000000000D0001601
     124       0       0       1       1                               0D0001602
     110    2270       0       0       0       0       0       000010000D0001603
     110       0       0       1       0                               0D0001604
     100    2271       0       0       0       0    1607       000010000D0001605
     100       0       0       1       0                               0D0001606
     124    2272       0       0       0       0       0       000000000D0001607
     124       0       0       1       0                               0D0001608
     142    2273       0       0       0       0       0       000010500D0001609
     142       0       0       1       0                               0D0001610
     102    2274       0       0       0       0       0       000010000D0001611
     102       0       0       1       0                               0D0001612
     126    2275       0       0       0       0       0       000010000D0001613
     126       0       0      20       0                               0D0001614
     126    2295       0       0       0       0       0       000010000D0001615
     126       0       0      21       0                               0D0001616
     110    2316       0       0       0       0       0       000010000D0001617
     110       0       0       1       0                               0D0001618
     102    2317       0       0       0       0       0       000010000D0001619
     102       0       0       1       0                               0D0001620
     100    2318       0       0       0       0    1623       000010000D0001621
     100       0       0       1       0                               0D0001622
     124    2319       0       0       0       0       0       000000000D0001623
     124       0       0       1       0                               0D0001624
     100    2320       0       0       0       0    1627       000010000D0001625
     100       0       0       1       0                               0D0001626
     124    2321       0       0       0       0       0       000000000D0001627
     124       0       0       2       0                               0D0001628
     100    2323       0       0       0       0    1631       000010000D0001629
     100       0       0       1       0                               0D0001630
     124    2324       0       0       0       0       0       000000000D0001631
     124       0       0       2       0                               0D0001632
     144    2326       0       0       0       0       0       000020000D0001633
     144       0   -4501       1       0                               0D0001634
     120    2327       0       0       0       0    1637       000010000D0001635
     120       0       0       1       0                               0D0001636
     124    2328       0       0       0       0       0       000000000D0001637
     124       0       0       1       1                               0D0001638
     110    2329       0       0       0       0       0       000010000D0001639
     110       0       0       1       0                               0D0001640
     100    2330       0       0       0       0    1643       000010000D0001641
     100       0       0       1       0                               0D0001642
     124    2331       0       0       0       0       0       000000000D0001643
     124       0       0       1       0                               0D0001644
     142    2332       0       0       0       0       0       000010500D0001645
     142       0       0       1       0                               0D0001646
     102    2333       0       0       0       0       0       000010000D0001647
     102       0       0       1       0                               0D0001648
     126    2334       0       0       0       0       0       000010000D0001649
     126       0       0      21       0                               0D0001650
     110    2355       0       0       0       0       0       000010000D0001651
     110       0       0       1       0                               0D0001652
     110    2356       0       0       0       0       0       000010000D0001653
     110       0       0       2       0                               0D0001654
     102    2358       0       0       0       0       0       000010000D0001655
     102       0       0       1       0                               0D0001656
     100    2359       0       0       0       0    1659       000010000D0001657
     100       0       0       1       0                               0D0001658
     124    2360       0       0       0       0       0       000000000D0001659
     124       0       0       2       0                               0D0001660
     100    2362       0       0       0       0    1663       000010000D0001661
     100       0       0       1       0                               0D0001662
     124    2363       0       0       0       0       0       000000000D0001663
     124       0       0       1       0                               0D0001664
     100    2364       0       0       0       0    1667       000010000D0001665
     100       0       0       1       0                               0D0001666
     124    2365       0       0       0       0       0       000000000D0001667
     124       0       0       2       0                               0D0001668
     402    2367       0       0       0       0       0       000020000D0001669
     402       0       0       2       1                LEAD-DWV        D0001670
     144    2369       0       0       0       0       0       000020000D0001671
     144       0       8       1       0                               0D0001672
     108    2370       0       0       0       0       0       000010000D0001673
     108       0       0       1       0                               0D0001674
     142    2371       0       0       0       0       0       000010500D0001675
     142       0       0       1       0                               0D0001676
     102    2372       0       0       0       0       0       000010000D0001677
     102       0       0       2       0                               0D0001678
     100    2374       0       0       0       0    1681       000010000D0001679
     100       0       0       1       0                               0D0001680
     124    2375       0       0       0       0       0       000000000D0001681
     124       0       0       2       0                               0D0001682
     110    2377       0       0       0       0       0       000010000D0001683
     110       0       0       1       0                               0D0001684
     110    2378       0       0       0       0       0       000010000D0001685
     110       0       0       1       0                               0D0001686
     110    2379       0       0       0       0       0       000010000D0001687
     110       0       0       1       0                               0D0001688
     100    2380       0       0       0       0    1691       000010000D0001689
     100       0       0       1       0                               0D0001690
     124    2381       0       0       0       0       0       000000000D0001691
     124       0       0       2       0                               0D0001692
     110    2383       0       0       0       0       0       000010000D0001693
     110       0       0       1       0                               0D0001694
     100    2384       0       0       0       0    1697       000010000D0001695
     100       0       0       1       0                               0D0001696
     124    2385       0       0       0       0       0       000000000D0001697
     124       0       0       2       0                               0D0001698
     110    2387       0       0       0       0       0       000010000D0001699
     110       0       0       1       0                               0D0001700
     110    2388       0       0       0       0       0       000010000D0001701
     110       0       0       1       0                               0D0001702
     110    2389       0       0       0       0       0       000010000D0001703
     110       0       0       1       0                               0D0001704
     100    2390       0       0       0       0    1707       000010000D0001705
     100       0       0       1       0                               0D0001706
     124    2391       0       0       0       0       0       000000000D0001707
     124       0       0       1       0                               0D0001708
     110    2392       0       0       0       0       0       000010000D0001709
     110       0       0       1       0                               0D0001710
     144    2393       0       0       0       0       0       000020000D0001711
     144       0       8       1       0                               0D0001712
     108    2394       0       0       0       0       0       000010000D0001713
     108       0       0       2       0                               0D0001714
     142    2396       0       0       0       0       0       000010500D0001715
     142       0       0       1       0                               0D0001716
     102    2397       0       0       0       0       0       000010000D0001717
     102       0       0       1       0                               0D0001718
     110    2398       0       0       0       0       0       000010000D0001719
     110       0       0       1       0                               0D0001720
     110    2399       0       0       0       0       0       000010000D0001721
     110       0       0       1       0                               0D0001722
     110    2400       0       0       0       0       0       000010000D0001723
     110       0       0       1       0                               0D0001724
     110    2401       0       0       0       0       0       000010000D0001725
     110       0       0       1       0                               0D0001726
     144    2402       0       0       0       0       0       000020000D0001727
     144       0       8       1       0                               0D0001728
     108    2403       0       0       0       0       0       000010000D0001729
     108       0       0       1       0                               0D0001730
     142    2404       0       0       0       0       0       000010500D0001731
     142       0       0       1       0                               0D0001732
     102    2405       0       0       0       0       0       000010000D0001733
     102       0       0       2       0                               0D0001734
     100    2407       0       0       0       0    1737       000010000D0001735
     100       0       0       1       0                               0D0001736
     124    2408       0       0       0       0       0       000000000D0001737
     124       0       0       2       0                               0D0001738
     110    2410       0       0       0       0       0       000010000D0001739
     110       0       0       1       0                               0D0001740
     110    2411       0       0       0       0       0       000010000D0001741
     110       0       0       1       0                               0D0001742
     110    2412       0       0       0       0       0       000010000D0001743
     110       0       0       1       0                               0D0001744
     100    2413       0       0       0       0    1747       000010000D0001745
     100       0       0       1       0                               0D0001746
     124    2414       0       0       0       0       0       000000000D0001747
     124       0       0       2       0                               0D0001748
     110    2416       0       0       0       0       0       000010000D0001749
     110       0       0       1       0                               0D0001750
     100    2417       0       0       0       0    1753       000010000D0001751
     100       0       0       1       0                               0D0001752
     124    2418       0       0       0       0       0       000000000D0001753
     124       0       0       1       0                               0D0001754
     110    2419       0       0       0       0       0       000010000D0001755
     110       0       0       1       0                               0D0001756
     110    2420       0       0       0       0       0       000010000D0001757
     110       0       0       1       0                               0D0001758
     110    2421       0       0       0       0       0       000010000D0001759
     110       0       0       1       0                               0D0001760
     100    2422       0       0       0       0    1763       000010000D0001761
     100       0       0       1       0                               0D0001762
     124    2423       0       0       0       0       0       000000000D0001763
     124       0       0       2       0                               0D0001764
     110    2425       0       0       0       0       0       000010000D0001765
     110       0       0       1       0                               0D0001766
     144    2426       0       0       0       0       0       000020000D0001767
     144       0       8       1       0                               0D0001768
     108    2427       0       0       0       0       0       000010000D0001769
     108       0       0       2       0                               0D0001770
     142    2429       0       0       0       0       0       000010500D0001771
     142       0       0       1       0                               0D0001772
     102    2430       0       0       0       0       0       000010000D0001773
     102       0       0       1       0                               0D0001774
     110    2431       0       0       0       0       0       000010000D0001775
     110       0       0       1       0                               0D0001776
     110    2432       0       0       0       0       0       000010000D0001777
     110       0       0       1       0                               0D0001778
     110    2433       0       0       0       0       0       000010000D0001779
     110       0       0       1       0                               0D0001780
     110    2434       0       0       0       0       0       000010000D0001781
     110       0       0       1       0                               0D0001782
     144    2435       0       0       0       0       0       000020000D0001783
     144       0       8       1       0                               0D0001784
     120    2436       0       0       0       0    1787       000010000D0001785
     120       0       0       1       0                               0D0001786
     124    2437       0       0       0       0       0       000000000D0001787
     124       0       0       2       0                               0D0001788
     110    2439       0       0       0       0       0       000010000D0001789
     110       0       0       1       0                               0D0001790
     110    2440       0       0       0       0       0       000010000D0001791
     110       0       0       1       0                               0D0001792
     142    2441       0       0       0       0       0       000010500D0001793
     142       0       0       1       0                               0D0001794
     102    2442       0       0       0       0       0       000010000D0001795
     102       0       0       1       0                               0D0001796
     110    2443       0       0       0       0       0       000010000D0001797
     110       0       0       1       0                               0D0001798
     110    2444       0       0       0       0       0       000010000D0001799
     110       0       0       1       0                               0D0001800
     110    2445       0       0       0       0       0       000010000D0001801
     110       0       0       1       0                               0D0001802
     110    2446       0       0       0       0       0       000010000D0001803
     110       0       0       1       0                               0D0001804
     102    2447       0       0       0       0       0       000010000D0001805
     102       0       0       1       0                               0D0001806
     100    2448       0       0       0       0    1809       000010000D0001807
     100       0       0       1       0                               0D0001808
     124    2449       0       0       0       0       0       000000000D0001809
     124       0       0       2       0                               0D0001810
     110    2451       0       0       0       0       0       000010000D0001811
     110       0       0       1       0                               0D0001812
     100    2452       0       0       0       0    1815       000010000D0001813
     100       0       0       1       0                               0D0001814
     124    2453       0       0       0       0       0       000000000D0001815
     124       0       0       2       0                               0D0001816
     110    2455       0       0       0       0       0       000010000D0001817
     110       0       0       1       0                               0D0001818
     144    2456       0       0       0       0       0       000020000D0001819
     144       0       8       1       0                               0D0001820
     108    2457       0       0       0       0       0       000010000D0001821
     108       0       0       1       0                               0D0001822
     142    2458       0       0       0       0       0       000010500D0001823
     142       0       0       1       0                               0D0001824
     102    2459       0       0       0       0       0       000010000D0001825
     102       0       0       1       0                               0D0001826
     110    2460       0       0       0       0       0       000010000D0001827
     110       0       0       1       0                               0D0001828
     110    2461       0       0       0       0       0       000010000D0001829
     110       0       0       1       0                               0D0001830
     110    2462       0       0       0       0       0       000010000D0001831
     110       0       0       1       0                               0D0001832
     110    2463       0       0       0       0       0       000010000D0001833
     110       0       0       1       0                               0D0001834
     144    2464       0       0       0       0       0       000020000D0001835
     144       0       8       1       0                               0D0001836
     108    2465       0       0       0       0       0       000010000D0001837
     108       0       0       1       0                               0D0001838
     142    2466       0       0       0       0       0       000010500D0001839
     142       0       0       1       0                               0D0001840
     102    2467       0       0       0       0       0       000010000D0001841
     102       0       0       1       0                               0D0001842
     110    2468       0       0       0       0       0       000010000D0001843
     110       0       0       1       0                               0D0001844
     110    2469       0       0       0       0       0       000010000D0001845
     110       0       0       1       0                               0D0001846
     110    2470       0       0       0       0       0       000010000D0001847
     110       0       0       1       0                               0D0001848
     110    2471       0       0       0       0       0       000010000D0001849
     110       0       0       1       0                               0D0001850
     144    2472       0       0       0       0       0       000020000D0001851
     144       0       8       1       0                               0D0001852
     108    2473       0       0       0       0       0       000010000D0001853
     108       0       0       1       0                               0D0001854
     142    2474       0       0       0       0       0       000010500D0001855
     142       0       0       1       0                               0D0001856
     102    2475       0       0       0       0       0       000010000D0001857
     102       0       0       1       0                               0D0001858
     110    2476       0       0       0       0       0       000010000D0001859
     110       0       0       1       0                               0D0001860
     110    2477       0       0       0       0       0       000010000D0001861
     110       0       0       1       0                               0D0001862
     110    2478       0       0       0       0       0       000010000D0001863
     110       0       0       1       0                               0D0001864
     110    2479       0       0       0       0       0       000010000D0001865
     110       0       0       1       0                               0D0001866
     144    2480       0       0       0       0       0       000020000D0001867
     144       0       8       1       0                               0D0001868
     120    2481       0       0       0       0    1871       000010000D0001869
     120       0       0       1       0                               0D0001870
     124    2482       0       0       0       0       0       000000000D0001871
     124       0       0       1       1                               0D0001872
     110    2483       0       0       0       0       0       000010000D0001873
     110       0       0       1       0                               0D0001874
     110    2484       0       0       0       0       0       000010000D0001875
     110       0       0       1       0                               0D0001876
     142    2485       0       0       0       0       0       000010500D0001877
     142       0       0       1       0                               0D0001878
     102    2486       0       0       0       0       0       000010000D0001879
     102       0       0       1       0                               0D0001880
     110    2487       0       0       0       0       0       000010000D0001881
     110       0       0       1       0                               0D0001882
     110    2488       0       0       0       0       0       000010000D0001883
     110       0       0       1       0                               0D0001884
     110    2489       0       0       0       0       0       000010000D0001885
     110       0       0       2       0                               0D0001886
     110    2491       0       0       0       0       0       000010000D0001887
     110       0       0       1       0                               0D0001888
     102    2492       0       0       0       0       0       000010000D0001889
     102       0       0       1       0                               0D0001890
     100    2493       0       0       0       0    1893       000010000D0001891
     100       0       0       1       0                               0D0001892
     124    2494       0       0       0       0       0       000000000D0001893
     124       0       0       1       0                               0D0001894
     110    2495       0       0       0       0       0       000010000D0001895
     110       0       0       1       0                               0D0001896
     100    2496       0       0       0       0    1899       000010000D0001897
     100       0       0       1       0                               0D0001898
     124    2497       0       0       0       0       0       000000000D0001899
     124       0       0       1       0                               0D0001900
     110    2498       0       0       0       0       0       000010000D0001901
     110       0       0       1       0                               0D0001902
     144    2499       0       0       0       0       0       000020000D0001903
     144       0       8       1       0                               0D0001904
     120    2500       0       0       0       0    1907       000010000D0001905
     120       0       0       1       0                               0D0001906
     124    2501       0       0       0       0       0       000000000D0001907
     124       0       0       2       1                               0D0001908
     110    2503       0       0       0       0       0       000010000D0001909
     110       0       0       1       0                               0D0001910
     110    2504       0       0       0       0       0       000010000D0001911
     110       0       0       1       0                               0D0001912
     142    2505       0       0       0       0       0       000010500D0001913
     142       0       0       1       0                               0D0001914
     102    2506       0       0       0       0       0       000010000D0001915
     102       0       0       1       0                               0D0001916
     110    2507       0       0       0       0       0       000010000D0001917
     110       0       0       1       0                               0D0001918
     110    2508       0       0       0       0       0       000010000D0001919
     110       0       0       1       0                               0D0001920
     110    2509       0       0       0       0       0       000010000D0001921
     110       0       0       2       0                               0D0001922
     110    2511       0       0       0       0       0       000010000D0001923
     110       0       0       1       0                               0D0001924
     102    2512       0       0       0       0       0       000010000D0001925
     102       0       0       1       0                               0D0001926
     100    2513       0       0       0       0    1929       000010000D0001927
     100       0       0       1       0                               0D0001928
     124    2514       0       0       0       0       0       000000000D0001929
     124       0       0       2       0                               0D0001930
     110    2516       0       0       0       0       0       000010000D0001931
     110       0       0       1       0                               0D0001932
     100    2517       0       0       0       0    1935       000010000D0001933
     100       0       0       1       0                               0D0001934
     124    2518       0       0       0       0       0       000000000D0001935
     124       0       0       2       0                               0D0001936
     110    2520       0       0       0       0       0       000010000D0001937
     110       0       0       1       0                               0D0001938
     144    2521       0       0       0       0       0       000020000D0001939
     144       0       8       1       0                               0D0001940
     108    2522       0       0       0       0       0       000010000D0001941
     108       0       0       2       0                               0D0001942
     142    2524       0       0       0       0       0       000010500D0001943
     142       0       0       1       0                               0D0001944
     102    2525       0       0       0       0       0       000010000D0001945
     102       0       0       1       0                               0D0001946
     110    2526       0       0       0       0       0       000010000D0001947
     110       0       0       1       0                               0D0001948
     110    2527       0       0       0       0       0       000010000D0001949
     110       0       0       1       0                               0D0001950
     110    2528       0       0       0       0       0       000010000D0001951
     110       0       0       1       0                               0D0001952
     110    2529       0       0       0       0       0       000010000D0001953
     110       0       0       1       0                               0D0001954
     144    2530       0       0       0       0       0       000020000D0001955
     144       0       8       1       0                               0D0001956
     108    2531       0       0       0       0       0       000010000D0001957
     108       0       0       2       0                               0D0001958
     142    2533       0       0       0       0       0       000010500D0001959
     142       0       0       1       0                               0D0001960
     102    2534       0       0       0       0       0       000010000D0001961
     102       0       0       1       0                               0D0001962
     110    2535       0       0       0       0       0       000010000D0001963
     110       0       0       1       0                               0D0001964
     110    2536       0       0       0       0       0       000010000D0001965
     110       0       0       1       0                               0D0001966
     110    2537       0       0       0       0       0       000010000D0001967
     110       0       0       1       0                               0D0001968
     110    2538       0       0       0       0       0       000010000D0001969
     110       0       0       1       0                               0D0001970
     144    2539       0       0       0       0       0       000020000D0001971
     144       0       8       1       0                               0D0001972
     108    2540       0       0       0       0       0       000010000D0001973
     108       0       0       2       0                               0D0001974
     142    2542       0       0       0       0       0       000010500D0001975
     142       0       0       1       0                               0D0001976
     102    2543       0       0       0       0       0       000010000D0001977
     102       0       0       1       0                               0D0001978
     110    2544       0       0       0       0       0       000010000D0001979
     110       0       0       1       0                               0D0001980
     110    2545       0       0       0       0       0       000010000D0001981
     110       0       0       1       0                               0D0001982
     110    2546       0       0       0       0       0       000010000D0001983
     110       0       0       1       0                               0D0001984
     110    2547       0       0       0       0       0       000010000D0001985
     110       0       0       1       0                               0D0001986
     144    2548       0       0       0       0       0       000020000D0001987
     144       0       8       1       0                               0D0001988
     120    2549       0       0       0       0    1991       000010000D0001989
     120       0       0       1       0                               0D0001990
     124    2550       0       0       0       0       0       000000000D0001991
     124       0       0       2       0                               0D0001992
     110    2552       0       0       0       0       0       000010000D0001993
     110       0       0       1       0                               0D0001994
     110    2553       0       0       0       0       0       000010000D0001995
     110       0       0       1       0                               0D0001996
     142    2554       0       0       0       0       0       000010500D0001997
     142       0       0       1       0                               0D0001998
     102    2555       0       0       0       0       0       000010000D0001999
     102       0       0       1       0                               0D0002000
     110    2556       0       0       0       0       0       000010000D0002001
     110       0       0       1       0                               0D0002002
     110    2557       0       0       0       0       0       000010000D0002003
     110       0       0       1       0                               0D0002004
     110    2558       0       0       0       0       0       000010000D0002005
     110       0       0       1       0                               0D0002006
     110    2559       0       0       0       0       0       000010000D0002007
     110       0       0       1       0                               0D0002008
     102    2560       0       0       0       0       0       000010000D0002009
     102       0       0       1       0                               0D0002010
     100    2561       0       0       0       0    2013       000010000D0002011
     100       0       0       1       0                               0D0002012
     124    2562       0       0       0       0       0       000000000D0002013
     124       0       0       2       0                               0D0002014
     110    2564       0       0       0       0       0       000010000D0002015
     110       0       0       1       0                               0D0002016
     100    2565       0       0       0       0    2019       000010000D0002017
     100       0       0       1       0                               0D0002018
     124    2566       0       0       0       0       0       000000000D0002019
     124       0       0       2       0                               0D0002020
     110    2568       0       0       0       0       0       000010000D0002021
     110       0       0       1       0                               0D0002022
     402    2569       0       0       0       0       0       000020000D0002023
     402       0       0       2       1                LEAD-DWV        D0002024
     144    2571       0       0       0       0       0       000020000D0002025
     144       0       8       1       0                               0D0002026
     108    2572       0       0       0       0       0       000010000D0002027
     108       0       0       1       0                               0D0002028
     142    2573       0       0       0       0       0       000010500D0002029
     142       0       0       1       0                               0D0002030
     102    2574       0       0       0       0       0       000010000D0002031
     102       0       0       2       0                               0D0002032
     100    2576       0       0       0       0    2035       000010000D0002033
     100       0       0       1       0                               0D0002034
     124    2577       0       0       0       0       0       000000000D0002035
     124       0       0       2       0                               0D0002036
     110    2579       0       0       0       0       0       000010000D0002037
     110       0       0       1       0                               0D0002038
     110    2580       0       0       0       0       0       000010000D0002039
     110       0       0       1       0                               0D0002040
     110    2581       0       0       0       0       0       000010000D0002041
     110       0       0       1       0                               0D0002042
     100    2582       0       0       0       0    2045       000010000D0002043
     100       0       0       1       0                               0D0002044
     124    2583       0       0       0       0       0       000000000D0002045
     124       0       0       2       0                               0D0002046
     110    2585       0       0       0       0       0       000010000D0002047
     110       0       0       1       0                               0D0002048
     100    2586       0       0       0       0    2051       000010000D0002049
     100       0       0       1       0                               0D0002050
     124    2587       0       0       0       0       0       000000000D0002051
     124       0       0       2       0                               0D0002052
     110    2589       0       0       0       0       0       000010000D0002053
     110       0       0       1       0                               0D0002054
     110    2590       0       0       0       0       0       000010000D0002055
     110       0       0       1       0                               0D0002056
     110    2591       0       0       0       0       0       000010000D0002057
     110       0       0       1       0                               0D0002058
     100    2592       0       0       0       0    2061       000010000D0002059
     100       0       0       1       0                               0D0002060
     124    2593       0       0       0       0       0       000000000D0002061
     124       0       0       1       0                               0D0002062
     110    2594       0       0       0       0       0       000010000D0002063
     110       0       0       1       0                               0D0002064
     144    2595       0       0       0       0       0       000020000D0002065
     144       0       8       1       0                               0D0002066
     108    2596       0       0       0       0       0       000010000D0002067
     108       0       0       2       0                               0D0002068
     142    2598       0       0       0       0       0       000010500D0002069
     142       0       0       1       0                               0D0002070
     102    2599       0       0       0       0       0       000010000D0002071
     102       0       0       1       0                               0D0002072
     110    2600       0       0       0       0       0       000010000D0002073
     110       0       0       1       0                               0D0002074
     110    2601       0       0       0       0       0       000010000D0002075
     110       0       0       1       0                               0D0002076
     110    2602       0       0       0       0       0       000010000D0002077
     110       0       0       1       0                               0D0002078
     110    2603       0       0       0       0       0       000010000D0002079
     110       0       0       1       0                               0D0002080
     144    2604       0       0       0       0       0       000020000D0002081
     144       0       8       1       0                               0D0002082
     108    2605       0       0       0       0       0       000010000D0002083
     108       0       0       1       0                               0D0002084
     142    2606       0       0       0       0       0       000010500D0002085
     142       0       0       1       0                               0D0002086
     102    2607       0       0       0       0       0       000010000D0002087
     102       0       0       2       0                               0D0002088
     100    2609       0       0       0       0    2091       000010000D0002089
     100       0       0       1       0                               0D0002090
     124    2610       0       0       0       0       0       000000000D0002091
     124       0       0       2       0                               0D0002092
     110    2612       0       0       0       0       0       000010000D0002093
     110       0       0       1       0                               0D0002094
     110    2613       0       0       0       0       0       000010000D0002095
     110       0       0       1       0                               0D0002096
     110    2614       0       0       0       0       0       000010000D0002097
     110       0       0       1       0                               0D0002098
     100    2615       0       0       0       0    2101       000010000D0002099
     100       0       0       1       0                               0D0002100
     124    2616       0       0       0       0       0       000000000D0002101
     124       0       0       2       0                               0D0002102
     110    2618       0       0       0       0       0       000010000D0002103
     110       0       0       1       0                               0D0002104
     100    2619       0       0       0       0    2107       000010000D0002105
     100       0       0       1       0                               0D0002106
     124    2620       0       0       0       0       0       000000000D0002107
     124       0       0       1       0                               0D0002108
     110    2621       0       0       0       0       0       000010000D0002109
     110       0       0       1       0                               0D0002110
     110    2622       0       0       0       0       0       000010000D0002111
     110       0       0       1       0                               0D0002112
     110    2623       0       0       0       0       0       000010000D0002113
     110       0       0       1       0                               0D0002114
     100    2624       0       0       0       0    2117       000010000D0002115
     100       0       0       1       0                               0D0002116
     124    2625       0       0       0       0       0       000000000D0002117
     124       0       0       2       0                               0D0002118
     110    2627       0       0       0       0       0       000010000D0002119
     110       0       0       1       0                               0D0002120
     144    2628       0       0       0       0       0       000020000D0002121
     144       0       8       1       0                               0D0002122
     108    2629       0       0       0       0       0       000010000D0002123
     108       0       0       2       0                               0D0002124
     142    2631       0       0       0       0       0       000010500D0002125
     142       0       0       1       0                               0D0002126
     102    2632       0       0       0       0       0       000010000D0002127
     102       0       0       1       0                               0D0002128
     110    2633       0       0       0       0       0       000010000D0002129
     110       0       0       1       0                               0D0002130
     110    2634       0       0       0       0       0       000010000D0002131
     110       0       0       1       0                               0D0002132
     110    2635       0       0       0       0       0       000010000D0002133
     110       0       0       1       0                               0D0002134
     110    2636       0       0       0       0       0       000010000D0002135
     110       0       0       1       0                               0D0002136
     144    2637       0       0       0       0       0       000020000D0002137
     144       0       8       1       0                               0D0002138
     120    2638       0       0       0       0    2141       000010000D0002139
     120       0       0       1       0                               0D0002140
     124    2639       0       0       0       0       0       000000000D0002141
     124       0       0       2       0                               0D0002142
     110    2641       0       0       0       0       0       000010000D0002143
     110       0       0       1       0                               0D0002144
     110    2642       0       0       0       0       0       000010000D0002145
     110       0       0       1       0                               0D0002146
     142    2643       0       0       0       0       0       000010500D0002147
     142       0       0       1       0                               0D0002148
     102    2644       0       0       0       0       0       000010000D0002149
     102       0       0       1       0                               0D0002150
     110    2645       0       0       0       0       0       000010000D0002151
     110       0       0       1       0                               0D0002152
     110    2646       0       0       0       0       0       000010000D0002153
     110       0       0       1       0                               0D0002154
     110    2647       0       0       0       0       0       000010000D0002155
     110       0       0       1       0                               0D0002156
     110    2648       0       0       0       0       0       000010000D0002157
     110       0       0       1       0                               0D0002158
     102    2649       0       0       0       0       0       000010000D0002159
     102       0       0       1       0                               0D0002160
     100    2650       0       0       0       0    2163       000010000D0002161
     100       0       0       1       0                               0D0002162
     124    2651       0       0       0       0       0       000000000D0002163
     124       0       0       2       0                               0D0002164
     110    2653       0       0       0       0       0       000010000D0002165
     110       0       0       1       0                               0D0002166
     100    2654       0       0       0       0    2169       000010000D0002167
     100       0       0       1       0                               0D0002168
     124    2655       0       0       0       0       0       000000000D0002169
     124       0       0       2       0                               0D0002170
     110    2657       0       0       0       0       0       000010000D0002171
     110       0       0       1       0                               0D0002172
     144    2658       0       0       0       0       0       000020000D0002173
     144       0       8       1       0                               0D0002174
     108    2659       0       0       0       0       0       000010000D0002175
     108       0       0       1       0                               0D0002176
     142    2660       0       0       0       0       0       000010500D0002177
     142       0       0       1       0                               0D0002178
     102    2661       0       0       0       0       0       000010000D0002179
     102       0       0       1       0                               0D0002180
     110    2662       0       0       0       0       0       000010000D0002181
     110       0       0       1       0                               0D0002182
     110    2663       0       0       0       0       0       000010000D0002183
     110       0       0       1       0                               0D0002184
     110    2664       0       0       0       0       0       000010000D0002185
     110       0       0       1       0                               0D0002186
     110    2665       0       0       0       0       0       000010000D0002187
     110       0       0       1       0                               0D0002188
     144    2666       0       0       0       0       0       000020000D0002189
     144       0       8       1       0                               0D0002190
     108    2667       0       0       0       0       0       000010000D0002191
     108       0       0       1       0                               0D0002192
     142    2668       0       0       0       0       0       000010500D0002193
     142       0       0       1       0                               0D0002194
     102    2669       0       0       0       0       0       000010000D0002195
     102       0       0       1       0                               0D0002196
     110    2670       0       0       0       0       0       000010000D0002197
     110       0       0       1       0                               0D0002198
     110    2671       0       0       0       0       0       000010000D0002199
     110       0       0       1       0                               0D0002200
     110    2672       0       0       0       0       0       000010000D0002201
     110       0       0       1       0                               0D0002202
     110    2673       0       0       0       0       0       000010000D0002203
     110       0       0       1       0                               0D0002204
     144    2674       0       0       0       0       0       000020000D0002205
     144       0       8       1       0                               0D0002206
     108    2675       0       0       0       0       0       000010000D0002207
     108       0       0       1       0                               0D0002208
     142    2676       0       0       0       0       0       000010500D0002209
     142       0       0       1       0                               0D0002210
     102    2677       0       0       0       0       0       000010000D0002211
     102       0       0       1       0                               0D0002212
     110    2678       0       0       0       0       0       000010000D0002213
     110       0       0       1       0                               0D0002214
     110    2679       0       0       0       0       0       000010000D0002215
     110       0       0       1       0                               0D0002216
     110    2680       0       0       0       0       0       000010000D0002217
     110       0       0       1       0                               0D0002218
     110    2681       0       0       0       0       0       000010000D0002219
     110       0       0       1       0                               0D0002220
     144    2682       0       0       0       0       0       000020000D0002221
     144       0       8       1       0                               0D0002222
     120    2683       0       0       0       0    2225       000010000D0002223
     120       0       0       1       0                               0D0002224
     124    2684       0       0       0       0       0       000000000D0002225
     124       0       0       1       1                               0D0002226
     110    2685       0       0       0       0       0       000010000D0002227
     110       0       0       1       0                               0D0002228
     110    2686       0       0       0       0       0       000010000D0002229
     110       0       0       1       0                               0D0002230
     142    2687       0       0       0       0       0       000010500D0002231
     142       0       0       1       0                               0D0002232
     102    2688       0       0       0       0       0       000010000D0002233
     102       0       0       1       0                               0D0002234
     110    2689       0       0       0       0       0       000010000D0002235
     110       0       0       1       0                               0D0002236
     110    2690       0       0       0       0       0       000010000D0002237
     110       0       0       1       0                               0D0002238
     110    2691       0       0       0       0       0       000010000D0002239
     110       0       0       2       0                               0D0002240
     110    2693       0       0       0       0       0       000010000D0002241
     110       0       0       1       0                               0D0002242
     102    2694       0       0       0       0       0       000010000D0002243
     102       0       0       1       0                               0D0002244
     100    2695       0       0       0       0    2247       000010000D0002245
     100       0       0       1       0                               0D0002246
     124    2696       0       0       0       0       0       000000000D0002247
     124       0       0       1       0                               0D0002248
     110    2697       0       0       0       0       0       000010000D0002249
     110       0       0       1       0                               0D0002250
     100    2698       0       0       0       0    2253       000010000D0002251
     100       0       0       1       0                               0D0002252
     124    2699       0       0       0       0       0       000000000D0002253
     124       0       0       1       0                               0D0002254
     110    2700       0       0       0       0       0       000010000D0002255
     110       0       0       1       0                               0D0002256
     144    2701       0       0       0       0       0       000020000D0002257
     144       0       8       1       0                               0D0002258
     120    2702       0       0       0       0    2261       000010000D0002259
     120       0       0       1       0                               0D0002260
     124    2703       0       0       0       0       0       000000000D0002261
     124       0       0       2       1                               0D0002262
     110    2705       0       0       0       0       0       000010000D0002263
     110       0       0       1       0                               0D0002264
     110    2706       0       0       0       0       0       000010000D0002265
     110       0       0       1       0                               0D0002266
     142    2707       0       0       0       0       0       000010500D0002267
     142       0       0       1       0                               0D0002268
     102    2708       0       0       0       0       0       000010000D0002269
     102       0       0       1       0                               0D0002270
     110    2709       0       0       0       0       0       000010000D0002271
     110       0       0       1       0                               0D0002272
     110    2710       0       0       0       0       0       000010000D0002273
     110       0       0       1       0                               0D0002274
     110    2711       0       0       0       0       0       000010000D0002275
     110       0       0       2       0                               0D0002276
     110    2713       0       0       0       0       0       000010000D0002277
     110       0       0       1       0                               0D0002278
     102    2714       0       0       0       0       0       000010000D0002279
     102       0       0       1       0                               0D0002280
     100    2715       0       0       0       0    2283       000010000D0002281
     100       0       0       1       0                               0D0002282
     124    2716       0       0       0       0       0       000000000D0002283
     124       0       0       2       0                               0D0002284
     110    2718       0       0       0       0       0       000010000D0002285
     110       0       0       1       0                               0D0002286
     100    2719       0       0       0       0    2289       000010000D0002287
     100       0       0       1       0                               0D0002288
     124    2720       0       0       0       0       0       000000000D0002289
     124       0       0       2       0                               0D0002290
     110    2722       0       0       0       0       0       000010000D0002291
     110       0       0       1       0                               0D0002292
     144    2723       0       0       0       0       0       000020000D0002293
     144       0       8       1       0                               0D0002294
     108    2724       0       0       0       0       0       000010000D0002295
     108       0       0       2       0                               0D0002296
     142    2726       0       0       0       0       0       000010500D0002297
     142       0       0       1       0                               0D0002298
     102    2727       0       0       0       0       0       000010000D0002299
     102       0       0       1       0                               0D0002300
     110    2728       0       0       0       0       0       000010000D0002301
     110       0       0       1       0                               0D0002302
     110    2729       0       0       0       0       0       000010000D0002303
     110       0       0       1       0                               0D0002304
     110    2730       0       0       0       0       0       000010000D0002305
     110       0       0       1       0                               0D0002306
     110    2731       0       0       0       0       0       000010000D0002307
     110       0       0       1       0                               0D0002308
     144    2732       0       0       0       0       0       000020000D0002309
     144       0       8       1       0                               0D0002310
     108    2733       0       0       0       0       0       000010000D0002311
     108       0       0       2       0                               0D0002312
     142    2735       0       0       0       0       0       000010500D0002313
     142       0       0       1       0                               0D0002314
     102    2736       0       0       0       0       0       000010000D0002315
     102       0       0       1       0                               0D0002316
     110    2737       0       0       0       0       0       000010000D0002317
     110       0       0       1       0                               0D0002318
     110    2738       0       0       0       0       0       000010000D0002319
     110       0       0       1       0                               0D0002320
     110    2739       0       0       0       0       0       000010000D0002321
     110       0       0       1       0                               0D0002322
     110    2740       0       0       0       0       0       000010000D0002323
     110       0       0       1       0                               0D0002324
     144    2741       0       0       0       0       0       000020000D0002325
     144       0       8       1       0                               0D0002326
     108    2742       0       0       0       0       0       000010000D0002327
     108       0       0       2       0                               0D0002328
     142    2744       0       0       0       0       0       000010500D0002329
     142       0       0       1       0                               0D0002330
     102    2745       0       0       0       0       0       000010000D0002331
     102       0       0       1       0                               0D0002332
     110    2746       0       0       0       0       0       000010000D0002333
     110       0       0       1       0                               0D0002334
     110    2747       0       0       0       0       0       000010000D0002335
     110       0       0       1       0                               0D0002336
     110    2748       0       0       0       0       0       000010000D0002337
     110       0       0       1       0                               0D0002338
     110    2749       0       0       0       0       0       000010000D0002339
     110       0       0       1       0                               0D0002340
     144    2750       0       0       0       0       0       000020000D0002341
     144       0       8       1       0                               0D0002342
     120    2751       0       0       0       0    2345       000010000D0002343
     120       0       0       1       0                               0D0002344
     124    2752       0       0       0       0       0       000000000D0002345
     124       0       0       2       0                               0D0002346
     110    2754       0       0       0       0       0       000010000D0002347
     110       0       0       1       0                               0D0002348
     110    2755       0       0       0       0       0       000010000D0002349
     110       0       0       1       0                               0D0002350
     142    2756       0       0       0       0       0       000010500D0002351
     142       0       0       1       0                               0D0002352
     102    2757       0       0       0       0       0       000010000D0002353
     102       0       0       1       0                               0D0002354
     110    2758       0       0       0       0       0       000010000D0002355
     110       0       0       1       0                               0D0002356
     110    2759       0       0       0       0       0       000010000D0002357
     110       0       0       1       0                               0D0002358
     110    2760       0       0       0       0       0       000010000D0002359
     110       0       0       1       0                               0D0002360
     110    2761       0       0       0       0       0       000010000D0002361
     110       0       0       1       0                               0D0002362
     102    2762       0       0       0       0       0       000010000D0002363
     102       0       0       1       0                               0D0002364
     100    2763       0       0       0       0    2367       000010000D0002365
     100       0       0       1       0                               0D0002366
     124    2764       0       0       0       0       0       000000000D0002367
     124       0       0       2       0                               0D0002368
     110    2766       0       0       0       0       0       000010000D0002369
     110       0       0       1       0                               0D0002370
     100    2767       0       0       0       0    2373       000010000D0002371
     100       0       0       1       0                               0D0002372
     124    2768       0       0       0       0       0       000000000D0002373
     124       0       0       2       0                               0D0002374
     110    2770       0       0       0       0       0       000010000D0002375
     110       0       0       1       0                               0D0002376
     402    2771       0       0       0       0       0       000020000D0002377
     402       0       0       2       1                LEAD-DWV        D0002378
     144    2773       0       0       0       0       0       000020000D0002379
     144       0       8       1       0                               0D0002380
     108    2774       0       0       0       0       0       000010000D0002381
     108       0       0       1       0                               0D0002382
     142    2775       0       0       0       0       0       000010500D0002383
     142       0       0       1       0                               0D0002384
     102    2776       0       0       0       0       0       000010000D0002385
     102       0       0       2       0                               0D0002386
     100    2778       0       0       0       0    2389       000010000D0002387
     100       0       0       1       0                               0D0002388
     124    2779       0       0       0       0       0       000000000D0002389
     124       0       0       2       0                               0D0002390
     110    2781       0       0       0       0       0       000010000D0002391
     110       0       0       1       0                               0D0002392
     110    2782       0       0       0       0       0       000010000D0002393
     110       0       0       1       0                               0D0002394
     110    2783       0       0       0       0       0       000010000D0002395
     110       0       0       2       0                               0D0002396
     100    2785       0       0       0       0    2399       000010000D0002397
     100       0       0       1       0                               0D0002398
     124    2786       0       0       0       0       0       000000000D0002399
     124       0       0       2       0                               0D0002400
     110    2788       0       0       0       0       0       000010000D0002401
     110       0       0       2       0                               0D0002402
     100    2790       0       0       0       0    2405       000010000D0002403
     100       0       0       1       0                               0D0002404
     124    2791       0       0       0       0       0       000000000D0002405
     124       0       0       2       0                               0D0002406
     110    2793       0       0       0       0       0       000010000D0002407
     110       0       0       1       0                               0D0002408
     110    2794       0       0       0       0       0       000010000D0002409
     110       0       0       1       0                               0D0002410
     110    2795       0       0       0       0       0       000010000D0002411
     110       0       0       1       0                               0D0002412
     100    2796       0       0       0       0    2415       000010000D0002413
     100       0       0       1       0                               0D0002414
     124    2797       0       0       0       0       0       000000000D0002415
     124       0       0       1       0                               0D0002416
     110    2798       0       0       0       0       0       000010000D0002417
     110       0       0       2       0                               0D0002418
     144    2800       0       0       0       0       0       000020000D0002419
     144       0       8       1       0                               0D0002420
     108    2801       0       0       0       0       0       000010000D0002421
     108       0       0       2       0                               0D0002422
     142    2803       0       0       0       0       0       000010500D0002423
     142       0       0       1       0                               0D0002424
     102    2804       0       0       0       0       0       000010000D0002425
     102       0       0       1       0                               0D0002426
     110    2805       0       0       0       0       0       000010000D0002427
     110       0       0       2       0                               0D0002428
     110    2807       0       0       0       0       0       000010000D0002429
     110       0       0       2       0                               0D0002430
     110    2809       0       0       0       0       0       000010000D0002431
     110       0       0       2       0                               0D0002432
     110    2811       0       0       0       0       0       000010000D0002433
     110       0       0       2       0                               0D0002434
     144    2813       0       0       0       0       0       000020000D0002435
     144       0       8       1       0                               0D0002436
     108    2814       0       0       0       0       0       000010000D0002437
     108       0       0       1       0                               0D0002438
     142    2815       0       0       0       0       0       000010500D0002439
     142       0       0       1       0                               0D0002440
     102    2816       0       0       0       0       0       000010000D0002441
     102       0       0       2       0                               0D0002442
     100    2818       0       0       0       0    2445       000010000D0002443
     100       0       0       1       0                               0D0002444
     124    2819       0       0       0       0       0       000000000D0002445
     124       0       0       2       0                               0D0002446
     110    2821       0       0       0       0       0       000010000D0002447
     110       0       0       2       0                               0D0002448
     110    2823       0       0       0       0       0       000010000D0002449
     110       0       0       1       0                               0D0002450
     110    2824       0       0       0       0       0       000010000D0002451
     110       0       0       1       0                               0D0002452
     100    2825       0       0       0       0    2455       000010000D0002453
     100       0       0       1       0                               0D0002454
     124    2826       0       0       0       0       0       000000000D0002455
     124       0       0       2       0                               0D0002456
     110    2828       0       0       0       0       0       000010000D0002457
     110       0       0       2       0                               0D0002458
     100    2830       0       0       0       0    2461       000010000D0002459
     100       0       0       1       0                               0D0002460
     124    2831       0       0       0       0       0       000000000D0002461
     124       0       0       1       0                               0D0002462
     110    2832       0       0       0       0       0       000010000D0002463
     110       0       0       1       0                               0D0002464
     110    2833       0       0       0       0       0       000010000D0002465
     110       0       0       1       0                               0D0002466
     110    2834       0       0       0       0       0       000010000D0002467
     110       0       0       1       0                               0D0002468
     100    2835       0       0       0       0    2471       000010000D0002469
     100       0       0       1       0                               0D0002470
     124    2836       0       0       0       0       0       000000000D0002471
     124       0       0       2       0                               0D0002472
     110    2838       0       0       0       0       0       000010000D0002473
     110       0       0       2       0                               0D0002474
     144    2840       0       0       0       0       0       000020000D0002475
     144       0       8       1       0                               0D0002476
     108    2841       0       0       0       0       0       000010000D0002477
     108       0       0       2       0                               0D0002478
     142    2843       0       0       0       0       0       000010500D0002479
     142       0       0       1       0                               0D0002480
     102    2844       0       0       0       0       0       000010000D0002481
     102       0       0       1       0                               0D0002482
     110    2845       0       0       0       0       0       000010000D0002483
     110       0       0       2       0                               0D0002484
     110    2847       0       0       0       0       0       000010000D0002485
     110       0       0       2       0                               0D0002486
     110    2849       0       0       0       0       0       000010000D0002487
     110       0       0       1       0                               0D0002488
     110    2850       0       0       0       0       0       000010000D0002489
     110       0       0       2       0                               0D0002490
     144    2852       0       0       0       0       0       000020000D0002491
     144       0       8       1       0                               0D0002492
     120    2853       0       0       0       0    2495       000010000D0002493
     120       0       0       1       0                               0D0002494
     124    2854       0       0       0       0       0       000000000D0002495
     124       0       0       2       0                               0D0002496
     110    2856       0       0       0       0       0       000010000D0002497
     110       0       0       1       0                               0D0002498
     110    2857       0       0       0       0       0       000010000D0002499
     110       0       0       1       0                               0D0002500
     142    2858       0       0       0       0       0       000010500D0002501
     142       0       0       1       0                               0D0002502
     102    2859       0       0       0       0       0       000010000D0002503
     102       0       0       1       0                               0D0002504
     110    2860       0       0       0       0       0       000010000D0002505
     110       0       0       1       0                               0D0002506
     110    2861       0       0       0       0       0       000010000D0002507
     110       0       0       1       0                               0D0002508
     110    2862       0       0       0       0       0       000010000D0002509
     110       0       0       1       0                               0D0002510
     110    2863       0       0       0       0       0       000010000D0002511
     110       0       0       1       0                               0D0002512
     102    2864       0       0       0       0       0       000010000D0002513
     102       0       0       1       0                               0D0002514
     100    2865       0       0       0       0    2517       000010000D0002515
     100       0       0       1       0                               0D0002516
     124    2866       0       0       0       0       0       000000000D0002517
     124       0       0       2       0                               0D0002518
     110    2868       0       0       0       0       0       000010000D0002519
     110       0       0       1       0                               0D0002520
     100    2869       0       0       0       0    2523       000010000D0002521
     100       0       0       1       0                               0D0002522
     124    2870       0       0       0       0       0       000000000D0002523
     124       0       0       2       0                               0D0002524
     110    2872       0       0       0       0       0       000010000D0002525
     110       0       0       1       0                               0D0002526
     144    2873       0       0       0       0       0       000020000D0002527
     144       0       8       1       0                               0D0002528
     108    2874       0       0       0       0       0       000010000D0002529
     108       0       0       1       0                               0D0002530
     142    2875       0       0       0       0       0       000010500D0002531
     142       0       0       1       0                               0D0002532
     102    2876       0       0       0       0       0       000010000D0002533
     102       0       0       1       0                               0D0002534
     110    2877       0       0       0       0       0       000010000D0002535
     110       0       0       1       0                               0D0002536
     110    2878       0       0       0       0       0       000010000D0002537
     110       0       0       1       0                               0D0002538
     110    2879       0       0       0       0       0       000010000D0002539
     110       0       0       1       0                               0D0002540
     110    2880       0       0       0       0       0       000010000D0002541
     110       0       0       1       0                               0D0002542
     144    2881       0       0       0       0       0       000020000D0002543
     144       0       8       1       0                               0D0002544
     108    2882       0       0       0       0       0       000010000D0002545
     108       0       0       1       0                               0D0002546
     142    2883       0       0       0       0       0       000010500D0002547
     142       0       0       1       0                               0D0002548
     102    2884       0       0       0       0       0       000010000D0002549
     102       0       0       1       0                               0D0002550
     110    2885       0       0       0       0       0       000010000D0002551
     110       0       0       1       0                               0D0002552
     110    2886       0       0       0       0       0       000010000D0002553
     110       0       0       1       0                               0D0002554
     110    2887       0       0       0       0       0       000010000D0002555
     110       0       0       1       0                               0D0002556
     110    2888       0       0       0       0       0       000010000D0002557
     110       0       0       1       0                               0D0002558
     144    2889       0       0       0       0       0       000020000D0002559
     144       0       8       1       0                               0D0002560
     108    2890       0       0       0       0       0       000010000D0002561
     108       0       0       1       0                               0D0002562
     142    2891       0       0       0       0       0       000010500D0002563
     142       0       0       1       0                               0D0002564
     102    2892       0       0       0       0       0       000010000D0002565
     102       0       0       1       0                               0D0002566
     110    2893       0       0       0       0       0       000010000D0002567
     110       0       0       1       0                               0D0002568
     110    2894       0       0       0       0       0       000010000D0002569
     110       0       0       1       0                               0D0002570
     110    2895       0       0       0       0       0       000010000D0002571
     110       0       0       1       0                               0D0002572
     110    2896       0       0       0       0       0       000010000D0002573
     110       0       0       1       0                               0D0002574
     144    2897       0       0       0       0       0       000020000D0002575
     144       0       8       1       0                               0D0002576
     120    2898       0       0       0       0    2579       000010000D0002577
     120       0       0       1       0                               0D0002578
     124    2899       0       0       0       0       0       000000000D0002579
     124       0       0       1       1                               0D0002580
     110    2900       0       0       0       0       0       000010000D0002581
     110       0       0       1       0                               0D0002582
     110    2901       0       0       0       0       0       000010000D0002583
     110       0       0       1       0                               0D0002584
     142    2902       0       0       0       0       0       000010500D0002585
     142       0       0       1       0                               0D0002586
     102    2903       0       0       0       0       0       000010000D0002587
     102       0       0       1       0                               0D0002588
     110    2904       0       0       0       0       0       000010000D0002589
     110       0       0       1       0                               0D0002590
     110    2905       0       0       0       0       0       000010000D0002591
     110       0       0       1       0                               0D0002592
     110    2906       0       0       0       0       0       000010000D0002593
     110       0       0       2       0                               0D0002594
     110    2908       0       0       0       0       0       000010000D0002595
     110       0       0       1       0                               0D0002596
     102    2909       0       0       0       0       0       000010000D0002597
     102       0       0       1       0                               0D0002598
     100    2910       0       0       0       0    2601       000010000D0002599
     100       0       0       1       0                               0D0002600
     124    2911       0       0       0       0       0       000000000D0002601
     124       0       0       1       0                               0D0002602
     110    2912       0       0       0       0       0       000010000D0002603
     110       0       0       2       0                               0D0002604
     100    2914       0       0       0       0    2607       000010000D0002605
     100       0       0       1       0                               0D0002606
     124    2915       0       0       0       0       0       000000000D0002607
     124       0       0       1       0                               0D0002608
     110    2916       0       0       0       0       0       000010000D0002609
     110       0       0       1       0                               0D0002610
     144    2917       0       0       0       0       0       000020000D0002611
     144       0       8       1       0                               0D0002612
     120    2918       0       0       0       0    2615       000010000D0002613
     120       0       0       1       0                               0D0002614
     124    2919       0       0       0       0       0       000000000D0002615
     124       0       0       2       1                               0D0002616
     110    2921       0       0       0       0       0       000010000D0002617
     110       0       0       1       0                               0D0002618
     110    2922       0       0       0       0       0       000010000D0002619
     110       0       0       1       0                               0D0002620
     142    2923       0       0       0       0       0       000010500D0002621
     142       0       0       1       0                               0D0002622
     102    2924       0       0       0       0       0       000010000D0002623
     102       0       0       1       0                               0D0002624
     110    2925       0       0       0       0       0       000010000D0002625
     110       0       0       1       0                               0D0002626
     110    2926       0       0       0       0       0       000010000D0002627
     110       0       0       1       0                               0D0002628
     110    2927       0       0       0       0       0       000010000D0002629
     110       0       0       2       0                               0D0002630
     110    2929       0       0       0       0       0       000010000D0002631
     110       0       0       1       0                               0D0002632
     102    2930       0       0       0       0       0       000010000D0002633
     102       0       0       1       0                               0D0002634
     100    2931       0       0       0       0    2637       000010000D0002635
     100       0       0       1       0                               0D0002636
     124    2932       0       0       0       0       0       000000000D0002637
     124       0       0       2       0                               0D0002638
     110    2934       0       0       0       0       0       000010000D0002639
     110       0       0       2       0                               0D0002640
     100    2936       0       0       0       0    2643       000010000D0002641
     100       0       0       1       0                               0D0002642
     124    2937       0       0       0       0       0       000000000D0002643
     124       0       0       2       0                               0D0002644
     110    2939       0       0       0       0       0       000010000D0002645
     110       0       0       2       0                               0D0002646
     144    2941       0       0       0       0       0       000020000D0002647
     144       0       8       1       0                               0D0002648
     108    2942       0       0       0       0       0       000010000D0002649
     108       0       0       2       0                               0D0002650
     142    2944       0       0       0       0       0       000010500D0002651
     142       0       0       1       0                               0D0002652
     102    2945       0       0       0       0       0       000010000D0002653
     102       0       0       1       0                               0D0002654
     110    2946       0       0       0       0       0       000010000D0002655
     110       0       0       2       0                               0D0002656
     110    2948       0       0       0       0       0       000010000D0002657
     110       0       0       2       0                               0D0002658
     110    2950       0       0       0       0       0       000010000D0002659
     110       0       0       2       0                               0D0002660
     110    2952       0       0       0       0       0       000010000D0002661
     110       0       0       2       0                               0D0002662
     144    2954       0       0       0       0       0       000020000D0002663
     144       0       8       1       0                               0D0002664
     108    2955       0       0       0       0       0       000010000D0002665
     108       0       0       2       0                               0D0002666
     142    2957       0       0       0       0       0       000010500D0002667
     142       0       0       1       0                               0D0002668
     102    2958       0       0       0       0       0       000010000D0002669
     102       0       0       1       0                               0D0002670
     110    2959       0       0       0       0       0       000010000D0002671
     110       0       0       1       0                               0D0002672
     110    2960       0       0       0       0       0       000010000D0002673
     110       0       0       1       0                               0D0002674
     110    2961       0       0       0       0       0       000010000D0002675
     110       0       0       2       0                               0D0002676
     110    2963       0       0       0       0       0       000010000D0002677
     110       0       0       1       0                               0D0002678
     144    2964       0       0       0       0       0       000020000D0002679
     144       0       8       1       0                               0D0002680
     108    2965       0       0       0       0       0       000010000D0002681
     108       0       0       2       0                               0D0002682
     142    2967       0       0       0       0       0       000010500D0002683
     142       0       0       1       0                               0D0002684
     102    2968       0       0       0       0       0       000010000D0002685
     102       0       0       1       0                               0D0002686
     110    2969       0       0       0       0       0       000010000D0002687
     110       0       0       2       0                               0D0002688
     110    2971       0       0       0       0       0       000010000D0002689
     110       0       0       1       0                               0D0002690
     110    2972       0       0       0       0       0       000010000D0002691
     110       0       0       1       0                               0D0002692
     110    2973       0       0       0       0       0       000010000D0002693
     110       0       0       1       0                               0D0002694
     144    2974       0       0       0       0       0       000020000D0002695
     144       0       8       1       0                               0D0002696
     120    2975       0       0       0       0    2699       000010000D0002697
     120       0       0       1       0                               0D0002698
     124    2976       0       0       0       0       0       000000000D0002699
     124       0       0       2       0                               0D0002700
     110    2978       0       0       0       0       0       000010000D0002701
     110       0       0       1       0                               0D0002702
     110    2979       0       0       0       0       0       000010000D0002703
     110       0       0       1       0                               0D0002704
     142    2980       0       0       0       0       0       000010500D0002705
     142       0       0       1       0                               0D0002706
     102    2981       0       0       0       0       0       000010000D0002707
     102       0       0       1       0                               0D0002708
     110    2982       0       0       0       0       0       000010000D0002709
     110       0       0       1       0                               0D0002710
     110    2983       0       0       0       0       0       000010000D0002711
     110       0       0       1       0                               0D0002712
     110    2984       0       0       0       0       0       000010000D0002713
     110       0       0       1       0                               0D0002714
     110    2985       0       0       0       0       0       000010000D0002715
     110       0       0       1       0                               0D0002716
     102    2986       0       0       0       0       0       000010000D0002717
     102       0       0       1       0                               0D0002718
     100    2987       0       0       0       0    2721       000010000D0002719
     100       0       0       1       0                               0D0002720
     124    2988       0       0       0       0       0       000000000D0002721
     124       0       0       2       0                               0D0002722
     110    2990       0       0       0       0       0       000010000D0002723
     110       0       0       2       0                               0D0002724
     100    2992       0       0       0       0    2727       000010000D0002725
     100       0       0       1       0                               0D0002726
     124    2993       0       0       0       0       0       000000000D0002727
     124       0       0       2       0                               0D0002728
     110    2995       0       0       0       0       0       000010000D0002729
     110       0       0       2       0                               0D0002730
     402    2997       0       0       0       0       0       000020000D0002731
     402       0       0       2       1                LEAD-DWV        D0002732
     144    2999       0       0       0       0       0       000020000D0002733
     144       0       8       1       0                               0D0002734
     108    3000       0       0       0       0       0       000010000D0002735
     108       0       0       1       0                               0D0002736
     142    3001       0       0       0       0       0       000010500D0002737
     142       0       0       1       0                               0D0002738
     102    3002       0       0       0       0       0       000010000D0002739
     102       0       0       2       0                               0D0002740
     100    3004       0       0       0       0    2743       000010000D0002741
     100       0       0       1       0                               0D0002742
     124    3005       0       0       0       0       0       000000000D0002743
     124       0       0       2       0                               0D0002744
     110    3007       0       0       0       0       0       000010000D0002745
     110       0       0       1       0                               0D0002746
     110    3008       0       0       0       0       0       000010000D0002747
     110       0       0       1       0                               0D0002748
     110    3009       0       0       0       0       0       000010000D0002749
     110       0       0       2       0                               0D0002750
     100    3011       0       0       0       0    2753       000010000D0002751
     100       0       0       1       0                               0D0002752
     124    3012       0       0       0       0       0       000000000D0002753
     124       0       0       2       0                               0D0002754
     110    3014       0       0       0       0       0       000010000D0002755
     110       0       0       2       0                               0D0002756
     100    3016       0       0       0       0    2759       000010000D0002757
     100       0       0       1       0                               0D0002758
     124    3017       0       0       0       0       0       000000000D0002759
     124       0       0       2       0                               0D0002760
     110    3019       0       0       0       0       0       000010000D0002761
     110       0       0       1       0                               0D0002762
     110    3020       0       0       0       0       0       000010000D0002763
     110       0       0       1       0                               0D0002764
     110    3021       0       0       0       0       0       000010000D0002765
     110       0       0       1       0                               0D0002766
     100    3022       0       0       0       0    2769       000010000D0002767
     100       0       0       1       0                               0D0002768
     124    3023       0       0       0       0       0       000000000D0002769
     124       0       0       1       0                               0D0002770
     110    3024       0       0       0       0       0       000010000D0002771
     110       0       0       2       0                               0D0002772
     144    3026       0       0       0       0       0       000020000D0002773
     144       0       8       1       0                               0D0002774
     108    3027       0       0       0       0       0       000010000D0002775
     108       0       0       2       0                               0D0002776
     142    3029       0       0       0       0       0       000010500D0002777
     142       0       0       1       0                               0D0002778
     102    3030       0       0       0       0       0       000010000D0002779
     102       0       0       1       0                               0D0002780
     110    3031       0       0       0       0       0       000010000D0002781
     110       0       0       2       0                               0D0002782
     110    3033       0       0       0       0       0       000010000D0002783
     110       0       0       2       0                               0D0002784
     110    3035       0       0       0       0       0       000010000D0002785
     110       0       0       2       0                               0D0002786
     110    3037       0       0       0       0       0       000010000D0002787
     110       0       0       1       0                               0D0002788
     144    3038       0       0       0       0       0       000020000D0002789
     144       0       8       1       0                               0D0002790
     108    3039       0       0       0       0       0       000010000D0002791
     108       0       0       1       0                               0D0002792
     142    3040       0       0       0       0       0       000010500D0002793
     142       0       0       1       0                               0D0002794
     102    3041       0       0       0       0       0       000010000D0002795
     102       0       0       2       0                               0D0002796
     100    3043       0       0       0       0    2799       000010000D0002797
     100       0       0       1       0                               0D0002798
     124    3044       0       0       0       0       0       000000000D0002799
     124       0       0       2       0                               0D0002800
     110    3046       0       0       0       0       0       000010000D0002801
     110       0       0       1       0                               0D0002802
     110    3047       0       0       0       0       0       000010000D0002803
     110       0       0       1       0                               0D0002804
     110    3048       0       0       0       0       0       000010000D0002805
     110       0       0       1       0                               0D0002806
     100    3049       0       0       0       0    2809       000010000D0002807
     100       0       0       1       0                               0D0002808
     124    3050       0       0       0       0       0       000000000D0002809
     124       0       0       2       0                               0D0002810
     110    3052       0       0       0       0       0       000010000D0002811
     110       0       0       1       0                               0D0002812
     100    3053       0       0       0       0    2815       000010000D0002813
     100       0       0       1       0                               0D0002814
     124    3054       0       0       0       0       0       000000000D0002815
     124       0       0       1       0                               0D0002816
     110    3055       0       0       0       0       0       000010000D0002817
     110       0       0       1       0                               0D0002818
     110    3056       0       0       0       0       0       000010000D0002819
     110       0       0       1       0                               0D0002820
     110    3057       0       0       0       0       0       000010000D0002821
     110       0       0       1       0                               0D0002822
     100    3058       0       0       0       0    2825       000010000D0002823
     100       0       0       1       0                               0D0002824
     124    3059       0       0       0       0       0       000000000D0002825
     124       0       0       2       0                               0D0002826
     110    3061       0       0       0       0       0       000010000D0002827
     110       0       0       1       0                               0D0002828
     144    3062       0       0       0       0       0       000020000D0002829
     144       0       8       1       0                               0D0002830
     108    3063       0       0       0       0       0       000010000D0002831
     108       0       0       2       0                               0D0002832
     142    3065       0       0       0       0       0       000010500D0002833
     142       0       0       1       0                               0D0002834
     102    3066       0       0       0       0       0       000010000D0002835
     102       0       0       1       0                               0D0002836
     110    3067       0       0       0       0       0       000010000D0002837
     110       0       0       2       0                               0D0002838
     110    3069       0       0       0       0       0       000010000D0002839
     110       0       0       1       0                               0D0002840
     110    3070       0       0       0       0       0       000010000D0002841
     110       0       0       1       0                               0D0002842
     110    3071       0       0       0       0       0       000010000D0002843
     110       0       0       2       0                               0D0002844
     144    3073       0       0       0       0       0       000020000D0002845
     144       0       8       1       0                               0D0002846
     120    3074       0       0       0       0    2849       000010000D0002847
     120       0       0       1       0                               0D0002848
     124    3075       0       0       0       0       0       000000000D0002849
     124       0       0       2       0                               0D0002850
     110    3077       0       0       0       0       0       000010000D0002851
     110       0       0       1       0                               0D0002852
     110    3078       0       0       0       0       0       000010000D0002853
     110       0       0       1       0                               0D0002854
     142    3079       0       0       0       0       0       000010500D0002855
     142       0       0       1       0                               0D0002856
     102    3080       0       0       0       0       0       000010000D0002857
     102       0       0       1       0                               0D0002858
     110    3081       0       0       0       0       0       000010000D0002859
     110       0       0       1       0                               0D0002860
     110    3082       0       0       0       0       0       000010000D0002861
     110       0       0       1       0                               0D0002862
     110    3083       0       0       0       0       0       000010000D0002863
     110       0       0       1       0                               0D0002864
     110    3084       0       0       0       0       0       000010000D0002865
     110       0       0       1       0                               0D0002866
     102    3085       0       0       0       0       0       000010000D0002867
     102       0       0       1       0                               0D0002868
     100    3086       0       0       0       0    2871       000010000D0002869
     100       0       0       1       0                               0D0002870
     124    3087       0       0       0       0       0       000000000D0002871
     124       0       0       2       0                               0D0002872
     110    3089       0       0       0       0       0       000010000D0002873
     110       0       0       1       0                               0D0002874
     100    3090       0       0       0       0    2877       000010000D0002875
     100       0       0       1       0                               0D0002876
     124    3091       0       0       0       0       0       000000000D0002877
     124       0       0       2       0                               0D0002878
     110    3093       0       0       0       0       0       000010000D0002879
     110       0       0       1       0                               0D0002880
     144    3094       0       0       0       0       0       000020000D0002881
     144       0       8       1       0                               0D0002882
     108    3095       0       0       0       0       0       000010000D0002883
     108       0       0       1       0                               0D0002884
     142    3096       0       0       0       0       0       000010500D0002885
     142       0       0       1       0                               0D0002886
     102    3097       0       0       0       0       0       000010000D0002887
     102       0       0       1       0                               0D0002888
     110    3098       0       0       0       0       0       000010000D0002889
     110       0       0       1       0                               0D0002890
     110    3099       0       0       0       0       0       000010000D0002891
     110       0       0       1       0                               0D0002892
     110    3100       0       0       0       0       0       000010000D0002893
     110       0       0       1       0                               0D0002894
     110    3101       0       0       0       0       0       000010000D0002895
     110       0       0       1       0                               0D0002896
     144    3102       0       0       0       0       0       000020000D0002897
     144       0       8       1       0                               0D0002898
     108    3103       0       0       0       0       0       000010000D0002899
     108       0       0       1       0                               0D0002900
     142    3104       0       0       0       0       0       000010500D0002901
     142       0       0       1       0                               0D0002902
     102    3105       0       0       0       0       0       000010000D0002903
     102       0       0       1       0                               0D0002904
     110    3106       0       0       0       0       0       000010000D0002905
     110       0       0       1       0                               0D0002906
     110    3107       0       0       0       0       0       000010000D0002907
     110       0       0       1       0                               0D0002908
     110    3108       0       0       0       0       0       000010000D0002909
     110       0       0       1       0                               0D0002910
     110    3109       0       0       0       0       0       000010000D0002911
     110       0       0       1       0                               0D0002912
     144    3110       0       0       0       0       0       000020000D0002913
     144       0       8       1       0                               0D0002914
     108    3111       0       0       0       0       0       000010000D0002915
     108       0       0       1       0                               0D0002916
     142    3112       0       0       0       0       0       000010500D0002917
     142       0       0       1       0                               0D0002918
     102    3113       0       0       0       0       0       000010000D0002919
     102       0       0       1       0                               0D0002920
     110    3114       0       0       0       0       0       000010000D0002921
     110       0       0       1       0                               0D0002922
     110    3115       0       0       0       0       0       000010000D0002923
     110       0       0       1       0                               0D0002924
     110    3116       0       0       0       0       0       000010000D0002925
     110       0       0       1       0                               0D0002926
     110    3117       0       0       0       0       0       000010000D0002927
     110       0       0       1       0                               0D0002928
     144    3118       0       0       0       0       0       000020000D0002929
     144       0       8       1       0                               0D0002930
     120    3119       0       0       0       0    2933       000010000D0002931
     120       0       0       1       0                               0D0002932
     124    3120       0       0       0       0       0       000000000D0002933
     124       0       0       1       1                               0D0002934
     110    3121       0       0       0       0       0       000010000D0002935
     110       0       0       1       0                               0D0002936
     110    3122       0       0       0       0       0       000010000D0002937
     110       0       0       1       0                               0D0002938
     142    3123       0       0       0       0       0       000010500D0002939
     142       0       0       1       0                               0D0002940
     102    3124       0       0       0       0       0       000010000D0002941
     102       0       0       1       0                               0D0002942
     110    3125       0       0       0       0       0       000010000D0002943
     110       0       0       1       0                               0D0002944
     110    3126       0       0       0       0       0       000010000D0002945
     110       0       0       1       0                               0D0002946
     110    3127       0       0       0       0       0       000010000D0002947
     110       0       0       2       0                               0D0002948
     110    3129       0       0       0       0       0       000010000D0002949
     110       0       0       1       0                               0D0002950
     102    3130       0       0       0       0       0       000010000D0002951
     102       0       0       1       0                               0D0002952
     100    3131       0       0       0       0    2955       000010000D0002953
     100       0       0       1       0                               0D0002954
     124    3132       0       0       0       0       0       000000000D0002955
     124       0       0       1       0                               0D0002956
     110    3133       0       0       0       0       0       000010000D0002957
     110       0       0       2       0                               0D0002958
     100    3135       0       0       0       0    2961       000010000D0002959
     100       0       0       1       0                               0D0002960
     124    3136       0       0       0       0       0       000000000D0002961
     124       0       0       1       0                               0D0002962
     110    3137       0       0       0       0       0       000010000D0002963
     110       0       0       1       0                               0D0002964
     144    3138       0       0       0       0       0       000020000D0002965
     144       0       8       1       0                               0D0002966
     120    3139       0       0       0       0    2969       000010000D0002967
     120       0       0       1       0                               0D0002968
     124    3140       0       0       0       0       0       000000000D0002969
     124       0       0       2       1                               0D0002970
     110    3142       0       0       0       0       0       000010000D0002971
     110       0       0       1       0                               0D0002972
     110    3143       0       0       0       0       0       000010000D0002973
     110       0       0       1       0                               0D0002974
     142    3144       0       0       0       0       0       000010500D0002975
     142       0       0       1       0                               0D0002976
     102    3145       0       0       0       0       0       000010000D0002977
     102       0       0       1       0                               0D0002978
     110    3146       0       0       0       0       0       000010000D0002979
     110       0       0       1       0                               0D0002980
     110    3147       0       0       0       0       0       000010000D0002981
     110       0       0       1       0                               0D0002982
     110    3148       0       0       0       0       0       000010000D0002983
     110       0       0       2       0                               0D0002984
     110    3150       0       0       0       0       0       000010000D0002985
     110       0       0       1       0                               0D0002986
     102    3151       0       0       0       0       0       000010000D0002987
     102       0       0       1       0                               0D0002988
     100    3152       0       0       0       0    2991       000010000D0002989
     100       0       0       1       0                               0D0002990
     124    3153       0       0       0       0       0       000000000D0002991
     124       0       0       2       0                               0D0002992
     110    3155       0       0       0       0       0       000010000D0002993
     110       0       0       2       0                               0D0002994
     100    3157       0       0       0       0    2997       000010000D0002995
     100       0       0       1       0                               0D0002996
     124    3158       0       0       0       0       0       000000000D0002997
     124       0       0       2       0                               0D0002998
     110    3160       0       0       0       0       0       000010000D0002999
     110       0       0       2       0                               0D0003000
     144    3162       0       0       0       0       0       000020000D0003001
     144       0       8       1       0                               0D0003002
     108    3163       0       0       0       0       0       000010000D0003003
     108       0       0       2       0                               0D0003004
     142    3165       0       0       0       0       0       000010500D0003005
     142       0       0       1       0                               0D0003006
     102    3166       0       0       0       0       0       000010000D0003007
     102       0       0       1       0                               0D0003008
     110    3167       0       0       0       0       0       000010000D0003009
     110       0       0       2       0                               0D0003010
     110    3169       0       0       0       0       0       000010000D0003011
     110       0       0       1       0                               0D0003012
     110    3170       0       0       0       0       0       000010000D0003013
     110       0       0       2       0                               0D0003014
     110    3172       0       0       0       0       0       000010000D0003015
     110       0       0       2       0                               0D0003016
     144    3174       0       0       0       0       0       000020000D0003017
     144       0       8       1       0                               0D0003018
     108    3175       0       0       0       0       0       000010000D0003019
     108       0       0       2       0                               0D0003020
     142    3177       0       0       0       0       0       000010500D0003021
     142       0       0       1       0                               0D0003022
     102    3178       0       0       0       0       0       000010000D0003023
     102       0       0       1       0                               0D0003024
     110    3179       0       0       0       0       0       000010000D0003025
     110       0       0       1       0                               0D0003026
     110    3180       0       0       0       0       0       000010000D0003027
     110       0       0       1       0                               0D0003028
     110    3181       0       0       0       0       0       000010000D0003029
     110       0       0       2       0                               0D0003030
     110    3183       0       0       0       0       0       000010000D0003031
     110       0       0       1       0                               0D0003032
     144    3184       0       0       0       0       0       000020000D0003033
     144       0       8       1       0                               0D0003034
     108    3185       0       0       0       0       0       000010000D0003035
     108       0       0       2       0                               0D0003036
     142    3187       0       0       0       0       0       000010500D0003037
     142       0       0       1       0                               0D0003038
     102    3188       0       0       0       0       0       000010000D0003039
     102       0       0       1       0                               0D0003040
     110    3189       0       0       0       0       0       000010000D0003041
     110       0       0       2       0                               0D0003042
     110    3191       0       0       0       0       0       000010000D0003043
     110       0       0       1       0                               0D0003044
     110    3192       0       0       0       0       0       000010000D0003045
     110       0       0       1       0                               0D0003046
     110    3193       0       0       0       0       0       000010000D0003047
     110       0       0       1       0                               0D0003048
     144    3194       0       0       0       0       0       000020000D0003049
     144       0       8       1       0                               0D0003050
     120    3195       0       0       0       0    3053       000010000D0003051
     120       0       0       1       0                               0D0003052
     124    3196       0       0       0       0       0       000000000D0003053
     124       0       0       2       0                               0D0003054
     110    3198       0       0       0       0       0       000010000D0003055
     110       0       0       1       0                               0D0003056
     110    3199       0       0       0       0       0       000010000D0003057
     110       0       0       1       0                               0D0003058
     142    3200       0       0       0       0       0       000010500D0003059
     142       0       0       1       0                               0D0003060
     102    3201       0       0       0       0       0       000010000D0003061
     102       0       0       1       0                               0D0003062
     110    3202       0       0       0       0       0       000010000D0003063
     110       0       0       1       0                               0D0003064
     110    3203       0       0       0       0       0       000010000D0003065
     110       0       0       1       0                               0D0003066
     110    3204       0       0       0       0       0       000010000D0003067
     110       0       0       1       0                               0D0003068
     110    3205       0       0       0       0       0       000010000D0003069
     110       0       0       1       0                               0D0003070
     102    3206       0       0       0       0       0       000010000D0003071
     102       0       0       1       0                               0D0003072
     100    3207       0       0       0       0    3075       000010000D0003073
     100       0       0       1       0                               0D0003074
     124    3208       0       0       0       0       0       000000000D0003075
     124       0       0       2       0                               0D0003076
     110    3210       0       0       0       0       0       000010000D0003077
     110       0       0       2       0                               0D0003078
     100    3212       0       0       0       0    3081       000010000D0003079
     100       0       0       1       0                               0D0003080
     124    3213       0       0       0       0       0       000000000D0003081
     124       0       0       2       0                               0D0003082
     110    3215       0       0       0       0       0       000010000D0003083
     110       0       0       2       0                               0D0003084
     402    3217       0       0       0       0       0       000020000D0003085
     402       0       0       2       1                LEAD-DWV        D0003086
     144    3219       0       0       0       0       0       000020000D0003087
     144       0       8       1       0                               0D0003088
     108    3220       0       0       0       0       0       000010000D0003089
     108       0       0       1       0                               0D0003090
     142    3221       0       0       0       0       0       000010500D0003091
     142       0       0       1       0                               0D0003092
     102    3222       0       0       0       0       0       000010000D0003093
     102       0       0       2       0                               0D0003094
     100    3224       0       0       0       0    3097       000010000D0003095
     100       0       0       1       0                               0D0003096
     124    3225       0       0       0       0       0       000000000D0003097
     124       0       0       2       0                               0D0003098
     110    3227       0       0       0       0       0       000010000D0003099
     110       0       0       1       0                               0D0003100
     110    3228       0       0       0       0       0       000010000D0003101
     110       0       0       1       0                               0D0003102
     110    3229       0       0       0       0       0       000010000D0003103
     110       0       0       2       0                               0D0003104
     100    3231       0       0       0       0    3107       000010000D0003105
     100       0       0       1       0                               0D0003106
     124    3232       0       0       0       0       0       000000000D0003107
     124       0       0       2       0                               0D0003108
     110    3234       0       0       0       0       0       000010000D0003109
     110       0       0       2       0                               0D0003110
     100    3236       0       0       0       0    3113       000010000D0003111
     100       0       0       1       0                               0D0003112
     124    3237       0       0       0       0       0       000000000D0003113
     124       0       0       2       0                               0D0003114
     110    3239       0       0       0       0       0       000010000D0003115
     110       0       0       1       0                               0D0003116
     110    3240       0       0       0       0       0       000010000D0003117
     110       0       0       1       0                               0D0003118
     110    3241       0       0       0       0       0       000010000D0003119
     110       0       0       1       0                               0D0003120
     100    3242       0       0       0       0    3123       000010000D0003121
     100       0       0       1       0                               0D0003122
     124    3243       0       0       0       0       0       000000000D0003123
     124       0       0       1       0                               0D0003124
     110    3244       0       0       0       0       0       000010000D0003125
     110       0       0       2       0                               0D0003126
     144    3246       0       0       0       0       0       000020000D0003127
     144       0       8       1       0                               0D0003128
     108    3247       0       0       0       0       0       000010000D0003129
     108       0       0       2       0                               0D0003130
     142    3249       0       0       0       0       0       000010500D0003131
     142       0       0       1       0                               0D0003132
     102    3250       0       0       0       0       0       000010000D0003133
     102       0       0       1       0                               0D0003134
     110    3251       0       0       0       0       0       000010000D0003135
     110       0       0       2       0                               0D0003136
     110    3253       0       0       0       0       0       000010000D0003137
     110       0       0       2       0                               0D0003138
     110    3255       0       0       0       0       0       000010000D0003139
     110       0       0       2       0                               0D0003140
     110    3257       0       0       0       0       0       000010000D0003141
     110       0       0       1       0                               0D0003142
     144    3258       0       0       0       0       0       000020000D0003143
     144       0       8       1       0                               0D0003144
     108    3259       0       0       0       0       0       000010000D0003145
     108       0       0       1       0                               0D0003146
     142    3260       0       0       0       0       0       000010500D0003147
     142       0       0       1       0                               0D0003148
     102    3261       0       0       0       0       0       000010000D0003149
     102       0       0       2       0                               0D0003150
     100    3263       0       0       0       0    3153       000010000D0003151
     100       0       0       1       0                               0D0003152
     124    3264       0       0       0       0       0       000000000D0003153
     124       0       0       2       0                               0D0003154
     110    3266       0       0       0       0       0       000010000D0003155
     110       0       0       1       0                               0D0003156
     110    3267       0       0       0       0       0       000010000D0003157
     110       0       0       1       0                               0D0003158
     110    3268       0       0       0       0       0       000010000D0003159
     110       0       0       1       0                               0D0003160
     100    3269       0       0       0       0    3163       000010000D0003161
     100       0       0       1       0                               0D0003162
     124    3270       0       0       0       0       0       000000000D0003163
     124       0       0       2       0                               0D0003164
     110    3272       0       0       0       0       0       000010000D0003165
     110       0       0       1       0                               0D0003166
     100    3273       0       0       0       0    3169       000010000D0003167
     100       0       0       1       0                               0D0003168
     124    3274       0       0       0       0       0       000000000D0003169
     124       0       0       1       0                               0D0003170
     110    3275       0       0       0       0       0       000010000D0003171
     110       0       0       1       0                               0D0003172
     110    3276       0       0       0       0       0       000010000D0003173
     110       0       0       1       0                               0D0003174
     110    3277       0       0       0       0       0       000010000D0003175
     110       0       0       1       0                               0D0003176
     100    3278       0       0       0       0    3179       000010000D0003177
     100       0       0       1       0                               0D0003178
     124    3279       0       0       0       0       0       000000000D0003179
     124       0       0       2       0                               0D0003180
     110    3281       0       0       0       0       0       000010000D0003181
     110       0       0       1       0                               0D0003182
     144    3282       0       0       0       0       0       000020000D0003183
     144       0       8       1       0                               0D0003184
     108    3283       0       0       0       0       0       000010000D0003185
     108       0       0       2       0                               0D0003186
     142    3285       0       0       0       0       0       000010500D0003187
     142       0       0       1       0                               0D0003188
     102    3286       0       0       0       0       0       000010000D0003189
     102       0       0       1       0                               0D0003190
     110    3287       0       0       0       0       0       000010000D0003191
     110       0       0       2       0                               0D0003192
     110    3289       0       0       0       0       0       000010000D0003193
     110       0       0       1       0                               0D0003194
     110    3290       0       0       0       0       0       000010000D0003195
     110       0       0       1       0                               0D0003196
     110    3291       0       0       0       0       0       000010000D0003197
     110       0       0       2       0                               0D0003198
     144    3293       0       0       0       0       0       000020000D0003199
     144       0       8       1       0                               0D0003200
     120    3294       0       0       0       0    3203       000010000D0003201
     120       0       0       1       0                               0D0003202
     124    3295       0       0       0       0       0       000000000D0003203
     124       0       0       2       0                               0D0003204
     110    3297       0       0       0       0       0       000010000D0003205
     110       0       0       1       0                               0D0003206
     110    3298       0       0       0       0       0       000010000D0003207
     110       0       0       1       0                               0D0003208
     142    3299       0       0       0       0       0       000010500D0003209
     142       0       0       1       0                               0D0003210
     102    3300       0       0       0       0       0       000010000D0003211
     102       0       0       1       0                               0D0003212
     110    3301       0       0       0       0       0       000010000D0003213
     110       0       0       1       0                               0D0003214
     110    3302       0       0       0       0       0       000010000D0003215
     110       0       0       1       0                               0D0003216
     110    3303       0       0       0       0       0       000010000D0003217
     110       0       0       1       0                               0D0003218
     110    3304       0       0       0       0       0       000010000D0003219
     110       0       0       1       0                               0D0003220
     102    3305       0       0       0       0       0       000010000D0003221
     102       0       0       1       0                               0D0003222
     100    3306       0       0       0       0    3225       000010000D0003223
     100       0       0       1       0                               0D0003224
     124    3307       0       0       0       0       0       000000000D0003225
     124       0       0       2       0                               0D0003226
     110    3309       0       0       0       0       0       000010000D0003227
     110       0       0       1       0                               0D0003228
     100    3310       0       0       0       0    3231       000010000D0003229
     100       0       0       1       0                               0D0003230
     124    3311       0       0       0       0       0       000000000D0003231
     124       0       0       2       0                               0D0003232
     110    3313       0       0       0       0       0       000010000D0003233
     110       0       0       1       0                               0D0003234
     144    3314       0       0       0       0       0       000020000D0003235
     144       0       8       1       0                               0D0003236
     108    3315       0       0       0       0       0       000010000D0003237
     108       0       0       1       0                               0D0003238
     142    3316       0       0       0       0       0       000010500D0003239
     142       0       0       1       0                               0D0003240
     102    3317       0       0       0       0       0       000010000D0003241
     102       0       0       1       0                               0D0003242
     110    3318       0       0       0       0       0       000010000D0003243
     110       0       0       1       0                               0D0003244
     110    3319       0       0       0       0       0       000010000D0003245
     110       0       0       1       0                               0D0003246
     110    3320       0       0       0       0       0       000010000D0003247
     110       0       0       1       0                               0D0003248
     110    3321       0       0       0       0       0       000010000D0003249
     110       0       0       1       0                               0D0003250
     144    3322       0       0       0       0       0       000020000D0003251
     144       0       8       1       0                               0D0003252
     108    3323       0       0       0       0       0       000010000D0003253
     108       0       0       1       0                               0D0003254
     142    3324       0       0       0       0       0       000010500D0003255
     142       0       0       1       0                               0D0003256
     102    3325       0       0       0       0       0       000010000D0003257
     102       0       0       1       0                               0D0003258
     110    3326       0       0       0       0       0       000010000D0003259
     110       0       0       1       0                               0D0003260
     110    3327       0       0       0       0       0       000010000D0003261
     110       0       0       1       0                               0D0003262
     110    3328       0       0       0       0       0       000010000D0003263
     110       0       0       1       0                               0D0003264
     110    3329       0       0       0       0       0       000010000D0003265
     110       0       0       1       0                               0D0003266
     144    3330       0       0       0       0       0       000020000D0003267
     144       0       8       1       0                               0D0003268
     108    3331       0       0       0       0       0       000010000D0003269
     108       0       0       1       0                               0D0003270
     142    3332       0       0       0       0       0       000010500D0003271
     142       0       0       1       0                               0D0003272
     102    3333       0       0       0       0       0       000010000D0003273
     102       0       0       1       0                               0D0003274
     110    3334       0       0       0       0       0       000010000D0003275
     110       0       0       1       0                               0D0003276
     110    3335       0       0       0       0       0       000010000D0003277
     110       0       0       1       0                               0D0003278
     110    3336       0       0       0       0       0       000010000D0003279
     110       0       0       1       0                               0D0003280
     110    3337       0       0       0       0       0       000010000D0003281
     110       0       0       1       0                               0D0003282
     144    3338       0       0       0       0       0       000020000D0003283
     144       0       8       1       0                               0D0003284
     120    3339       0       0       0       0    3287       000010000D0003285
     120       0       0       1       0                               0D0003286
     124    3340       0       0       0       0       0       000000000D0003287
     124       0       0       1       1                               0D0003288
     110    3341       0       0       0       0       0       000010000D0003289
     110       0       0       1       0                               0D0003290
     110    3342       0       0       0       0       0       000010000D0003291
     110       0       0       1       0                               0D0003292
     142    3343       0       0       0       0       0       000010500D0003293
     142       0       0       1       0                               0D0003294
     102    3344       0       0       0       0       0       000010000D0003295
     102       0       0       1       0                               0D0003296
     110    3345       0       0       0       0       0       000010000D0003297
     110       0       0       1       0                               0D0003298
     110    3346       0       0       0       0       0       000010000D0003299
     110       0       0       1       0                               0D0003300
     110    3347       0       0       0       0       0       000010000D0003301
     110       0       0       2       0                               0D0003302
     110    3349       0       0       0       0       0       000010000D0003303
     110       0       0       1       0                               0D0003304
     102    3350       0       0       0       0       0       000010000D0003305
     102       0       0       1       0                               0D0003306
     100    3351       0       0       0       0    3309       000010000D0003307
     100       0       0       1       0                               0D0003308
     124    3352       0       0       0       0       0       000000000D0003309
     124       0       0       1       0                               0D0003310
     110    3353       0       0       0       0       0       000010000D0003311
     110       0       0       2       0                               0D0003312
     100    3355       0       0       0       0    3315       000010000D0003313
     100       0       0       1       0                               0D0003314
     124    3356       0       0       0       0       0       000000000D0003315
     124       0       0       1       0                               0D0003316
     110    3357       0       0       0       0       0       000010000D0003317
     110       0       0       1       0                               0D0003318
     144    3358       0       0       0       0       0       000020000D0003319
     144       0       8       1       0                               0D0003320
     120    3359       0       0       0       0    3323       000010000D0003321
     120       0       0       1       0                               0D0003322
     124    3360       0       0       0       0       0       000000000D0003323
     124       0       0       2       1                               0D0003324
     110    3362       0       0       0       0       0       000010000D0003325
     110       0       0       1       0                               0D0003326
     110    3363       0       0       0       0       0       000010000D0003327
     110       0       0       1       0                               0D0003328
     142    3364       0       0       0       0       0       000010500D0003329
     142       0       0       1       0                               0D0003330
     102    3365       0       0       0       0       0       000010000D0003331
     102       0       0       1       0                               0D0003332
     110    3366       0       0       0       0       0       000010000D0003333
     110       0       0       1       0                               0D0003334
     110    3367       0       0       0       0       0       000010000D0003335
     110       0       0       1       0                               0D0003336
     110    3368       0       0       0       0       0       000010000D0003337
     110       0       0       2       0                               0D0003338
     110    3370       0       0       0       0       0       000010000D0003339
     110       0       0       1       0                               0D0003340
     102    3371       0       0       0       0       0       000010000D0003341
     102       0       0       1       0                               0D0003342
     100    3372       0       0       0       0    3345       000010000D0003343
     100       0       0       1       0                               0D0003344
     124    3373       0       0       0       0       0       000000000D0003345
     124       0       0       2       0                               0D0003346
     110    3375       0       0       0       0       0       000010000D0003347
     110       0       0       2       0                               0D0003348
     100    3377       0       0       0       0    3351       000010000D0003349
     100       0       0       1       0                               0D0003350
     124    3378       0       0       0       0       0       000000000D0003351
     124       0       0       2       0                               0D0003352
     110    3380       0       0       0       0       0       000010000D0003353
     110       0       0       2       0                               0D0003354
     144    3382       0       0       0       0       0       000020000D0003355
     144       0       8       1       0                               0D0003356
     108    3383       0       0       0       0       0       000010000D0003357
     108       0       0       2       0                               0D0003358
     142    3385       0       0       0       0       0       000010500D0003359
     142       0       0       1       0                               0D0003360
     102    3386       0       0       0       0       0       000010000D0003361
     102       0       0       1       0                               0D0003362
     110    3387       0       0       0       0       0       000010000D0003363
     110       0       0       2       0                               0D0003364
     110    3389       0       0       0       0       0       000010000D0003365
     110       0       0       1       0                               0D0003366
     110    3390       0       0       0       0       0       000010000D0003367
     110       0       0       2       0                               0D0003368
     110    3392       0       0       0       0       0       000010000D0003369
     110       0       0       2       0                               0D0003370
     144    3394       0       0       0       0       0       000020000D0003371
     144       0       8       1       0                               0D0003372
     108    3395       0       0       0       0       0       000010000D0003373
     108       0       0       2       0                               0D0003374
     142    3397       0       0       0       0       0       000010500D0003375
     142       0       0       1       0                               0D0003376
     102    3398       0       0       0       0       0       000010000D0003377
     102       0       0       1       0                               0D0003378
     110    3399       0       0       0       0       0       000010000D0003379
     110       0       0       1       0                               0D0003380
     110    3400       0       0       0       0       0       000010000D0003381
     110       0       0       1       0                               0D0003382
     110    3401       0       0       0       0       0       000010000D0003383
     110       0       0       2       0                               0D0003384
     110    3403       0       0       0       0       0       000010000D0003385
     110       0       0       1       0                               0D0003386
     144    3404       0       0       0       0       0       000020000D0003387
     144       0       8       1       0                               0D0003388
     108    3405       0       0       0       0       0       000010000D0003389
     108       0       0       2       0                               0D0003390
     142    3407       0       0       0       0       0       000010500D0003391
     142       0       0       1       0                               0D0003392
     102    3408       0       0       0       0       0       000010000D0003393
     102       0       0       1       0                               0D0003394
     110    3409       0       0       0       0       0       000010000D0003395
     110       0       0       2       0                               0D0003396
     110    3411       0       0       0       0       0       000010000D0003397
     110       0       0       1       0                               0D0003398
     110    3412       0       0       0       0       0       000010000D0003399
     110       0       0       1       0                               0D0003400
     110    3413       0       0       0       0       0       000010000D0003401
     110       0       0       1       0                               0D0003402
     144    3414       0       0       0       0       0       000020000D0003403
     144       0       8       1       0                               0D0003404
     120    3415       0       0       0       0    3407       000010000D0003405
     120       0       0       1       0                               0D0003406
     124    3416       0       0       0       0       0       000000000D0003407
     124       0       0       2       0                               0D0003408
     110    3418       0       0       0       0       0       000010000D0003409
     110       0       0       1       0                               0D0003410
     110    3419       0       0       0       0       0       000010000D0003411
     110       0       0       1       0                               0D0003412
     142    3420       0       0       0       0       0       000010500D0003413
     142       0       0       1       0                               0D0003414
     102    3421       0       0       0       0       0       000010000D0003415
     102       0       0       1       0                               0D0003416
     110    3422       0       0       0       0       0       000010000D0003417
     110       0       0       1       0                               0D0003418
     110    3423       0       0       0       0       0       000010000D0003419
     110       0       0       1       0                               0D0003420
     110    3424       0       0       0       0       0       000010000D0003421
     110       0       0       1       0                               0D0003422
     110    3425       0       0       0       0       0       000010000D0003423
     110       0       0       1       0                               0D0003424
     102    3426       0       0       0       0       0       000010000D0003425
     102       0       0       1       0                               0D0003426
     100    3427       0       0       0       0    3429       000010000D0003427
     100       0       0       1       0                               0D0003428
     124    3428       0       0       0       0       0       000000000D0003429
     124       0       0       2       0                               0D0003430
     110    3430       0       0       0       0       0       000010000D0003431
     110       0       0       2       0                               0D0003432
     100    3432       0       0       0       0    3435       000010000D0003433
     100       0       0       1       0                               0D0003434
     124    3433       0       0       0       0       0       000000000D0003435
     124       0       0       2       0                               0D0003436
     110    3435       0       0       0       0       0       000010000D0003437
     110       0       0       2       0                               0D0003438
     402    3437       0       0       0       0       0       000020000D0003439
     402       0       0       2       1                LEAD-DWV        D0003440
     144    3439       0       0       0       0       0       000020000D0003441
     144       0       8       1       0                               0D0003442
     108    3440       0       0       0       0       0       000010000D0003443
     108       0       0       1       0                               0D0003444
     142    3441       0       0       0       0       0       000010500D0003445
     142       0       0       1       0                               0D0003446
     102    3442       0       0       0       0       0       000010000D0003447
     102       0       0       2       0                               0D0003448
     100    3444       0       0       0       0    3451       000010000D0003449
     100       0       0       1       0                               0D0003450
     124    3445       0       0       0       0       0       000000000D0003451
     124       0       0       2       0                               0D0003452
     110    3447       0       0       0       0       0       000010000D0003453
     110       0       0       1       0                               0D0003454
     110    3448       0       0       0       0       0       000010000D0003455
     110       0       0       1       0                               0D0003456
     110    3449       0       0       0       0       0       000010000D0003457
     110       0       0       2       0                               0D0003458
     100    3451       0       0       0       0    3461       000010000D0003459
     100       0       0       1       0                               0D0003460
     124    3452       0       0       0       0       0       000000000D0003461
     124       0       0       2       0                               0D0003462
     110    3454       0       0       0       0       0       000010000D0003463
     110       0       0       2       0                               0D0003464
     100    3456       0       0       0       0    3467       000010000D0003465
     100       0       0       1       0                               0D0003466
     124    3457       0       0       0       0       0       000000000D0003467
     124       0       0       2       0                               0D0003468
     110    3459       0       0       0       0       0       000010000D0003469
     110       0       0       1       0                               0D0003470
     110    3460       0       0       0       0       0       000010000D0003471
     110       0       0       1       0                               0D0003472
     110    3461       0       0       0       0       0       000010000D0003473
     110       0       0       1       0                               0D0003474
     100    3462       0       0       0       0    3477       000010000D0003475
     100       0       0       1       0                               0D0003476
     124    3463       0       0       0       0       0       000000000D0003477
     124       0       0       1       0                               0D0003478
     110    3464       0       0       0       0       0       000010000D0003479
     110       0       0       2       0                               0D0003480
     144    3466       0       0       0       0       0       000020000D0003481
     144       0       8       1       0                               0D0003482
     108    3467       0       0       0       0       0       000010000D0003483
     108       0       0       2       0                               0D0003484
     142    3469       0       0       0       0       0       000010500D0003485
     142       0       0       1       0                               0D0003486
     102    3470       0       0       0       0       0       000010000D0003487
     102       0       0       1       0                               0D0003488
     110    3471       0       0       0       0       0       000010000D0003489
     110       0       0       2       0                               0D0003490
     110    3473       0       0       0       0       0       000010000D0003491
     110       0       0       2       0                               0D0003492
     110    3475       0       0       0       0       0       000010000D0003493
     110       0       0       2       0                               0D0003494
     110    3477       0       0       0       0       0       000010000D0003495
     110       0       0       2       0                               0D0003496
     144    3479       0       0       0       0       0       000020000D0003497
     144       0       8       1       0                               0D0003498
     108    3480       0       0       0       0       0       000010000D0003499
     108       0       0       1       0                               0D0003500
     142    3481       0       0       0       0       0       000010500D0003501
     142       0       0       1       0                               0D0003502
     102    3482       0       0       0       0       0       000010000D0003503
     102       0       0       2       0                               0D0003504
     100    3484       0       0       0       0    3507       000010000D0003505
     100       0       0       1       0                               0D0003506
     124    3485       0       0       0       0       0       000000000D0003507
     124       0       0       2       0                               0D0003508
     110    3487       0       0       0       0       0       000010000D0003509
     110       0       0       2       0                               0D0003510
     110    3489       0       0       0       0       0       000010000D0003511
     110       0       0       1       0                               0D0003512
     110    3490       0       0       0       0       0       000010000D0003513
     110       0       0       1       0                               0D0003514
     100    3491       0       0       0       0    3517       000010000D0003515
     100       0       0       1       0                               0D0003516
     124    3492       0       0       0       0       0       000000000D0003517
     124       0       0       2       0                               0D0003518
     110    3494       0       0       0       0       0       000010000D0003519
     110       0       0       2       0                               0D0003520
     100    3496       0       0       0       0    3523       000010000D0003521
     100       0       0       1       0                               0D0003522
     124    3497       0       0       0       0       0       000000000D0003523
     124       0       0       1       0                               0D0003524
     110    3498       0       0       0       0       0       000010000D0003525
     110       0       0       1       0                               0D0003526
     110    3499       0       0       0       0       0       000010000D0003527
     110       0       0       1       0                               0D0003528
     110    3500       0       0       0       0       0       000010000D0003529
     110       0       0       1       0                               0D0003530
     100    3501       0       0       0       0    3533       000010000D0003531
     100       0       0       1       0                               0D0003532
     124    3502       0       0       0       0       0       000000000D0003533
     124       0       0       2       0                               0D0003534
     110    3504       0       0       0       0       0       000010000D0003535
     110       0       0       2       0                               0D0003536
     144    3506       0       0       0       0       0       000020000D0003537
     144       0       8       1       0                               0D0003538
     108    3507       0       0       0       0       0       000010000D0003539
     108       0       0       2       0                               0D0003540
     142    3509       0       0       0       0       0       000010500D0003541
     142       0       0       1       0                               0D0003542
     102    3510       0       0       0       0       0       000010000D0003543
     102       0       0       1       0                               0D0003544
     110    3511       0       0       0       0       0       000010000D0003545
     110       0       0       2       0                               0D0003546
     110    3513       0       0       0       0       0       000010000D0003547
     110       0       0       2       0                               0D0003548
     110    3515       0       0       0       0       0       000010000D0003549
     110       0       0       1       0                               0D0003550
     110    3516       0       0       0       0       0       000010000D0003551
     110       0       0       2       0                               0D0003552
     144    3518       0       0       0       0       0       000020000D0003553
     144       0       8       1       0                               0D0003554
     120    3519       0       0       0       0    3557       000010000D0003555
     120       0       0       1       0                               0D0003556
     124    3520       0       0       0       0       0       000000000D0003557
     124       0       0       2       0                               0D0003558
     110    3522       0       0       0       0       0       000010000D0003559
     110       0       0       1       0                               0D0003560
     110    3523       0       0       0       0       0       000010000D0003561
     110       0       0       1       0                               0D0003562
     142    3524       0       0       0       0       0       000010500D0003563
     142       0       0       1       0                               0D0003564
     102    3525       0       0       0       0       0       000010000D0003565
     102       0       0       1       0                               0D0003566
     110    3526       0       0       0       0       0       000010000D0003567
     110       0       0       1       0                               0D0003568
     110    3527       0       0       0       0       0       000010000D0003569
     110       0       0       1       0                               0D0003570
     110    3528       0       0       0       0       0       000010000D0003571
     110       0       0       1       0                               0D0003572
     110    3529       0       0       0       0       0       000010000D0003573
     110       0       0       1       0                               0D0003574
     102    3530       0       0       0       0       0       000010000D0003575
     102       0       0       1       0                               0D0003576
     100    3531       0       0       0       0    3579       000010000D0003577
     100       0       0       1       0                               0D0003578
     124    3532       0       0       0       0       0       000000000D0003579
     124       0       0       2       0                               0D0003580
     110    3534       0       0       0       0       0       000010000D0003581
     110       0       0       1       0                               0D0003582
     100    3535       0       0       0       0    3585       000010000D0003583
     100       0       0       1       0                               0D0003584
     124    3536       0       0       0       0       0       000000000D0003585
     124       0       0       2       0                               0D0003586
     110    3538       0       0       0       0       0       000010000D0003587
     110       0       0       1       0                               0D0003588
     144    3539       0       0       0       0       0       000020000D0003589
     144       0       8       1       0                               0D0003590
     108    3540       0       0       0       0       0       000010000D0003591
     108       0       0       1       0                               0D0003592
     142    3541       0       0       0       0       0       000010500D0003593
     142       0       0       1       0                               0D0003594
     102    3542       0       0       0       0       0       000010000D0003595
     102       0       0       1       0                               0D0003596
     110    3543       0       0       0       0       0       000010000D0003597
     110       0       0       1       0                               0D0003598
     110    3544       0       0       0       0       0       000010000D0003599
     110       0       0       1       0                               0D0003600
     110    3545       0       0       0       0       0       000010000D0003601
     110       0       0       1       0                               0D0003602
     110    3546       0       0       0       0       0       000010000D0003603
     110       0       0       1       0                               0D0003604
     144    3547       0       0       0       0       0       000020000D0003605
     144       0       8       1       0                               0D0003606
     108    3548       0       0       0       0       0       000010000D0003607
     108       0       0       1       0                               0D0003608
     142    3549       0       0       0       0       0       000010500D0003609
     142       0       0       1       0                               0D0003610
     102    3550       0       0       0       0       0       000010000D0003611
     102       0       0       1       0                               0D0003612
     110    3551       0       0       0       0       0       000010000D0003613
     110       0       0       1       0                               0D0003614
     110    3552       0       0       0       0       0       000010000D0003615
     110       0       0       1       0                               0D0003616
     110    3553       0       0       0       0       0       000010000D0003617
     110       0       0       1       0                               0D0003618
     110    3554       0       0       0       0       0       000010000D0003619
     110       0       0       1       0                               0D0003620
     144    3555       0       0       0       0       0       000020000D0003621
     144       0       8       1       0                               0D0003622
     108    3556       0       0       0       0       0       000010000D0003623
     108       0       0       1       0                               0D0003624
     142    3557       0       0       0       0       0       000010500D0003625
     142       0       0       1       0                               0D0003626
     102    3558       0       0       0       0       0       000010000D0003627
     102       0       0       1       0                               0D0003628
     110    3559       0       0       0       0       0       000010000D0003629
     110       0       0       1       0                               0D0003630
     110    3560       0       0       0       0       0       000010000D0003631
     110       0       0       1       0                               0D0003632
     110    3561       0       0       0       0       0       000010000D0003633
     110       0       0       1       0                               0D0003634
     110    3562       0       0       0       0       0       000010000D0003635
     110       0       0       1       0                               0D0003636
     144    3563       0       0       0       0       0       000020000D0003637
     144       0       8       1       0                               0D0003638
     120    3564       0       0       0       0    3641       000010000D0003639
     120       0       0       1       0                               0D0003640
     124    3565       0       0       0       0       0       000000000D0003641
     124       0       0       1       1                               0D0003642
     110    3566       0       0       0       0       0       000010000D0003643
     110       0       0       1       0                               0D0003644
     110    3567       0       0       0       0       0       000010000D0003645
     110       0       0       1       0                               0D0003646
     142    3568       0       0       0       0       0       000010500D0003647
     142       0       0       1       0                               0D0003648
     102    3569       0       0       0       0       0       000010000D0003649
     102       0       0       1       0                               0D0003650
     110    3570       0       0       0       0       0       000010000D0003651
     110       0       0       1       0                               0D0003652
     110    3571       0       0       0       0       0       000010000D0003653
     110       0       0       1       0                               0D0003654
     110    3572       0       0       0       0       0       000010000D0003655
     110       0       0       2       0                               0D0003656
     110    3574       0       0       0       0       0       000010000D0003657
     110       0       0       1       0                               0D0003658
     102    3575       0       0       0       0       0       000010000D0003659
     102       0       0       1       0                               0D0003660
     100    3576       0       0       0       0    3663       000010000D0003661
     100       0       0       1       0                               0D0003662
     124    3577       0       0       0       0       0       000000000D0003663
     124       0       0       1       0                               0D0003664
     110    3578       0       0       0       0       0       000010000D0003665
     110       0       0       2       0                               0D0003666
     100    3580       0       0       0       0    3669       000010000D0003667
     100       0       0       1       0                               0D0003668
     124    3581       0       0       0       0       0       000000000D0003669
     124       0       0       1       0                               0D0003670
     110    3582       0       0       0       0       0       000010000D0003671
     110       0       0       1       0                               0D0003672
     144    3583       0       0       0       0       0       000020000D0003673
     144       0       8       1       0                               0D0003674
     120    3584       0       0       0       0    3677       000010000D0003675
     120       0       0       1       0                               0D0003676
     124    3585       0       0       0       0       0       000000000D0003677
     124       0       0       2       1                               0D0003678
     110    3587       0       0       0       0       0       000010000D0003679
     110       0       0       1       0                               0D0003680
     110    3588       0       0       0       0       0       000010000D0003681
     110       0       0       1       0                               0D0003682
     142    3589       0       0       0       0       0       000010500D0003683
     142       0       0       1       0                               0D0003684
     102    3590       0       0       0       0       0       000010000D0003685
     102       0       0       1       0                               0D0003686
     110    3591       0       0       0       0       0       000010000D0003687
     110       0       0       1       0                               0D0003688
     110    3592       0       0       0       0       0       000010000D0003689
     110       0       0       1       0                               0D0003690
     110    3593       0       0       0       0       0       000010000D0003691
     110       0       0       2       0                               0D0003692
     110    3595       0       0       0       0       0       000010000D0003693
     110       0       0       1       0                               0D0003694
     102    3596       0       0       0       0       0       000010000D0003695
     102       0       0       1       0                               0D0003696
     100    3597       0       0       0       0    3699       000010000D0003697
     100       0       0       1       0                               0D0003698
     124    3598       0       0       0       0       0       000000000D0003699
     124       0       0       2       0                               0D0003700
     110    3600       0       0       0       0       0       000010000D0003701
     110       0       0       2       0                               0D0003702
     100    3602       0       0       0       0    3705       000010000D0003703
     100       0       0       1       0                               0D0003704
     124    3603       0       0       0       0       0       000000000D0003705
     124       0       0       2       0                               0D0003706
     110    3605       0       0       0       0       0       000010000D0003707
     110       0       0       2       0                               0D0003708
     144    3607       0       0       0       0       0       000020000D0003709
     144       0       8       1       0                               0D0003710
     108    3608       0       0       0       0       0       000010000D0003711
     108       0       0       2       0                               0D0003712
     142    3610       0       0       0       0       0       000010500D0003713
     142       0       0       1       0                               0D0003714
     102    3611       0       0       0       0       0       000010000D0003715
     102       0       0       1       0                               0D0003716
     110    3612       0       0       0       0       0       000010000D0003717
     110       0       0       2       0                               0D0003718
     110    3614       0       0       0       0       0       000010000D0003719
     110       0       0       2       0                               0D0003720
     110    3616       0       0       0       0       0       000010000D0003721
     110       0       0       2       0                               0D0003722
     110    3618       0       0       0       0       0       000010000D0003723
     110       0       0       2       0                               0D0003724
     144    3620       0       0       0       0       0       000020000D0003725
     144       0       8       1       0                               0D0003726
     108    3621       0       0       0       0       0       000010000D0003727
     108       0       0       2       0                               0D0003728
     142    3623       0       0       0       0       0       000010500D0003729
     142       0       0       1       0                               0D0003730
     102    3624       0       0       0       0       0       000010000D0003731
     102       0       0       1       0                               0D0003732
     110    3625       0       0       0       0       0       000010000D0003733
     110       0       0       1       0                               0D0003734
     110    3626       0       0       0       0       0       000010000D0003735
     110       0       0       1       0                               0D0003736
     110    3627       0       0       0       0       0       000010000D0003737
     110       0       0       2       0                               0D0003738
     110    3629       0       0       0       0       0       000010000D0003739
     110       0       0       1       0                               0D0003740
     144    3630       0       0       0       0       0       000020000D0003741
     144       0       8       1       0                               0D0003742
     108    3631       0       0       0       0       0       000010000D0003743
     108       0       0       2       0                               0D0003744
     142    3633       0       0       0       0       0       000010500D0003745
     142       0       0       1       0                               0D0003746
     102    3634       0       0       0       0       0       000010000D0003747
     102       0       0       1       0                               0D0003748
     110    3635       0       0       0       0       0       000010000D0003749
     110       0       0       2       0                               0D0003750
     110    3637       0       0       0       0       0       000010000D0003751
     110       0       0       1       0                               0D0003752
     110    3638       0       0       0       0       0       000010000D0003753
     110       0       0       1       0                               0D0003754
     110    3639       0       0       0       0       0       000010000D0003755
     110       0       0       1       0                               0D0003756
     144    3640       0       0       0       0       0       000020000D0003757
     144       0       8       1       0                               0D0003758
     120    3641       0       0       0       0    3761       000010000D0003759
     120       0       0       1       0                               0D0003760
     124    3642       0       0       0       0       0       000000000D0003761
     124       0       0       2       0                               0D0003762
     110    3644       0       0       0       0       0       000010000D0003763
     110       0       0       1       0                               0D0003764
     110    3645       0       0       0       0       0       000010000D0003765
     110       0       0       1       0                               0D0003766
     142    3646       0       0       0       0       0       000010500D0003767
     142       0       0       1       0                               0D0003768
     102    3647       0       0       0       0       0       000010000D0003769
     102       0       0       1       0                               0D0003770
     110    3648       0       0       0       0       0       000010000D0003771
     110       0       0       1       0                               0D0003772
     110    3649       0       0       0       0       0       000010000D0003773
     110       0       0       1       0                               0D0003774
     110    3650       0       0       0       0       0       000010000D0003775
     110       0       0       1       0                               0D0003776
     110    3651       0       0       0       0       0       000010000D0003777
     110       0       0       1       0                               0D0003778
     102    3652       0       0       0       0       0       000010000D0003779
     102       0       0       1       0                               0D0003780
     100    3653       0       0       0       0    3783       000010000D0003781
     100       0       0       1       0                               0D0003782
     124    3654       0       0       0       0       0       000000000D0003783
     124       0       0       2       0                               0D0003784
     110    3656       0       0       0       0       0       000010000D0003785
     110       0       0       2       0                               0D0003786
     100    3658       0       0       0       0    3789       000010000D0003787
     100       0       0       1       0                               0D0003788
     124    3659       0       0       0       0       0       000000000D0003789
     124       0       0       2       0                               0D0003790
     110    3661       0       0       0       0       0       000010000D0003791
     110       0       0       2       0                               0D0003792
     402    3663       0       0       0       0       0       000020000D0003793
     402       0       0       2       1                LEAD-DWV        D0003794
     144    3665       0       0       0       0       0       000020000D0003795
     144       0       8       1       0                               0D0003796
     108    3666       0       0       0       0       0       000010000D0003797
     108       0       0       1       0                               0D0003798
     142    3667       0       0       0       0       0       000010500D0003799
     142       0       0       1       0                               0D0003800
     102    3668       0       0       0       0       0       000010000D0003801
     102       0       0       2       0                               0D0003802
     100    3670       0       0       0       0    3805       000010000D0003803
     100       0       0       1       0                               0D0003804
     124    3671       0       0       0       0       0       000000000D0003805
     124       0       0       2       0                               0D0003806
     110    3673       0       0       0       0       0       000010000D0003807
     110       0       0       1       0                               0D0003808
     110    3674       0       0       0       0       0       000010000D0003809
     110       0       0       1       0                               0D0003810
     110    3675       0       0       0       0       0       000010000D0003811
     110       0       0       2       0                               0D0003812
     100    3677       0       0       0       0    3815       000010000D0003813
     100       0       0       1       0                               0D0003814
     124    3678       0       0       0       0       0       000000000D0003815
     124       0       0       2       0                               0D0003816
     110    3680       0       0       0       0       0       000010000D0003817
     110       0       0       2       0                               0D0003818
     100    3682       0       0       0       0    3821       000010000D0003819
     100       0       0       1       0                               0D0003820
     124    3683       0       0       0       0       0       000000000D0003821
     124       0       0       2       0                               0D0003822
     110    3685       0       0       0       0       0       000010000D0003823
     110       0       0       1       0                               0D0003824
     110    3686       0       0       0       0       0       000010000D0003825
     110       0       0       1       0                               0D0003826
     110    3687       0       0       0       0       0       000010000D0003827
     110       0       0       1       0                               0D0003828
     100    3688       0       0       0       0    3831       000010000D0003829
     100       0       0       1       0                               0D0003830
     124    3689       0       0       0       0       0       000000000D0003831
     124       0       0       1       0                               0D0003832
     110    3690       0       0       0       0       0       000010000D0003833
     110       0       0       2       0                               0D0003834
     144    3692       0       0       0       0       0       000020000D0003835
     144       0       8       1       0                               0D0003836
     108    3693       0       0       0       0       0       000010000D0003837
     108       0       0       2       0                               0D0003838
     142    3695       0       0       0       0       0       000010500D0003839
     142       0       0       1       0                               0D0003840
     102    3696       0       0       0       0       0       000010000D0003841
     102       0       0       1       0                               0D0003842
     110    3697       0       0       0       0       0       000010000D0003843
     110       0       0       2       0                               0D0003844
     110    3699       0       0       0       0       0       000010000D0003845
     110       0       0       2       0                               0D0003846
     110    3701       0       0       0       0       0       000010000D0003847
     110       0       0       2       0                               0D0003848
     110    3703       0       0       0       0       0       000010000D0003849
     110       0       0       2       0                               0D0003850
     144    3705       0       0       0       0       0       000020000D0003851
     144       0       8       1       0                               0D0003852
     108    3706       0       0       0       0       0       000010000D0003853
     108       0       0       1       0                               0D0003854
     142    3707       0       0       0       0       0       000010500D0003855
     142       0       0       1       0                               0D0003856
     102    3708       0       0       0       0       0       000010000D0003857
     102       0       0       2       0                               0D0003858
     100    3710       0       0       0       0    3861       000010000D0003859
     100       0       0       1       0                               0D0003860
     124    3711       0       0       0       0       0       000000000D0003861
     124       0       0       2       0                               0D0003862
     110    3713       0       0       0       0       0       000010000D0003863
     110       0       0       2       0                               0D0003864
     110    3715       0       0       0       0       0       000010000D0003865
     110       0       0       1       0                               0D0003866
     110    3716       0       0       0       0       0       000010000D0003867
     110       0       0       1       0                               0D0003868
     100    3717       0       0       0       0    3871       000010000D0003869
     100       0       0       1       0                               0D0003870
     124    3718       0       0       0       0       0       000000000D0003871
     124       0       0       2       0                               0D0003872
     110    3720       0       0       0       0       0       000010000D0003873
     110       0       0       2       0                               0D0003874
     100    3722       0       0       0       0    3877       000010000D0003875
     100       0       0       1       0                               0D0003876
     124    3723       0       0       0       0       0       000000000D0003877
     124       0       0       1       0                               0D0003878
     110    3724       0       0       0       0       0       000010000D0003879
     110       0       0       1       0                               0D0003880
     110    3725       0       0       0       0       0       000010000D0003881
     110       0       0       1       0                               0D0003882
     110    3726       0       0       0       0       0       000010000D0003883
     110       0       0       1       0                               0D0003884
     100    3727       0       0       0       0    3887       000010000D0003885
     100       0       0       1       0                               0D0003886
     124    3728       0       0       0       0       0       000000000D0003887
     124       0       0       2       0                               0D0003888
     110    3730       0       0       0       0       0       000010000D0003889
     110       0       0       2       0                               0D0003890
     144    3732       0       0       0       0       0       000020000D0003891
     144       0       8       1       0                               0D0003892
     108    3733       0       0       0       0       0       000010000D0003893
     108       0       0       2       0                               0D0003894
     142    3735       0       0       0       0       0       000010500D0003895
     142       0       0       1       0                               0D0003896
     102    3736       0       0       0       0       0       000010000D0003897
     102       0       0       1       0                               0D0003898
     110    3737       0       0       0       0       0       000010000D0003899
     110       0       0       2       0                               0D0003900
     110    3739       0       0       0       0       0       000010000D0003901
     110       0       0       2       0                               0D0003902
     110    3741       0       0       0       0       0       000010000D0003903
     110       0       0       2       0                               0D0003904
     110    3743       0       0       0       0       0       000010000D0003905
     110       0       0       2       0                               0D0003906
     144    3745       0       0       0       0       0       000020000D0003907
     144       0       8       1       0                               0D0003908
     120    3746       0       0       0       0    3911       000010000D0003909
     120       0       0       1       0                               0D0003910
     124    3747       0       0       0       0       0       000000000D0003911
     124       0       0       2       0                               0D0003912
     110    3749       0       0       0       0       0       000010000D0003913
     110       0       0       1       0                               0D0003914
     110    3750       0       0       0       0       0       000010000D0003915
     110       0       0       1       0                               0D0003916
     142    3751       0       0       0       0       0       000010500D0003917
     142       0       0       1       0                               0D0003918
     102    3752       0       0       0       0       0       000010000D0003919
     102       0       0       1       0                               0D0003920
     110    3753       0       0       0       0       0       000010000D0003921
     110       0       0       1       0                               0D0003922
     110    3754       0       0       0       0       0       000010000D0003923
     110       0       0       1       0                               0D0003924
     110    3755       0       0       0       0       0       000010000D0003925
     110       0       0       1       0                               0D0003926
     110    3756       0       0       0       0       0       000010000D0003927
     110       0       0       1       0                               0D0003928
     102    3757       0       0       0       0       0       000010000D0003929
     102       0       0       1       0                               0D0003930
     100    3758       0       0       0       0    3933       000010000D0003931
     100       0       0       1       0                               0D0003932
     124    3759       0       0       0       0       0       000000000D0003933
     124       0       0       2       0                               0D0003934
     110    3761       0       0       0       0       0       000010000D0003935
     110       0       0       1       0                               0D0003936
     100    3762       0       0       0       0    3939       000010000D0003937
     100       0       0       1       0                               0D0003938
     124    3763       0       0       0       0       0       000000000D0003939
     124       0       0       2       0                               0D0003940
     110    3765       0       0       0       0       0       000010000D0003941
     110       0       0       2       0                               0D0003942
     144    3767       0       0       0       0       0       000020000D0003943
     144       0       8       1       0                               0D0003944
     108    3768       0       0       0       0       0       000010000D0003945
     108       0       0       1       0                               0D0003946
     142    3769       0       0       0       0       0       000010500D0003947
     142       0       0       1       0                               0D0003948
     102    3770       0       0       0       0       0       000010000D0003949
     102       0       0       1       0                               0D0003950
     110    3771       0       0       0       0       0       000010000D0003951
     110       0       0       1       0                               0D0003952
     110    3772       0       0       0       0       0       000010000D0003953
     110       0       0       1       0                               0D0003954
     110    3773       0       0       0       0       0       000010000D0003955
     110       0       0       1       0                               0D0003956
     110    3774       0       0       0       0       0       000010000D0003957
     110       0       0       1       0                               0D0003958
     144    3775       0       0       0       0       0       000020000D0003959
     144       0       8       1       0                               0D0003960
     108    3776       0       0       0       0       0       000010000D0003961
     108       0       0       1       0                               0D0003962
     142    3777       0       0       0       0       0       000010500D0003963
     142       0       0       1       0                               0D0003964
     102    3778       0       0       0       0       0       000010000D0003965
     102       0       0       1       0                               0D0003966
     110    3779       0       0       0       0       0       000010000D0003967
     110       0       0       1       0                               0D0003968
     110    3780       0       0       0       0       0       000010000D0003969
     110       0       0       1       0                               0D0003970
     110    3781       0       0       0       0       0       000010000D0003971
     110       0       0       1       0                               0D0003972
     110    3782       0       0       0       0       0       000010000D0003973
     110       0       0       1       0                               0D0003974
     144    3783       0       0       0       0       0       000020000D0003975
     144       0       8       1       0                               0D0003976
     108    3784       0       0       0       0       0       000010000D0003977
     108       0       0       1       0                               0D0003978
     142    3785       0       0       0       0       0       000010500D0003979
     142       0       0       1       0                               0D0003980
     102    3786       0       0       0       0       0       000010000D0003981
     102       0       0       1       0                               0D0003982
     110    3787       0       0       0       0       0       000010000D0003983
     110       0       0       1       0                               0D0003984
     110    3788       0       0       0       0       0       000010000D0003985
     110       0       0       1       0                               0D0003986
     110    3789       0       0       0       0       0       000010000D0003987
     110       0       0       1       0                               0D0003988
     110    3790       0       0       0       0       0       000010000D0003989
     110       0       0       1       0                               0D0003990
     144    3791       0       0       0       0       0       000020000D0003991
     144       0       8       1       0                               0D0003992
     120    3792       0       0       0       0    3995       000010000D0003993
     120       0       0       1       0                               0D0003994
     124    3793       0       0       0       0       0       000000000D0003995
     124       0       0       1       1                               0D0003996
     110    3794       0       0       0       0       0       000010000D0003997
     110       0       0       1       0                               0D0003998
     110    3795       0       0       0       0       0       000010000D0003999
     110       0       0       1       0                               0D0004000
     142    3796       0       0       0       0       0       000010500D0004001
     142       0       0       1       0                               0D0004002
     102    3797       0       0       0       0       0       000010000D0004003
     102       0       0       1       0                               0D0004004
     110    3798       0       0       0       0       0       000010000D0004005
     110       0       0       1       0                               0D0004006
     110    3799       0       0       0       0       0       000010000D0004007
     110       0       0       1       0                               0D0004008
     110    3800       0       0       0       0       0       000010000D0004009
     110       0       0       2       0                               0D0004010
     110    3802       0       0       0       0       0       000010000D0004011
     110       0       0       1       0                               0D0004012
     102    3803       0       0       0       0       0       000010000D0004013
     102       0       0       1       0                               0D0004014
     100    3804       0       0       0       0    4017       000010000D0004015
     100       0       0       1       0                               0D0004016
     124    3805       0       0       0       0       0       000000000D0004017
     124       0       0       1       0                               0D0004018
     110    3806       0       0       0       0       0       000010000D0004019
     110       0       0       2       0                               0D0004020
     100    3808       0       0       0       0    4023       000010000D0004021
     100       0       0       1       0                               0D0004022
     124    3809       0       0       0       0       0       000000000D0004023
     124       0       0       1       0                               0D0004024
     110    3810       0       0       0       0       0       000010000D0004025
     110       0       0       1       0                               0D0004026
     144    3811       0       0       0       0       0       000020000D0004027
     144       0       8       1       0                               0D0004028
     120    3812       0       0       0       0    4031       000010000D0004029
     120       0       0       1       0                               0D0004030
     124    3813       0       0       0       0       0       000000000D0004031
     124       0       0       2       1                               0D0004032
     110    3815       0       0       0       0       0       000010000D0004033
     110       0       0       1       0                               0D0004034
     110    3816       0       0       0       0       0       000010000D0004035
     110       0       0       1       0                               0D0004036
     142    3817       0       0       0       0       0       000010500D0004037
     142       0       0       1       0                               0D0004038
     102    3818       0       0       0       0       0       000010000D0004039
     102       0       0       1       0                               0D0004040
     110    3819       0       0       0       0       0       000010000D0004041
     110       0       0       1       0                               0D0004042
     110    3820       0       0       0       0       0       000010000D0004043
     110       0       0       1       0                               0D0004044
     110    3821       0       0       0       0       0       000010000D0004045
     110       0       0       2       0                               0D0004046
     110    3823       0       0       0       0       0       000010000D0004047
     110       0       0       1       0                               0D0004048
     102    3824       0       0       0       0       0       000010000D0004049
     102       0       0       1       0                               0D0004050
     100    3825       0       0       0       0    4053       000010000D0004051
     100       0       0       1       0                               0D0004052
     124    3826       0       0       0       0       0       000000000D0004053
     124       0       0       2       0                               0D0004054
     110    3828       0       0       0       0       0       000010000D0004055
     110       0       0       2       0                               0D0004056
     100    3830       0       0       0       0    4059       000010000D0004057
     100       0       0       1       0                               0D0004058
     124    3831       0       0       0       0       0       000000000D0004059
     124       0       0       2       0                               0D0004060
     110    3833       0       0       0       0       0       000010000D0004061
     110       0       0       2       0                               0D0004062
     144    3835       0       0       0       0       0       000020000D0004063
     144       0       8       1       0                               0D0004064
     108    3836       0       0       0       0       0       000010000D0004065
     108       0       0       2       0                               0D0004066
     142    3838       0       0       0       0       0       000010500D0004067
     142       0       0       1       0                               0D0004068
     102    3839       0       0       0       0       0       000010000D0004069
     102       0       0       1       0                               0D0004070
     110    3840       0       0       0       0       0       000010000D0004071
     110       0       0       2       0                               0D0004072
     110    3842       0       0       0       0       0       000010000D0004073
     110       0       0       2       0                               0D0004074
     110    3844       0       0       0       0       0       000010000D0004075
     110       0       0       2       0                               0D0004076
     110    3846       0       0       0       0       0       000010000D0004077
     110       0       0       2       0                               0D0004078
     144    3848       0       0       0       0       0       000020000D0004079
     144       0       8       1       0                               0D0004080
     108    3849       0       0       0       0       0       000010000D0004081
     108       0       0       2       0                               0D0004082
     142    3851       0       0       0       0       0       000010500D0004083
     142       0       0       1       0                               0D0004084
     102    3852       0       0       0       0       0       000010000D0004085
     102       0       0       1       0                               0D0004086
     110    3853       0       0       0       0       0       000010000D0004087
     110       0       0       1       0                               0D0004088
     110    3854       0       0       0       0       0       000010000D0004089
     110       0       0       1       0                               0D0004090
     110    3855       0       0       0       0       0       000010000D0004091
     110       0       0       2       0                               0D0004092
     110    3857       0       0       0       0       0       000010000D0004093
     110       0       0       1       0                               0D0004094
     144    3858       0       0       0       0       0       000020000D0004095
     144       0       8       1       0                               0D0004096
     108    3859       0       0       0       0       0       000010000D0004097
     108       0       0       2       0                               0D0004098
     142    3861       0       0       0       0       0       000010500D0004099
     142       0       0       1       0                               0D0004100
     102    3862       0       0       0       0       0       000010000D0004101
     102       0       0       1       0                               0D0004102
     110    3863       0       0       0       0       0       000010000D0004103
     110       0       0       2       0                               0D0004104
     110    3865       0       0       0       0       0       000010000D0004105
     110       0       0       1       0                               0D0004106
     110    3866       0       0       0       0       0       000010000D0004107
     110       0       0       1       0                               0D0004108
     110    3867       0       0       0       0       0       000010000D0004109
     110       0       0       1       0                               0D0004110
     144    3868       0       0       0       0       0       000020000D0004111
     144       0       8       1       0                               0D0004112
     120    3869       0       0       0       0    4115       000010000D0004113
     120       0       0       1       0                               0D0004114
     124    3870       0       0       0       0       0       000000000D0004115
     124       0       0       2       0                               0D0004116
     110    3872       0       0       0       0       0       000010000D0004117
     110       0       0       1       0                               0D0004118
     110    3873       0       0       0       0       0       000010000D0004119
     110       0       0       1       0                               0D0004120
     142    3874       0       0       0       0       0       000010500D0004121
     142       0       0       1       0                               0D0004122
     102    3875       0       0       0       0       0       000010000D0004123
     102       0       0       1       0                               0D0004124
     110    3876       0       0       0       0       0       000010000D0004125
     110       0       0       1       0                               0D0004126
     110    3877       0       0       0       0       0       000010000D0004127
     110       0       0       1       0                               0D0004128
     110    3878       0       0       0       0       0       000010000D0004129
     110       0       0       1       0                               0D0004130
     110    3879       0       0       0       0       0       000010000D0004131
     110       0       0       1       0                               0D0004132
     102    3880       0       0       0       0       0       000010000D0004133
     102       0       0       1       0                               0D0004134
     100    3881       0       0       0       0    4137       000010000D0004135
     100       0       0       1       0                               0D0004136
     124    3882       0       0       0       0       0       000000000D0004137
     124       0       0       2       0                               0D0004138
     110    3884       0       0       0       0       0       000010000D0004139
     110       0       0       2       0                               0D0004140
     100    3886       0       0       0       0    4143       000010000D0004141
     100       0       0       1       0                               0D0004142
     124    3887       0       0       0       0       0       000000000D0004143
     124       0       0       2       0                               0D0004144
     110    3889       0       0       0       0       0       000010000D0004145
     110       0       0       2       0                               0D0004146
     402    3891       0       0       0       0       0       000020000D0004147
     402       0       0       2       1                LEAD-DWV        D0004148
     144    3893       0       0       0       0       0       000020000D0004149
     144       0       8       1       0                               0D0004150
     108    3894       0       0       0       0       0       000010000D0004151
     108       0       0       1       0                               0D0004152
     142    3895       0       0       0       0       0       000010500D0004153
     142       0       0       1       0                               0D0004154
     102    3896       0       0       0       0       0       000010000D0004155
     102       0       0       2       0                               0D0004156
     100    3898       0       0       0       0    4159       000010000D0004157
     100       0       0       1       0                               0D0004158
     124    3899       0       0       0       0       0       000000000D0004159
     124       0       0       2       0                               0D0004160
     110    3901       0       0       0       0       0       000010000D0004161
     110       0       0       1       0                               0D0004162
     110    3902       0       0       0       0       0       000010000D0004163
     110       0       0       1       0                               0D0004164
     110    3903       0       0       0       0       0       000010000D0004165
     110       0       0       2       0                               0D0004166
     100    3905       0       0       0       0    4169       000010000D0004167
     100       0       0       1       0                               0D0004168
     124    3906       0       0       0       0       0       000000000D0004169
     124       0       0       2       0                               0D0004170
     110    3908       0       0       0       0       0       000010000D0004171
     110       0       0       2       0                               0D0004172
     100    3910       0       0       0       0    4175       000010000D0004173
     100       0       0       1       0                               0D0004174
     124    3911       0       0       0       0       0       000000000D0004175
     124       0       0       2       0                               0D0004176
     110    3913       0       0       0       0       0       000010000D0004177
     110       0       0       1       0                               0D0004178
     110    3914       0       0       0       0       0       000010000D0004179
     110       0       0       1       0                               0D0004180
     110    3915       0       0       0       0       0       000010000D0004181
     110       0       0       1       0                               0D0004182
     100    3916       0       0       0       0    4185       000010000D0004183
     100       0       0       1       0                               0D0004184
     124    3917       0       0       0       0       0       000000000D0004185
     124       0       0       1       0                               0D0004186
     110    3918       0       0       0       0       0       000010000D0004187
     110       0       0       2       0                               0D0004188
     144    3920       0       0       0       0       0       000020000D0004189
     144       0       8       1       0                               0D0004190
     108    3921       0       0       0       0       0       000010000D0004191
     108       0       0       2       0                               0D0004192
     142    3923       0       0       0       0       0       000010500D0004193
     142       0       0       1       0                               0D0004194
     102    3924       0       0       0       0       0       000010000D0004195
     102       0       0       1       0                               0D0004196
     110    3925       0       0       0       0       0       000010000D0004197
     110       0       0       2       0                               0D0004198
     110    3927       0       0       0       0       0       000010000D0004199
     110       0       0       2       0                               0D0004200
     110    3929       0       0       0       0       0       000010000D0004201
     110       0       0       2       0                               0D0004202
     110    3931       0       0       0       0       0       000010000D0004203
     110       0       0       2       0                               0D0004204
     144    3933       0       0       0       0       0       000020000D0004205
     144       0       8       1       0                               0D0004206
     108    3934       0       0       0       0       0       000010000D0004207
     108       0       0       1       0                               0D0004208
     142    3935       0       0       0       0       0       000010500D0004209
     142       0       0       1       0                               0D0004210
     102    3936       0       0       0       0       0       000010000D0004211
     102       0       0       2       0                               0D0004212
     100    3938       0       0       0       0    4215       000010000D0004213
     100       0       0       1       0                               0D0004214
     124    3939       0       0       0       0       0       000000000D0004215
     124       0       0       2       0                               0D0004216
     110    3941       0       0       0       0       0       000010000D0004217
     110       0       0       2       0                               0D0004218
     110    3943       0       0       0       0       0       000010000D0004219
     110       0       0       1       0                               0D0004220
     110    3944       0       0       0       0       0       000010000D0004221
     110       0       0       1       0                               0D0004222
     100    3945       0       0       0       0    4225       000010000D0004223
     100       0       0       1       0                               0D0004224
     124    3946       0       0       0       0       0       000000000D0004225
     124       0       0       2       0                               0D0004226
     110    3948       0       0       0       0       0       000010000D0004227
     110       0       0       2       0                               0D0004228
     100    3950       0       0       0       0    4231       000010000D0004229
     100       0       0       1       0                               0D0004230
     124    3951       0       0       0       0       0       000000000D0004231
     124       0       0       1       0                               0D0004232
     110    3952       0       0       0       0       0       000010000D0004233
     110       0       0       1       0                               0D0004234
     110    3953       0       0       0       0       0       000010000D0004235
     110       0       0       1       0                               0D0004236
     110    3954       0       0       0       0       0       000010000D0004237
     110       0       0       1       0                               0D0004238
     100    3955       0       0       0       0    4241       000010000D0004239
     100       0       0       1       0                               0D0004240
     124    3956       0       0       0       0       0       000000000D0004241
     124       0       0       2       0                               0D0004242
     110    3958       0       0       0       0       0       000010000D0004243
     110       0       0       2       0                               0D0004244
     144    3960       0       0       0       0       0       000020000D0004245
     144       0       8       1       0                               0D0004246
     108    3961       0       0       0       0       0       000010000D0004247
     108       0       0       2       0                               0D0004248
     142    3963       0       0       0       0       0       000010500D0004249
     142       0       0       1       0                               0D0004250
     102    3964       0       0       0       0       0       000010000D0004251
     102       0       0       1       0                               0D0004252
     110    3965       0       0       0       0       0       000010000D0004253
     110       0       0       2       0                               0D0004254
     110    3967       0       0       0       0       0       000010000D0004255
     110       0       0       2       0                               0D0004256
     110    3969       0       0       0       0       0       000010000D0004257
     110       0       0       2       0                               0D0004258
     110    3971       0       0       0       0       0       000010000D0004259
     110       0       0       2       0                               0D0004260
     144    3973       0       0       0       0       0       000020000D0004261
     144       0       8       1       0                               0D0004262
     120    3974       0       0       0       0    4265       000010000D0004263
     120       0       0       1       0                               0D0004264
     124    3975       0       0       0       0       0       000000000D0004265
     124       0       0       2       0                               0D0004266
     110    3977       0       0       0       0       0       000010000D0004267
     110       0       0       1       0                               0D0004268
     110    3978       0       0       0       0       0       000010000D0004269
     110       0       0       1       0                               0D0004270
     142    3979       0       0       0       0       0       000010500D0004271
     142       0       0       1       0                               0D0004272
     102    3980       0       0       0       0       0       000010000D0004273
     102       0       0       1       0                               0D0004274
     110    3981       0       0       0       0       0       000010000D0004275
     110       0       0       1       0                               0D0004276
     110    3982       0       0       0       0       0       000010000D0004277
     110       0       0       1       0                               0D0004278
     110    3983       0       0       0       0       0       000010000D0004279
     110       0       0       1       0                               0D0004280
     110    3984       0       0       0       0       0       000010000D0004281
     110       0       0       1       0                               0D0004282
     102    3985       0       0       0       0       0       000010000D0004283
     102       0       0       1       0                               0D0004284
     100    3986       0       0       0       0    4287       000010000D0004285
     100       0       0       1       0                               0D0004286
     124    3987       0       0       0       0       0       000000000D0004287
     124       0       0       2       0                               0D0004288
     110    3989       0       0       0       0       0       000010000D0004289
     110       0       0       1       0                               0D0004290
     100    3990       0       0       0       0    4293       000010000D0004291
     100       0       0       1       0                               0D0004292
     124    3991       0       0       0       0       0       000000000D0004293
     124       0       0       2       0                               0D0004294
     110    3993       0       0       0       0       0       000010000D0004295
     110       0       0       2       0                               0D0004296
     144    3995       0       0       0       0       0       000020000D0004297
     144       0       8       1       0                               0D0004298
     108    3996       0       0       0       0       0       000010000D0004299
     108       0       0       1       0                               0D0004300
     142    3997       0       0       0       0       0       000010500D0004301
     142       0       0       1       0                               0D0004302
     102    3998       0       0       0       0       0       000010000D0004303
     102       0       0       1       0                               0D0004304
     110    3999       0       0       0       0       0       000010000D0004305
     110       0       0       1       0                               0D0004306
     110    4000       0       0       0       0       0       000010000D0004307
     110       0       0       1       0                               0D0004308
     110    4001       0       0       0       0       0       000010000D0004309
     110       0       0       1       0                               0D0004310
     110    4002       0       0       0       0       0       000010000D0004311
     110       0       0       1       0                               0D0004312
     144    4003       0       0       0       0       0       000020000D0004313
     144       0       8       1       0                               0D0004314
     108    4004       0       0       0       0       0       000010000D0004315
     108       0       0       1       0                               0D0004316
     142    4005       0       0       0       0       0       000010500D0004317
     142       0       0       1       0                               0D0004318
     102    4006       0       0       0       0       0       000010000D0004319
     102       0       0       1       0                               0D0004320
     110    4007       0       0       0       0       0       000010000D0004321
     110       0       0       1       0                               0D0004322
     110    4008       0       0       0       0       0       000010000D0004323
     110       0       0       1       0                               0D0004324
     110    4009       0       0       0       0       0       000010000D0004325
     110       0       0       1       0                               0D0004326
     110    4010       0       0       0       0       0       000010000D0004327
     110       0       0       1       0                               0D0004328
     144    4011       0       0       0       0       0       000020000D0004329
     144       0       8       1       0                               0D0004330
     108    4012       0       0       0       0       0       000010000D0004331
     108       0       0       1       0                               0D0004332
     142    4013       0       0       0       0       0       000010500D0004333
     142       0       0       1       0                               0D0004334
     102    4014       0       0       0       0       0       000010000D0004335
     102       0       0       1       0                               0D0004336
     110    4015       0       0       0       0       0       000010000D0004337
     110       0       0       1       0                               0D0004338
     110    4016       0       0       0       0       0       000010000D0004339
     110       0       0       1       0                               0D0004340
     110    4017       0       0       0       0       0       000010000D0004341
     110       0       0       1       0                               0D0004342
     110    4018       0       0       0       0       0       000010000D0004343
     110       0       0       1       0                               0D0004344
     144    4019       0       0       0       0       0       000020000D0004345
     144       0       8       1       0                               0D0004346
     120    4020       0       0       0       0    4349       000010000D0004347
     120       0       0       1       0                               0D0004348
     124    4021       0       0       0       0       0       000000000D0004349
     124       0       0       1       1                               0D0004350
     110    4022       0       0       0       0       0       000010000D0004351
     110       0       0       1       0                               0D0004352
     110    4023       0       0       0       0       0       000010000D0004353
     110       0       0       1       0                               0D0004354
     142    4024       0       0       0       0       0       000010500D0004355
     142       0       0       1       0                               0D0004356
     102    4025       0       0       0       0       0       000010000D0004357
     102       0       0       1       0                               0D0004358
     110    4026       0       0       0       0       0       000010000D0004359
     110       0       0       1       0                               0D0004360
     110    4027       0       0       0       0       0       000010000D0004361
     110       0       0       1       0                               0D0004362
     110    4028       0       0       0       0       0       000010000D0004363
     110       0       0       2       0                               0D0004364
     110    4030       0       0       0       0       0       000010000D0004365
     110       0       0       1       0                               0D0004366
     102    4031       0       0       0       0       0       000010000D0004367
     102       0       0       1       0                               0D0004368
     100    4032       0       0       0       0    4371       000010000D0004369
     100       0       0       1       0                               0D0004370
     124    4033       0       0       0       0       0       000000000D0004371
     124       0       0       1       0                               0D0004372
     110    4034       0       0       0       0       0       000010000D0004373
     110       0       0       2       0                               0D0004374
     100    4036       0       0       0       0    4377       000010000D0004375
     100       0       0       1       0                               0D0004376
     124    4037       0       0       0       0       0       000000000D0004377
     124       0       0       1       0                               0D0004378
     110    4038       0       0       0       0       0       000010000D0004379
     110       0       0       1       0                               0D0004380
     144    4039       0       0       0       0       0       000020000D0004381
     144       0       8       1       0                               0D0004382
     120    4040       0       0       0       0    4385       000010000D0004383
     120       0       0       1       0                               0D0004384
     124    4041       0       0       0       0       0       000000000D0004385
     124       0       0       2       1                               0D0004386
     110    4043       0       0       0       0       0       000010000D0004387
     110       0       0       1       0                               0D0004388
     110    4044       0       0       0       0       0       000010000D0004389
     110       0       0       1       0                               0D0004390
     142    4045       0       0       0       0       0       000010500D0004391
     142       0       0       1       0                               0D0004392
     102    4046       0       0       0       0       0       000010000D0004393
     102       0       0       1       0                               0D0004394
     110    4047       0       0       0       0       0       000010000D0004395
     110       0       0       1       0                               0D0004396
     110    4048       0       0       0       0       0       000010000D0004397
     110       0       0       1       0                               0D0004398
     110    4049       0       0       0       0       0       000010000D0004399
     110       0       0       2       0                               0D0004400
     110    4051       0       0       0       0       0       000010000D0004401
     110       0       0       1       0                               0D0004402
     102    4052       0       0       0       0       0       000010000D0004403
     102       0       0       1       0                               0D0004404
     100    4053       0       0       0       0    4407       000010000D0004405
     100       0       0       1       0                               0D0004406
     124    4054       0       0       0       0       0       000000000D0004407
     124       0       0       2       0                               0D0004408
     110    4056       0       0       0       0       0       000010000D0004409
     110       0       0       2       0                               0D0004410
     100    4058       0       0       0       0    4413       000010000D0004411
     100       0       0       1       0                               0D0004412
     124    4059       0       0       0       0       0       000000000D0004413
     124       0       0       2       0                               0D0004414
     110    4061       0       0       0       0       0       000010000D0004415
     110       0       0       2       0                               0D0004416
     144    4063       0       0       0       0       0       000020000D0004417
     144       0       8       1       0                               0D0004418
     108    4064       0       0       0       0       0       000010000D0004419
     108       0       0       2       0                               0D0004420
     142    4066       0       0       0       0       0       000010500D0004421
     142       0       0       1       0                               0D0004422
     102    4067       0       0       0       0       0       000010000D0004423
     102       0       0       1       0                               0D0004424
     110    4068       0       0       0       0       0       000010000D0004425
     110       0       0       2       0                               0D0004426
     110    4070       0       0       0       0       0       000010000D0004427
     110       0       0       2       0                               0D0004428
     110    4072       0       0       0       0       0       000010000D0004429
     110       0       0       2       0                               0D0004430
     110    4074       0       0       0       0       0       000010000D0004431
     110       0       0       2       0                               0D0004432
     144    4076       0       0       0       0       0       000020000D0004433
     144       0       8       1       0                               0D0004434
     108    4077       0       0       0       0       0       000010000D0004435
     108       0       0       2       0                               0D0004436
     142    4079       0       0       0       0       0       000010500D0004437
     142       0       0       1       0                               0D0004438
     102    4080       0       0       0       0       0       000010000D0004439
     102       0       0       1       0                               0D0004440
     110    4081       0       0       0       0       0       000010000D0004441
     110       0       0       1       0                               0D0004442
     110    4082       0       0       0       0       0       000010000D0004443
     110       0       0       1       0                               0D0004444
     110    4083       0       0       0       0       0       000010000D0004445
     110       0       0       2       0                               0D0004446
     110    4085       0       0       0       0       0       000010000D0004447
     110       0       0       1       0                               0D0004448
     144    4086       0       0       0       0       0       000020000D0004449
     144       0       8       1       0                               0D0004450
     108    4087       0       0       0       0       0       000010000D0004451
     108       0       0       2       0                               0D0004452
     142    4089       0       0       0       0       0       000010500D0004453
     142       0       0       1       0                               0D0004454
     102    4090       0       0       0       0       0       000010000D0004455
     102       0       0       1       0                               0D0004456
     110    4091       0       0       0       0       0       000010000D0004457
     110       0       0       2       0                               0D0004458
     110    4093       0       0       0       0       0       000010000D0004459
     110       0       0       1       0                               0D0004460
     110    4094       0       0       0       0       0       000010000D0004461
     110       0       0       1       0                               0D0004462
     110    4095       0       0       0       0       0       000010000D0004463
     110       0       0       1       0                               0D0004464
     144    4096       0       0       0       0       0       000020000D0004465
     144       0       8       1       0                               0D0004466
     120    4097       0       0       0       0    4469       000010000D0004467
     120       0       0       1       0                               0D0004468
     124    4098       0       0       0       0       0       000000000D0004469
     124       0       0       2       0                               0D0004470
     110    4100       0       0       0       0       0       000010000D0004471
     110       0       0       1       0                               0D0004472
     110    4101       0       0       0       0       0       000010000D0004473
     110       0       0       1       0                               0D0004474
     142    4102       0       0       0       0       0       000010500D0004475
     142       0       0       1       0                               0D0004476
     102    4103       0       0       0       0       0       000010000D0004477
     102       0       0       1       0                               0D0004478
     110    4104       0       0       0       0       0       000010000D0004479
     110       0       0       1       0                               0D0004480
     110    4105       0       0       0       0       0       000010000D0004481
     110       0       0       1       0                               0D0004482
     110    4106       0       0       0       0       0       000010000D0004483
     110       0       0       1       0                               0D0004484
     110    4107       0       0       0       0       0       000010000D0004485
     110       0       0       1       0                               0D0004486
     102    4108       0       0       0       0       0       000010000D0004487
     102       0       0       1       0                               0D0004488
     100    4109       0       0       0       0    4491       000010000D0004489
     100       0       0       1       0                               0D0004490
     124    4110       0       0       0       0       0       000000000D0004491
     124       0       0       2       0                               0D0004492
     110    4112       0       0       0       0       0       000010000D0004493
     110       0       0       2       0                               0D0004494
     100    4114       0       0       0       0    4497       000010000D0004495
     100       0       0       1       0                               0D0004496
     124    4115       0       0       0       0       0       000000000D0004497
     124       0       0       2       0                               0D0004498
     110    4117       0       0       0       0       0       000010000D0004499
     110       0       0       2       0                               0D0004500
     314    4119       0       0       0       0       0       000000200D0004501
     314       0       0       1       0                               0D0004502
     406    4120       0       0       0       0       0       000000000D0004503
     406       0       0       1      15                               0D0004504
     406    4121       0       0       0       0       0       000000000D0004505
     406       0       0       1      15                               0D0004506
     406    4122       0       0       0       0       0       000000000D0004507
     406       0       0       1      15                               0D0004508
     406    4123       0       0       0       0       0       000000000D0004509
     406       0       0       1      15                               0D0004510
     406    4124       0       0       0       0       0       000000000D0004511
     406       0       0       1      15                               0D0004512
     406    4125       0       0       0       0       0       000000000D0004513
     406       0       0       1      15                               0D0004514
     406    4126       0       0       0       0       0       000000000D0004515
     406       0       0       1      15                               0D0004516
     406    4127       0       0       0       0       0       000000000D0004517
     406       0       0       1      15                               0D0004518
     406    4128       0       0       0       0       0       000000000D0004519
     406       0       0       1      15                               0D0004520
     406    4129       0       0       0       0       0       000000000D0004521
     406       0       0       1      15                               0D0004522
402,9,3,1669,2023,2377,2731,3085,3439,3793,4147,0,1,4513;        0000001P0000001
402,53,5,33,69,105,141,177,211,263,279,299,341,357,377,419,435,  0000003P0000002
455,497,513,533,575,609,645,681,697,733,769,803,839,873,909,945, 0000003P0000003
979,1015,1031,1067,1103,1139,1175,1211,1229,1263,1297,1333,1369, 0000003P0000004
1385,1419,1455,1491,1509,1525,1561,1597,1633,0,1,4503;           0000003P0000005
144,7,1,1,9,21;                                                  0000005P0000006
108,0.,1.,0.,1.016,0,0.,1.016,0.,0.;                             0000007P0000007
142,0,7,0,11,2;                                                  0000009P0000008
102,4,13,15,17,19;                                               0000011P0000009
110,-2.573305833,1.016,-3.046782731,-2.573305833,1.016,          0000013P0000010
3.398305833;                                                     0000013P0000011
110,-2.573305833,1.016,3.398305833,2.573305833,1.016,            0000015P0000012
3.398305833;                                                     0000015P0000013
110,2.573305833,1.016,3.398305833,2.573305833,1.016,             0000017P0000014
-3.046782731;                                                    0000017P0000015
110,2.573305833,1.016,-3.046782731,-2.573305833,1.016,           0000019P0000016
-3.046782731;                                                    0000019P0000017
142,0,7,0,23,2;                                                  0000021P0000018
102,2,25,29;                                                     0000023P0000019
100,0.,0.,0.,0.508,0.,-0.508,0.;                                 0000025P0000020
124,1.,0.,0.,1.875,0.,0.,-1.,1.016,0.,1.,0.,-2.1925;             0000027P0000021
100,0.,0.,0.,0.508,0.,-0.508,0.;                                 0000029P0000022
124,-1.,0.,0.,1.875,0.,0.,-1.,1.016,0.,-1.,0.,-2.1925;           0000031P0000023
144,35,1,0,43;                                                   0000033P0000024
120,39,41,5.497787144,6.283185307;                               0000035P0000025
124,0.,0.,-1.,-2.573305833,1.,0.,0.,0.816,0.,-1.,0.,             0000037P0000026
-3.046782731;                                                    0000037P0000027
110,0.,0.,1.,0.,0.,0.;                                           0000039P0000028
110,0.2,0.,-5.146611666,0.2,0.,0.;                               0000041P0000029
142,0,35,45,55,3;                                                0000043P0000030
102,4,47,49,51,53;                                               0000045P0000031
110,0.,6.283185307,0.,-3.388509493E-17,5.497787144,0.;           0000047P0000032
110,-1.110223025E-16,5.497787144,0.,1.,5.497787144,0.;           0000049P0000033
110,1.,5.497787144,0.,1.,6.283185307,0.;                         0000051P0000034
110,1.,6.283185307,0.,-1.110223025E-16,6.283185307,0.;           0000053P0000035
102,4,57,61,63,67;                                               0000055P0000036
100,0.,0.,0.,0.2,0.,0.141421356,0.141421356;                     0000057P0000037
124,0.,0.,-1.,2.573305833,1.,0.,0.,0.816,0.,-1.,0.,-3.046782731; 0000059P0000038
110,2.573305833,0.957421356,-3.188204087,-2.573305833,           0000061P0000039
0.957421356,-3.188204087;                                        0000061P0000040
100,0.,0.,0.,0.2,0.,0.141421356,0.141421356;                     0000063P0000041
124,0.,0.,1.,-2.573305833,0.707106781,0.707106781,0.,0.816,      0000065P0000042
-0.707106781,0.707106781,0.,-3.046782731;                        0000065P0000043
110,-2.573305833,1.016,-3.046782731,2.573305833,1.016,           0000067P0000044
-3.046782731;                                                    0000067P0000045
144,71,1,0,81;                                                   0000069P0000046
120,75,77,4.825344264,6.283185307;                               0000071P0000047
124,0.,-1.,0.,-2.573305833,0.923879533,0.,0.382683432,0.816,     0000073P0000048
-0.382683432,0.,0.923879533,-3.046782731;                        0000073P0000049
110,0.,0.,1.,0.,0.,0.;                                           0000075P0000050
100,0.,0.,0.,0.184775907,-7.653668647E-02,0.184775833,           0000077P0000051
7.653686489E-02;                                                 0000077P0000052
124,1.,0.,0.,0.,0.,0.,-1.,0.,0.,1.,-0.,0.;                       0000079P0000053
142,0,71,83,91,3;                                                0000081P0000054
102,3,85,87,89;                                                  0000083P0000055
110,0.392699082,6.283185307,0.,-0.392699082,6.283185307,0.;      0000085P0000056
126,24,3,1,0,1,0,0.,0.,0.,0.,6.747793969E-02,0.134955879,        0000087P0000057
0.202433819,0.269911759,0.337389698,0.404867638,0.472345578,     0000087P0000058
0.539823518,0.607301457,0.674779397,0.742257337,0.809735276,     0000087P0000059
0.877213216,0.944691156,1.012169095,1.079647035,1.147124975,     0000087P0000060
1.214602914,1.282080854,1.349558794,1.417036734,1.484514673,     0000087P0000061
1.484514673,1.484514673,1.484514673,1.,1.,1.,1.,1.,1.,1.,1.,1.,  0000087P0000062
1.,1.,1.,1.,1.,1.,1.,1.,1.,1.,1.,1.,1.,1.,1.,1.,-0.392699082,    0000087P0000063
6.283185307,0.,-0.390754462,6.258929667,0.,-0.386237754,         0000087P0000064
6.210539475,0.,-0.377638266,6.138404311,0.,-0.367268293,         0000087P0000065
6.066811359,0.,-0.355195903,5.995834409,0.,-0.341496848,         0000087P0000066
5.925533521,0.,-0.326254643,5.855952784,0.,-0.309558888,         0000087P0000067
5.787120595,0.,-0.291504118,5.719049857,0.,-0.272188625,         0000087P0000068
5.651738708,0.,-0.251713435,5.585171497,0.,-0.230181421,         0000087P0000069
5.519319959,0.,-0.20769656,5.45414452,0.,-0.184363351,           0000087P0000070
5.389595637,0.,-0.160286365,5.325615144,0.,-0.135569934,         0000087P0000071
5.26213755,0.,-0.110317955,5.199091275,0.,-8.463379528E-02,      0000087P0000072
5.1363998,0.,-5.862029143E-02,5.073982739,0.,-3.2379805E-02,     0000087P0000073
5.011756832,0.,-6.014342191E-03,4.949636893,0.,2.037430904E-02,  0000087P0000074
4.887536634,0.,3.791434633E-02,4.846092046,0.,4.66543016E-02,    0000087P0000075
4.825344264,0.,0.,1.484514673,0.,0.,1.;                          0000087P0000076
126,24,3,1,0,1,0,0.,0.,0.,0.,6.584651269E-02,0.131693025,        0000089P0000077
0.197539538,0.263386051,0.329232563,0.395079076,0.460925589,     0000089P0000078
0.526772102,0.592618614,0.658465127,0.72431164,0.790158152,      0000089P0000079
0.856004665,0.921851178,0.98769769,1.053544203,1.119390716,      0000089P0000080
1.185237228,1.251083741,1.316930254,1.382776766,1.448623279,     0000089P0000081
1.448623279,1.448623279,1.448623279,1.,1.,1.,1.,1.,1.,1.,1.,1.,  0000089P0000082
1.,1.,1.,1.,1.,1.,1.,1.,1.,1.,1.,1.,1.,1.,1.,1.,4.66543016E-02,  0000089P0000083
4.825344264,0.,5.500020392E-02,4.845666349,0.,7.163438967E-02,   0000089P0000084
4.886358763,0.,9.631885969E-02,4.947614665,0.,0.12064271,        0000089P0000085
5.009161528,0.,0.144511637,5.07106909,0.,0.16783099,5.133403388, 0000089P0000086
0.,0.190505796,5.196225501,0.,0.212440903,5.259590617,0.,        0000089P0000087
0.233541209,5.32354694,0.,0.253711983,5.388134596,0.,            0000089P0000088
0.272859314,5.453384504,0.,0.290890662,5.519317283,0.,           0000089P0000089
0.307715537,5.585942219,0.,0.323246294,5.653256366,0.,           0000089P0000090
0.337399036,5.721243828,0.,0.350094605,5.789875308,0.,           0000089P0000091
0.361259641,5.85910798,0.,0.370827669,5.928885755,0.,            0000089P0000092
0.378740202,5.999139968,0.,0.384947674,6.069790567,0.,           0000089P0000093
0.389410754,6.140747606,0.,0.392099662,6.2119137,0.,0.392700047, 0000089P0000094
6.259427783,0.,0.392699082,6.283185307,0.,0.,1.448623279,0.,0.,  0000089P0000095
1.;                                                              0000089P0000096
102,3,93,97,101;                                                 0000091P0000097
100,0.,0.,0.,0.141421356,-0.141421356,0.2,0.;                    0000093P0000098
124,0.,0.,-1.,-2.573305833,0.707106781,-0.707106781,0.,0.816,    0000095P0000099
-0.707106781,-0.707106781,0.,-3.046782731;                       0000095P0000100
100,0.,0.,0.,1.723492783E-02,-0.199256009,0.2,-4.440892099E-16;  0000097P0000101
124,-0.992546152,-8.585167065E-02,8.649640171E-02,-2.573305833,  0000099P0000102
0.121869343,-0.699205747,0.70445666,0.816,2.570166302E-14,       0000099P0000103
0.709747007,0.70445666,-3.046782731;                             0000099P0000104
100,0.,0.,0.,2.437386868E-02,-0.19850923,0.2,0.;                 0000101P0000105
124,0.,1.,0.,-2.573305833,1.,0.,0.,0.816,0.,0.,-1.,-3.046782731; 0000103P0000106
144,107,1,0,115;                                                 0000105P0000107
120,111,113,4.834562028,6.283185307;                             0000107P0000108
124,0.,-1.,0.,-2.573305833,1.,0.,0.,0.816,0.,0.,1.,-3.129625443; 0000109P0000109
110,0.,0.,1.,0.,0.,0.;                                           0000111P0000110
110,0.2,0.,8.284271247E-02,0.2,0.,6.527931276;                   0000113P0000111
142,0,107,117,127,3;                                             0000115P0000112
102,4,119,121,123,125;                                           0000117P0000113
110,0.,6.283185307,0.,-4.990761268E-17,4.834562028,0.;           0000119P0000114
110,-4.990761268E-17,4.834562028,0.,1.,4.834562028,0.;           0000121P0000115
110,1.,4.834562028,0.,1.,6.283185307,0.;                         0000123P0000116
110,1.,6.283185307,0.,0.,6.283185307,0.;                         0000125P0000117
102,4,129,133,135,139;                                           0000127P0000118
100,0.,0.,0.,0.2,0.,2.437386868E-02,0.19850923;                  0000129P0000119
124,0.,-1.,0.,-2.573305833,1.,0.,0.,0.816,0.,0.,1.,-3.046782731; 0000131P0000120
110,-2.771815064,0.840373869,-3.046782731,-2.771815064,          0000133P0000121
0.840373869,3.398305833;                                         0000133P0000122
100,0.,0.,0.,0.2,-5.551115123E-17,2.437386868E-02,0.19850923;    0000135P0000123
124,-0.992546152,0.121869343,0.,-2.573305833,0.121869343,        0000137P0000124
0.992546152,0.,0.816,0.,0.,-1.,3.398305833;                      0000137P0000125
110,-2.573305833,1.016,3.398305833,-2.573305833,1.016,           0000139P0000126
-3.046782731;                                                    0000139P0000127
144,143,1,0,153;                                                 0000141P0000128
120,147,149,4.804091261,6.283185307;                             0000143P0000129
124,0.,-1.,0.,-2.573305833,0.748955721,0.,-0.662620048,0.816,    0000145P0000130
0.662620048,0.,0.748955721,3.398305833;                          0000145P0000131
110,0.,0.,1.,0.,0.,0.;                                           0000147P0000132
100,0.,0.,0.,0.149790563,-0.132524667,0.149791144,0.13252401;    0000149P0000133
124,1.,0.,0.,0.,0.,0.,-1.,0.,0.,1.,-0.,0.;                       0000151P0000134
142,0,143,155,163,3;                                             0000153P0000135
102,3,157,159,161;                                               0000155P0000136
110,0.72431164,6.283185307,0.,-0.72431164,6.283185307,0.;        0000157P0000137
126,24,3,1,0,1,0,0.,0.,0.,0.,6.584651269E-02,0.131693025,        0000159P0000138
0.197539538,0.263386051,0.329232563,0.395079076,0.460925589,     0000159P0000139
0.526772102,0.592618614,0.658465127,0.72431164,0.790158152,      0000159P0000140
0.856004665,0.921851178,0.98769769,1.053544203,1.119390716,      0000159P0000141
1.185237228,1.251083741,1.316930254,1.382776766,1.448623279,     0000159P0000142
1.448623279,1.448623279,1.448623279,1.,1.,1.,1.,1.,1.,1.,1.,1.,  0000159P0000143
1.,1.,1.,1.,1.,1.,1.,1.,1.,1.,1.,1.,1.,1.,1.,1.,-0.72431164,     0000159P0000144
6.283185307,0.,-0.724316028,6.253876084,0.,-0.723029399,         0000159P0000145
6.195269301,0.,-0.71729891,6.107943595,0.,-0.707834056,          0000159P0000146
6.021774223,0.,-0.694769234,5.937254708,0.,-0.67827425,          0000159P0000147
5.854797807,0.,-0.658551548,5.774718348,0.,-0.635824569,         0000159P0000148
5.697231907,0.,-0.610328915,5.622459454,0.,-0.582304131,         0000159P0000149
5.550437878,0.,-0.551987234,5.481133342,0.,-0.519607863,         0000159P0000150
5.414455556,0.,-0.485384998,5.350271417,0.,-0.449525023,         0000159P0000151
5.28841708,0.,-0.412220856,5.228708034,0.,-0.373651899,          0000159P0000152
5.170947089,0.,-0.333984573,5.114930408,0.,-0.293373245,         0000159P0000153
5.060451832,0.,-0.251961403,5.007305799,0.,-0.209883017,         0000159P0000154
4.955289095,0.,-0.16726379,4.904201848,0.,-0.124223118,          0000159P0000155
4.853847413,0.,-9.53233765E-02,4.820638101,0.,-8.084109467E-02,  0000159P0000156
4.804091261,0.,0.,1.448623279,0.,0.,1.;                          0000159P0000157
126,24,3,1,0,1,0,0.,0.,0.,0.,7.072471108E-02,0.141449422,        0000161P0000158
0.212174133,0.282898844,0.353623555,0.424348267,0.495072978,     0000161P0000159
0.565797689,0.6365224,0.707247111,0.777971822,0.848696533,       0000161P0000160
0.919421244,0.990145955,1.060870666,1.131595377,1.202320088,     0000161P0000161
1.2730448,1.343769511,1.414494222,1.485218933,1.555943644,       0000161P0000162
1.555943644,1.555943644,1.555943644,1.,1.,1.,1.,1.,1.,1.,1.,1.,  0000161P0000163
1.,1.,1.,1.,1.,1.,1.,1.,1.,1.,1.,1.,1.,1.,1.,1.,                 0000161P0000164
-8.084109467E-02,4.804091261,0.,-6.513852322E-02,4.82173312,0.,  0000161P0000165
-3.365860061E-02,4.856882476,0.,1.365454508E-02,4.909438944,0.,  0000161P0000166
6.092993506E-02,4.962063318,0.,0.108036342,5.014991244,0.,       0000161P0000167
0.154839886,5.068460476,0.,0.201202147,5.122712195,0.,           0000161P0000168
0.246978091,5.177992161,0.,0.292013999,5.234551357,0.,           0000161P0000169
0.336145359,5.29264597,0.,0.379194779,5.352536379,0.,            0000161P0000170
0.420969978,5.414484826,0.,0.461261981,5.478751298,0.,           0000161P0000171
0.499843694,5.545587138,0.,0.53646911,5.615225861,0.,            0000161P0000172
0.570873479,5.687870716,0.,0.602774877,5.763678779,0.,           0000161P0000173
0.631877581,5.842741917,0.,0.657877917,5.925065162,0.,           0000161P0000174
0.680472176,6.010546345,0.,0.699369425,6.098953293,0.,           0000161P0000175
0.714298472,6.189928441,0.,0.721463941,6.251929013,0.,           0000161P0000176
0.72431164,6.283185307,0.,0.,1.555943644,0.,0.,1.;               0000161P0000177
102,3,165,169,173;                                               0000163P0000178
100,0.,0.,0.,2.437386868E-02,-0.19850923,0.2,0.;                 0000165P0000179
124,0.,0.,-1.,-2.573305833,1.,0.,0.,0.816,0.,-1.,-0.,            0000167P0000180
3.398305833;                                                     0000167P0000181
100,0.,0.,0.,2.437386868E-02,-0.19850923,0.2,-5.551115123E-17;   0000169P0000182
124,-0.992546152,-0.121869343,-0.,-2.573305833,0.121869343,      0000171P0000183
-0.992546152,0.,0.816,0.,-0.,1.,3.398305833;                     0000171P0000184
100,0.,0.,0.,2.970427372E-03,-0.19997794,0.2,-4.440892099E-16;   0000173P0000185
124,1.067895772E-14,0.992655641,0.120974291,-2.573305833,        0000175P0000186
0.121869343,-0.120072567,0.985256536,0.816,0.992546152,          0000175P0000187
1.474305743E-02,-0.120974291,3.398305833;                        0000175P0000188
144,179,1,0,187;                                                 0000177P0000189
120,183,185,4.727241663,6.283185307;                             0000179P0000190
124,1.068416189E-14,-0.992655641,-0.120974291,-2.67649077,       0000181P0000191
0.121869343,0.120072567,-0.985256536,-2.437386868E-02,           0000181P0000192
0.992546152,-1.474305743E-02,0.120974291,3.50149077;             0000181P0000193
110,0.,0.,1.,0.,0.,0.;                                           0000183P0000194
110,0.2,0.,-0.852949296,0.2,0.,9.995752611E-03;                  0000185P0000195
142,0,179,189,199,3;                                             0000187P0000196
102,4,191,193,195,197;                                           0000189P0000197
110,0.988416699,6.283185307,0.,1.466604616E-13,6.283185307,0.;   0000191P0000198
110,1.286551243E-16,6.283185307,0.,-4.003602457E-16,4.727241663, 0000193P0000199
0.;                                                              0000193P0000200
110,1.464384169E-13,4.727241663,0.,0.988416699,4.727241663,0.;   0000195P0000201
126,46,3,1,0,1,0,0.,0.,0.,0.,2.272727273E-02,4.545454545E-02,    0000197P0000202
6.818181818E-02,9.090909091E-02,0.113636364,0.136363636,         0000197P0000203
0.159090909,0.181818182,0.204545455,0.227272727,0.25,            0000197P0000204
0.272727273,0.295454545,0.318181818,0.340909091,0.363636364,     0000197P0000205
0.386363636,0.409090909,0.431818182,0.454545455,0.477272727,0.5, 0000197P0000206
0.522727273,0.545454545,0.568181818,0.590909091,0.613636364,     0000197P0000207
0.636363636,0.659090909,0.681818182,0.704545455,0.727272727,     0000197P0000208
0.75,0.772727273,0.795454545,0.818181818,0.840909091,            0000197P0000209
0.863636364,0.886363636,0.909090909,0.931818182,0.954545455,     0000197P0000210
0.977272727,1.,1.,1.,1.,1.,1.,1.,1.,1.,1.,1.,1.,1.,1.,1.,1.,1.,  0000197P0000211
1.,1.,1.,1.,1.,1.,1.,1.,1.,1.,1.,1.,1.,1.,1.,1.,1.,1.,1.,1.,1.,  0000197P0000212
1.,1.,1.,1.,1.,1.,1.,1.,1.,1.,1.,1.,1.,0.988416699,4.727241663,  0000197P0000213
0.,0.988838343,4.742169204,0.,0.989645841,4.771402211,0.,        0000197P0000214
0.990757545,4.81358883,0.,0.991777527,4.854319398,0.,            0000197P0000215
0.992713653,4.893788464,0.,0.993573619,4.932176137,0.,           0000197P0000216
0.994365754,4.969655239,0.,0.995095407,5.006344052,0.,           0000197P0000217
0.995764946,5.042318366,0.,0.996377373,5.077659101,0.,           0000197P0000218
0.996935519,5.11244061,0.,0.997442263,5.146733013,0.,            0000197P0000219
0.997900467,5.180600279,0.,0.998310985,5.214085965,0.,           0000197P0000220
0.998674665,5.247233944,0.,0.998992358,5.280087495,0.,           0000197P0000221
0.999264915,5.312689106,0.,0.999493185,5.345080136,0.,           0000197P0000222
0.999678019,5.377300558,0.,0.999820268,5.4093887,0.,0.99992078,  0000197P0000223
5.441381031,0.,0.999980408,5.473311907,0.,1.,5.505213485,0.,     0000197P0000224
0.999980408,5.537115063,0.,0.99992078,5.569045939,0.,            0000197P0000225
0.999820268,5.60103827,0.,0.999678019,5.633126413,0.,            0000197P0000226
0.999493185,5.665346834,0.,0.999264915,5.697737865,0.,           0000197P0000227
0.998992358,5.730339475,0.,0.998674665,5.763193026,0.,           0000197P0000228
0.998310985,5.796341006,0.,0.997900467,5.829826692,0.,           0000197P0000229
0.997442263,5.863693958,0.,0.996935519,5.897986361,0.,           0000197P0000230
0.996377373,5.93276787,0.,0.995764946,5.968108604,0.,            0000197P0000231
0.995095407,6.004082919,0.,0.994365754,6.040771731,0.,           0000197P0000232
0.993573619,6.078250833,0.,0.992713653,6.116638506,0.,           0000197P0000233
0.991777527,6.156107573,0.,0.990757545,6.196838141,0.,           0000197P0000234
0.989645841,6.239024759,0.,0.988838343,6.268257767,0.,           0000197P0000235
0.988416699,6.283185307,0.,0.,1.,0.,0.,1.;                       0000197P0000236
102,4,201,203,207,209;                                           0000199P0000237
110,-2.67649077,0.,3.7,-2.573305833,0.840373869,3.596815064;     0000201P0000238
100,0.,0.,0.,0.2,4.440892099E-16,2.970427372E-03,0.19997794;     0000203P0000239
124,1.068416189E-14,-0.992655641,-0.120974291,-2.573305833,      0000205P0000240
0.121869343,0.120072567,-0.985256536,0.816,0.992546152,          0000205P0000241
-1.474305743E-02,0.120974291,3.398305833;                        0000205P0000242
110,-2.771815064,0.840373869,3.398305833,-2.875,0.,3.50149077;   0000207P0000243
126,8,3,1,0,1,0,0.,0.,0.,0.,0.125,0.25,0.5,0.75,0.875,1.,1.,1.,  0000209P0000244
1.,1.,1.,1.,1.,1.,1.,1.,1.,1.,-2.875,0.,3.50149077,-2.875,0.,    0000209P0000245
3.518033206,-2.871138418,0.,3.547256495,-2.854164038,0.,         0000209P0000246
3.596451859,-2.819854089,0.,3.644854089,-2.771451859,0.,         0000209P0000247
3.679164038,-2.722256495,0.,3.696138418,-2.693033206,0.,3.7,     0000209P0000248
-2.67649077,0.,3.7,0.,1.,0.,1.,0.;                               0000209P0000249
144,213,1,1,215,243;                                             0000211P0000250
108,-0.,1.,-0.,0.,0,0.,0.,0.,0.;                                 0000213P0000251
142,0,213,0,217,2;                                               0000215P0000252
102,8,219,223,225,229,231,235,237,241;                           0000217P0000253
100,0.,0.,0.,0.2,0.,0.,0.2;                                      0000219P0000254
124,0.,-1.,0.,-2.725,0.,0.,1.,0.,-1.,0.,0.,-3.55;                0000221P0000255
110,-2.925,0.,-3.55,-2.925,0.,3.55;                              0000223P0000256
100,0.,0.,0.,0.2,0.,0.,0.2;                                      0000225P0000257
124,-1.,0.,0.,-2.725,0.,0.,1.,0.,0.,1.,0.,3.55;                  0000227P0000258
110,-2.725,0.,3.75,2.725,0.,3.75;                                0000229P0000259
100,0.,0.,0.,0.2,0.,0.,0.2;                                      0000231P0000260
124,0.,1.,0.,2.725,0.,0.,1.,0.,1.,0.,0.,3.55;                    0000233P0000261
110,2.925,0.,3.55,2.925,0.,-3.55;                                0000235P0000262
100,0.,0.,0.,0.2,0.,0.,0.2;                                      0000237P0000263
124,1.,0.,0.,2.725,0.,0.,1.,0.,0.,-1.,0.,-3.55;                  0000239P0000264
110,2.725,0.,-3.75,-2.725,0.,-3.75;                              0000241P0000265
142,0,213,0,245,2;                                               0000243P0000266
102,8,247,249,251,253,255,257,259,261;                           0000245P0000267
126,8,3,1,0,1,0,0.,0.,0.,0.,0.125,0.25,0.5,0.75,0.875,1.,1.,1.,  0000247P0000268
1.,1.,1.,1.,1.,1.,1.,1.,1.,1.,-2.67649077,0.,3.7,-2.693033206,   0000247P0000269
0.,3.7,-2.722256495,0.,3.696138418,-2.771451859,0.,3.679164038,  0000247P0000270
-2.819854089,0.,3.644854089,-2.854164038,0.,3.596451859,         0000247P0000271
-2.871138418,0.,3.547256495,-2.875,0.,3.518033206,-2.875,0.,     0000247P0000272
3.50149077,0.,1.,0.,-1.,0.;                                      0000247P0000273
110,-2.875,0.,3.50149077,-2.875,0.,-3.50149077;                  0000249P0000274
126,8,3,1,0,1,0,0.,0.,0.,0.,0.125,0.25,0.5,0.75,0.875,1.,1.,1.,  0000251P0000275
1.,1.,1.,1.,1.,1.,1.,1.,1.,1.,-2.875,0.,-3.50149077,-2.875,0.,   0000251P0000276
-3.518033206,-2.871138418,0.,-3.547256495,-2.854164038,0.,       0000251P0000277
-3.596451859,-2.819854089,0.,-3.644854089,-2.771451859,0.,       0000251P0000278
-3.679164038,-2.722256495,0.,-3.696138418,-2.693033206,0.,-3.7,  0000251P0000279
-2.67649077,0.,-3.7,0.,1.,0.,-1.,0.;                             0000251P0000280
110,-2.67649077,0.,-3.7,2.67649077,0.,-3.7;                      0000253P0000281
126,8,3,1,0,1,0,0.,0.,0.,0.,0.125,0.25,0.5,0.75,0.875,1.,1.,1.,  0000255P0000282
1.,1.,1.,1.,1.,1.,1.,1.,1.,1.,2.67649077,0.,-3.7,2.693033206,0., 0000255P0000283
-3.7,2.722256495,0.,-3.696138418,2.771451859,0.,-3.679164038,    0000255P0000284
2.819854089,0.,-3.644854089,2.854164038,0.,-3.596451859,         0000255P0000285
2.871138418,0.,-3.547256495,2.875,0.,-3.518033206,2.875,0.,      0000255P0000286
-3.50149077,0.,1.,0.,-1.,0.;                                     0000255P0000287
110,2.875,0.,-3.50149077,2.875,0.,3.50149077;                    0000257P0000288
126,8,3,1,0,1,0,0.,0.,0.,0.,0.125,0.25,0.5,0.75,0.875,1.,1.,1.,  0000259P0000289
1.,1.,1.,1.,1.,1.,1.,1.,1.,1.,2.875,0.,3.50149077,2.875,0.,      0000259P0000290
3.518033206,2.871138418,0.,3.547256495,2.854164038,0.,           0000259P0000291
3.596451859,2.819854089,0.,3.644854089,2.771451859,0.,           0000259P0000292
3.679164038,2.722256495,0.,3.696138418,2.693033206,0.,3.7,       0000259P0000293
2.67649077,0.,3.7,0.,1.,0.,-1.,0.;                               0000259P0000294
110,2.67649077,0.,3.7,-2.67649077,0.,3.7;                        0000261P0000295
144,265,1,0,267;                                                 0000263P0000296
108,0.,0.,-1.,3.75,0,-2.925,0.,-3.75,0.;                         0000265P0000297
142,0,265,0,269,2;                                               0000267P0000298
102,4,271,273,275,277;                                           0000269P0000299
110,-2.725,-0.254,-3.75,-2.725,0.,-3.75;                         0000271P0000300
110,-2.725,0.,-3.75,2.725,0.,-3.75;                              0000273P0000301
110,2.725,0.,-3.75,2.725,-0.254,-3.75;                           0000275P0000302
110,2.725,-0.254,-3.75,-2.725,-0.254,-3.75;                      0000277P0000303
144,281,1,0,283;                                                 0000279P0000304
108,0.,-0.121869343,-0.992546152,3.753002882,0,-2.925,-0.254,    0000281P0000305
-3.75,0.;                                                        0000281P0000306
142,0,281,0,285,2;                                               0000283P0000307
102,6,287,289,291,293,295,297;                                   0000285P0000308
126,3,3,0,0,1,0,0.,0.,0.,0.,1.,1.,1.,1.,1.,1.,1.,1.,2.725,       0000287P0000309
-0.254,-3.75,2.725495544,-0.254,-3.75,2.725990628,-0.254014999,  0000287P0000310
-3.749998158,2.726485255,-0.254044916,-3.749994485,0.,1.,0.,0.,  0000287P0000311
1.;                                                              0000287P0000312
110,2.726485255,-0.254044916,-3.749994485,2.623305833,           0000289P0000313
-1.094373869,-3.646815064;                                       0000289P0000314
110,2.623305833,-1.094373869,-3.646815064,-2.623305833,          0000291P0000315
-1.094373869,-3.646815064;                                       0000291P0000316
110,-2.623305833,-1.094373869,-3.646815064,-2.726485255,         0000293P0000317
-0.254044916,-3.749994485;                                       0000293P0000318
126,3,3,0,0,1,0,0.,0.,0.,0.,1.,1.,1.,1.,1.,1.,1.,1.,             0000295P0000319
-2.726485255,-0.254044916,-3.749994485,-2.725990628,             0000295P0000320
-0.254014999,-3.749998158,-2.725495544,-0.254,-3.75,-2.725,      0000295P0000321
-0.254,-3.75,0.,1.,0.,0.,1.;                                     0000295P0000322
110,-2.725,-0.254,-3.75,2.725,-0.254,-3.75;                      0000297P0000323
144,301,1,0,309;                                                 0000299P0000324
120,305,307,4.71238898,6.283185307;                              0000301P0000325
124,0.,-1.,0.,-2.725,0.,0.,1.,0.,-1.,0.,0.,-3.55;                0000303P0000326
110,0.,0.,1.,0.,0.,0.;                                           0000305P0000327
110,0.2,0.,-0.259003774,0.2,0.,0.;                               0000307P0000328
142,0,301,311,325,3;                                             0000309P0000329
102,6,313,315,317,319,321,323;                                   0000311P0000330
126,1,1,1,0,1,0,0.,0.,1.,1.,1.,1.,1.931930795E-02,6.283185307,   0000313P0000331
0.,1.914588843E-02,6.275758966,0.,0.,1.,0.,0.,1.;                0000313P0000332
126,90,3,1,0,1,0,0.,0.,0.,0.,1.136363636E-02,2.272727273E-02,    0000315P0000333
3.409090909E-02,4.545454545E-02,5.681818182E-02,6.818181818E-02, 0000315P0000334
7.954545455E-02,9.090909091E-02,0.102272727,0.113636364,0.125,   0000315P0000335
0.136363636,0.147727273,0.159090909,0.170454545,0.181818182,     0000315P0000336
0.193181818,0.204545455,0.215909091,0.227272727,0.238636364,     0000315P0000337
0.25,0.261363636,0.272727273,0.284090909,0.295454545,            0000315P0000338
0.306818182,0.318181818,0.329545455,0.340909091,0.352272727,     0000315P0000339
0.363636364,0.375,0.386363636,0.397727273,0.409090909,           0000315P0000340
0.420454545,0.431818182,0.443181818,0.454545455,0.465909091,     0000315P0000341
0.477272727,0.488636364,0.5,0.511363636,0.522727273,0.534090909, 0000315P0000342
0.545454545,0.556818182,0.568181818,0.579545455,0.590909091,     0000315P0000343
0.602272727,0.613636364,0.625,0.636363636,0.647727273,           0000315P0000344
0.659090909,0.670454545,0.681818182,0.693181818,0.704545455,     0000315P0000345
0.715909091,0.727272727,0.738636364,0.75,0.761363636,            0000315P0000346
0.772727273,0.784090909,0.795454545,0.806818182,0.818181818,     0000315P0000347
0.829545455,0.840909091,0.852272727,0.863636364,0.875,           0000315P0000348
0.886363636,0.897727273,0.909090909,0.920454545,0.931818182,     0000315P0000349
0.943181818,0.954545455,0.965909091,0.977272727,0.988636364,1.,  0000315P0000350
1.,1.,1.,1.,1.,1.,1.,1.,1.,1.,1.,1.,1.,1.,1.,1.,1.,1.,1.,1.,1.,  0000315P0000351
1.,1.,1.,1.,1.,1.,1.,1.,1.,1.,1.,1.,1.,1.,1.,1.,1.,1.,1.,1.,1.,  0000315P0000352
1.,1.,1.,1.,1.,1.,1.,1.,1.,1.,1.,1.,1.,1.,1.,1.,1.,1.,1.,1.,1.,  0000315P0000353
1.,1.,1.,1.,1.,1.,1.,1.,1.,1.,1.,1.,1.,1.,1.,1.,1.,1.,1.,1.,1.,  0000315P0000354
1.,1.,1.,1.,1.,1.,1.,1.,1.,1.,1.914588843E-02,6.275758966,0.,    0000315P0000355
1.88703865E-02,6.26986003,0.,1.832433842E-02,6.25806243,0.,      0000315P0000356
1.752032959E-02,6.240365301,0.,1.673157777E-02,6.222665833,0.,   0000315P0000357
1.595828419E-02,6.20496262,0.,1.520062233E-02,6.187253383,0.,    0000315P0000358
1.445891315E-02,6.169540361,0.,1.373357465E-02,6.151828814,0.,   0000315P0000359
1.302499669E-02,6.134123199,0.,1.233359762E-02,6.116428741,0.,   0000315P0000360
1.165970671E-02,6.09874837,0.,1.100326571E-02,6.0810751,0.,      0000315P0000361
1.036425965E-02,6.063403031,0.,9.742672E-03,6.045726267,0.,      0000315P0000362
9.138449225E-03,6.028037819,0.,8.55187619E-03,6.01034072,0.,     0000315P0000363
7.983316423E-03,5.99264033,0.,7.433105782E-03,5.974941229,0.,    0000315P0000364
6.901615099E-03,5.957248855,0.,6.38908541E-03,5.939565417,0.,    0000315P0000365
5.895559096E-03,5.921888287,0.,5.42111588E-03,5.904215775,0.,    0000315P0000366
4.965825489E-03,5.886545972,0.,4.529760292E-03,5.868877056,0.,   0000315P0000367
4.113029104E-03,5.851207282,0.,3.715740403E-03,5.83353482,0.,    0000315P0000368
3.338004586E-03,5.815858061,0.,2.979924708E-03,5.798174482,0.,   0000315P0000369
2.641642995E-03,5.780486276,0.,2.323327717E-03,5.762798785,0.,   0000315P0000370
2.025138807E-03,5.745116517,0.,1.74724697E-03,5.727444758,0.,    0000315P0000371
1.489786785E-03,5.709786476,0.,1.252734375E-03,5.692134639,0.,   0000315P0000372
1.036083911E-03,5.674483309,0.,8.398276145E-04,5.656826549,0.,   0000315P0000373
6.639474616E-04,5.639157329,0.,5.085227499E-04,5.62147864,0.,    0000315P0000374
3.736557582E-04,5.603795801,0.,2.594397047E-04,5.586113352,0.,   0000315P0000375
1.659819181E-04,5.568436678,0.,9.333489988E-05,5.550767971,0.,   0000315P0000376
4.146689142E-05,5.53310463,0.,1.036198357E-05,5.515444984,0.,    0000315P0000377
-6.733238765E-16,5.497787144,0.,1.036198357E-05,5.480129304,0.,  0000315P0000378
4.146689142E-05,5.462469658,0.,9.333489988E-05,5.444806317,0.,   0000315P0000379
1.659819181E-04,5.427137609,0.,2.594397047E-04,5.409460935,0.,   0000315P0000380
3.736557582E-04,5.391778486,0.,5.085227499E-04,5.374095648,0.,   0000315P0000381
6.639474616E-04,5.356416959,0.,8.398276145E-04,5.338747738,0.,   0000315P0000382
1.036083911E-03,5.321090978,0.,1.252734375E-03,5.303439649,0.,   0000315P0000383
1.489786785E-03,5.285787812,0.,1.74724697E-03,5.268129529,0.,    0000315P0000384
2.025138807E-03,5.250457771,0.,2.323327717E-03,5.232775502,0.,   0000315P0000385
2.641642995E-03,5.215088011,0.,2.979924708E-03,5.197399805,0.,   0000315P0000386
3.338004586E-03,5.179716226,0.,3.715740403E-03,5.162039468,0.,   0000315P0000387
4.113029104E-03,5.144367006,0.,4.529760292E-03,5.126697231,0.,   0000315P0000388
4.965825489E-03,5.109028315,0.,5.42111588E-03,5.091358513,0.,    0000315P0000389
5.895559096E-03,5.073686001,0.,6.38908541E-03,5.056008871,0.,    0000315P0000390
6.901615099E-03,5.038325433,0.,7.433105782E-03,5.020633059,0.,   0000315P0000391
7.983316423E-03,5.002933958,0.,8.55187619E-03,4.985233567,0.,    0000315P0000392
9.138449225E-03,4.967536468,0.,9.742672E-03,4.949848021,0.,      0000315P0000393
1.036425965E-02,4.932171257,0.,1.100326571E-02,4.914499188,0.,   0000315P0000394
1.165970671E-02,4.896825918,0.,1.233359762E-02,4.879145546,0.,   0000315P0000395
1.302499669E-02,4.861451089,0.,1.373357465E-02,4.843745474,0.,   0000315P0000396
1.445891315E-02,4.826033926,0.,1.520062233E-02,4.808320904,0.,   0000315P0000397
1.595828419E-02,4.790611668,0.,1.673157777E-02,4.772908455,0.,   0000315P0000398
1.752032959E-02,4.755208986,0.,1.832433842E-02,4.737511857,0.,   0000315P0000399
1.88703865E-02,4.725714258,0.,1.914588843E-02,4.719815322,0.,0., 0000315P0000400
1.,0.,0.,1.;                                                     0000315P0000401
126,1,1,1,0,1,0,0.,0.,1.,1.,1.,1.,1.914588843E-02,4.719815322,   0000317P0000402
0.,1.931930795E-02,4.71238898,0.,0.,1.,0.,0.,1.;                 0000317P0000403
110,1.931930795E-02,4.71238898,0.,1.,4.71238898,0.;              0000319P0000404
110,1.,4.71238898,0.,1.,6.283185307,0.;                          0000321P0000405
110,1.,6.283185307,0.,1.931930795E-02,6.283185307,0.;            0000323P0000406
102,6,327,329,331,333,335,339;                                   0000325P0000407
126,3,3,0,0,1,0,0.,0.,0.,0.,1.,1.,1.,1.,1.,1.,1.,1.,-2.725,      0000327P0000408
-0.254,-3.75,-2.725495544,-0.254,-3.75,-2.725990628,             0000327P0000409
-0.254014999,-3.749998158,-2.726485255,-0.254044916,             0000327P0000410
-3.749994485,0.,1.,0.,0.,1.;                                     0000327P0000411
126,22,3,1,0,1,0,0.,0.,0.,0.,5.E-02,0.1,0.15,0.2,0.25,0.3,0.35,  0000329P0000412
0.4,0.45,0.5,0.55,0.6,0.65,0.7,0.75,0.8,0.85,0.9,0.95,1.,1.,1.,  0000329P0000413
1.,1.,1.,1.,1.,1.,1.,1.,1.,1.,1.,1.,1.,1.,1.,1.,1.,1.,1.,1.,1.,  0000329P0000414
1.,1.,1.,-2.726485255,-0.254044916,-3.749994485,-2.731676174,    0000329P0000415
-0.254358883,-3.749955935,-2.74205397,-0.254961966,-3.749475071, 0000329P0000416
-2.757540622,-0.25578773,-3.747539671,-2.772774899,-0.256525823, 0000329P0000417
-3.744417923,-2.78776571,-0.257176741,-3.740109043,-2.802342398, 0000329P0000418
-0.257732843,-3.734658304,-2.816449461,-0.258192544,             0000329P0000419
-3.728095202,-2.830026473,-0.258553444,-3.720440749,             0000329P0000420
-2.842923655,-0.258811942,-3.711785665,-2.855149476,-0.25896824, 0000329P0000421
-3.702124797,-2.866563466,-0.259020198,-3.691563466,             0000329P0000422
-2.877124797,-0.25896824,-3.680149476,-2.886785665,-0.258811942, 0000329P0000423
-3.667923655,-2.895440749,-0.258553444,-3.655026473,             0000329P0000424
-2.903095202,-0.258192544,-3.641449461,-2.909658304,             0000329P0000425
-0.257732843,-3.627342398,-2.915109043,-0.257176741,-3.61276571, 0000329P0000426
-2.919417923,-0.256525823,-3.597774899,-2.922539671,-0.25578773, 0000329P0000427
-3.582540622,-2.924475071,-0.254961966,-3.56705397,-2.924955935, 0000329P0000428
-0.254358883,-3.556676174,-2.924994485,-0.254044916,             0000329P0000429
-3.551485255,0.,1.,6.071133334E-02,-0.996307316,6.071133334E-02; 0000329P0000430
126,3,3,0,0,1,0,0.,0.,0.,0.,1.,1.,1.,1.,1.,1.,1.,1.,             0000331P0000431
-2.924994485,-0.254044916,-3.551485255,-2.924998158,             0000331P0000432
-0.254014999,-3.550990628,-2.925,-0.254,-3.550495544,-2.925,     0000331P0000433
-0.254,-3.55,0.,1.,0.,0.,1.;                                     0000331P0000434
110,-2.925,-0.254,-3.55,-2.925,0.,-3.55;                         0000333P0000435
100,0.,0.,0.,0.,-0.2,0.2,0.;                                     0000335P0000436
124,0.,1.,0.,-2.725,0.,0.,-1.,0.,-1.,0.,-0.,-3.55;               0000337P0000437
110,-2.725,0.,-3.75,-2.725,-0.254,-3.75;                         0000339P0000438
144,343,1,0,345;                                                 0000341P0000439
108,-1.,0.,0.,2.925,0,-2.925,0.,3.75,0.;                         0000343P0000440
142,0,343,0,347,2;                                               0000345P0000441
102,4,349,351,353,355;                                           0000347P0000442
110,-2.925,-0.254,3.55,-2.925,0.,3.55;                           0000349P0000443
110,-2.925,0.,3.55,-2.925,0.,-3.55;                              0000351P0000444
110,-2.925,0.,-3.55,-2.925,-0.254,-3.55;                         0000353P0000445
110,-2.925,-0.254,-3.55,-2.925,-0.254,3.55;                      0000355P0000446
144,359,1,0,361;                                                 0000357P0000447
108,-0.992546152,-0.121869343,0.,2.934152307,0,-2.925,-0.254,    0000359P0000448
3.75,0.;                                                         0000359P0000449
142,0,359,0,363,2;                                               0000361P0000450
102,6,365,367,369,371,373,375;                                   0000363P0000451
126,3,3,0,0,1,0,0.,0.,0.,0.,1.,1.,1.,1.,1.,1.,1.,1.,-2.925,      0000365P0000452
-0.254,-3.55,-2.925,-0.254,-3.550495544,-2.924998158,            0000365P0000453
-0.254014999,-3.550990628,-2.924994485,-0.254044916,             0000365P0000454
-3.551485255,0.,1.,0.,0.,1.;                                     0000365P0000455
110,-2.924994485,-0.254044916,-3.551485255,-2.821815064,         0000367P0000456
-1.094373869,-3.448305833;                                       0000367P0000457
110,-2.821815064,-1.094373869,-3.448305833,-2.821815064,         0000369P0000458
-1.094373869,3.448305833;                                        0000369P0000459
110,-2.821815064,-1.094373869,3.448305833,-2.924994485,          0000371P0000460
-0.254044916,3.551485255;                                        0000371P0000461
126,3,3,0,0,1,0,0.,0.,0.,0.,1.,1.,1.,1.,1.,1.,1.,1.,             0000373P0000462
-2.924994485,-0.254044916,3.551485255,-2.924998158,-0.254014999, 0000373P0000463
3.550990628,-2.925,-0.254,3.550495544,-2.925,-0.254,3.55,0.,1.,  0000373P0000464
0.,0.,1.;                                                        0000373P0000465
110,-2.925,-0.254,3.55,-2.925,-0.254,-3.55;                      0000375P0000466
144,379,1,0,387;                                                 0000377P0000467
120,383,385,4.71238898,6.283185307;                              0000379P0000468
124,-1.,0.,0.,-2.725,0.,0.,1.,0.,0.,1.,0.,3.55;                  0000381P0000469
110,0.,0.,1.,0.,0.,0.;                                           0000383P0000470
110,0.2,0.,-0.259003774,0.2,0.,0.;                               0000385P0000471
142,0,379,389,403,3;                                             0000387P0000472
102,6,391,393,395,397,399,401;                                   0000389P0000473
126,1,1,1,0,1,0,0.,0.,1.,1.,1.,1.,1.931930795E-02,6.283185307,   0000391P0000474
0.,1.914588843E-02,6.275758966,0.,0.,1.,0.,0.,1.;                0000391P0000475
126,90,3,1,0,1,0,0.,0.,0.,0.,1.136363636E-02,2.272727273E-02,    0000393P0000476
3.409090909E-02,4.545454545E-02,5.681818182E-02,6.818181818E-02, 0000393P0000477
7.954545455E-02,9.090909091E-02,0.102272727,0.113636364,0.125,   0000393P0000478
0.136363636,0.147727273,0.159090909,0.170454545,0.181818182,     0000393P0000479
0.193181818,0.204545455,0.215909091,0.227272727,0.238636364,     0000393P0000480
0.25,0.261363636,0.272727273,0.284090909,0.295454545,            0000393P0000481
0.306818182,0.318181818,0.329545455,0.340909091,0.352272727,     0000393P0000482
0.363636364,0.375,0.386363636,0.397727273,0.409090909,           0000393P0000483
0.420454545,0.431818182,0.443181818,0.454545455,0.465909091,     0000393P0000484
0.477272727,0.488636364,0.5,0.511363636,0.522727273,0.534090909, 0000393P0000485
0.545454545,0.556818182,0.568181818,0.579545455,0.590909091,     0000393P0000486
0.602272727,0.613636364,0.625,0.636363636,0.647727273,           0000393P0000487
0.659090909,0.670454545,0.681818182,0.693181818,0.704545455,     0000393P0000488
0.715909091,0.727272727,0.738636364,0.75,0.761363636,            0000393P0000489
0.772727273,0.784090909,0.795454545,0.806818182,0.818181818,     0000393P0000490
0.829545455,0.840909091,0.852272727,0.863636364,0.875,           0000393P0000491
0.886363636,0.897727273,0.909090909,0.920454545,0.931818182,     0000393P0000492
0.943181818,0.954545455,0.965909091,0.977272727,0.988636364,1.,  0000393P0000493
1.,1.,1.,1.,1.,1.,1.,1.,1.,1.,1.,1.,1.,1.,1.,1.,1.,1.,1.,1.,1.,  0000393P0000494
1.,1.,1.,1.,1.,1.,1.,1.,1.,1.,1.,1.,1.,1.,1.,1.,1.,1.,1.,1.,1.,  0000393P0000495
1.,1.,1.,1.,1.,1.,1.,1.,1.,1.,1.,1.,1.,1.,1.,1.,1.,1.,1.,1.,1.,  0000393P0000496
1.,1.,1.,1.,1.,1.,1.,1.,1.,1.,1.,1.,1.,1.,1.,1.,1.,1.,1.,1.,1.,  0000393P0000497
1.,1.,1.,1.,1.,1.,1.,1.,1.,1.,1.914588843E-02,6.275758966,0.,    0000393P0000498
1.88703865E-02,6.26986003,0.,1.832433842E-02,6.25806243,0.,      0000393P0000499
1.752032959E-02,6.240365301,0.,1.673157777E-02,6.222665833,0.,   0000393P0000500
1.595828419E-02,6.20496262,0.,1.520062233E-02,6.187253383,0.,    0000393P0000501
1.445891315E-02,6.169540361,0.,1.373357465E-02,6.151828814,0.,   0000393P0000502
1.302499669E-02,6.134123199,0.,1.233359762E-02,6.116428741,0.,   0000393P0000503
1.165970671E-02,6.09874837,0.,1.100326571E-02,6.0810751,0.,      0000393P0000504
1.036425965E-02,6.063403031,0.,9.742672E-03,6.045726267,0.,      0000393P0000505
9.138449225E-03,6.028037819,0.,8.55187619E-03,6.01034072,0.,     0000393P0000506
7.983316423E-03,5.99264033,0.,7.433105782E-03,5.974941229,0.,    0000393P0000507
6.901615099E-03,5.957248855,0.,6.38908541E-03,5.939565417,0.,    0000393P0000508
5.895559096E-03,5.921888287,0.,5.42111588E-03,5.904215775,0.,    0000393P0000509
4.965825489E-03,5.886545972,0.,4.529760292E-03,5.868877056,0.,   0000393P0000510
4.113029104E-03,5.851207282,0.,3.715740403E-03,5.83353482,0.,    0000393P0000511
3.338004586E-03,5.815858061,0.,2.979924708E-03,5.798174482,0.,   0000393P0000512
2.641642995E-03,5.780486276,0.,2.323327717E-03,5.762798785,0.,   0000393P0000513
2.025138807E-03,5.745116517,0.,1.74724697E-03,5.727444758,0.,    0000393P0000514
1.489786785E-03,5.709786476,0.,1.252734375E-03,5.692134639,0.,   0000393P0000515
1.036083911E-03,5.674483309,0.,8.398276145E-04,5.656826549,0.,   0000393P0000516
6.639474616E-04,5.639157329,0.,5.085227499E-04,5.62147864,0.,    0000393P0000517
3.736557582E-04,5.603795801,0.,2.594397047E-04,5.586113352,0.,   0000393P0000518
1.659819181E-04,5.568436678,0.,9.333489988E-05,5.550767971,0.,   0000393P0000519
4.146689142E-05,5.53310463,0.,1.036198357E-05,5.515444984,0.,    0000393P0000520
-6.733238765E-16,5.497787144,0.,1.036198357E-05,5.480129304,0.,  0000393P0000521
4.146689142E-05,5.462469658,0.,9.333489988E-05,5.444806317,0.,   0000393P0000522
1.659819181E-04,5.427137609,0.,2.594397047E-04,5.409460935,0.,   0000393P0000523
3.736557582E-04,5.391778486,0.,5.085227499E-04,5.374095648,0.,   0000393P0000524
6.639474616E-04,5.356416959,0.,8.398276145E-04,5.338747738,0.,   0000393P0000525
1.036083911E-03,5.321090978,0.,1.252734375E-03,5.303439649,0.,   0000393P0000526
1.489786785E-03,5.285787812,0.,1.74724697E-03,5.268129529,0.,    0000393P0000527
2.025138807E-03,5.250457771,0.,2.323327717E-03,5.232775502,0.,   0000393P0000528
2.641642995E-03,5.215088011,0.,2.979924708E-03,5.197399805,0.,   0000393P0000529
3.338004586E-03,5.179716226,0.,3.715740403E-03,5.162039468,0.,   0000393P0000530
4.113029104E-03,5.144367006,0.,4.529760292E-03,5.126697231,0.,   0000393P0000531
4.965825489E-03,5.109028315,0.,5.42111588E-03,5.091358513,0.,    0000393P0000532
5.895559096E-03,5.073686001,0.,6.38908541E-03,5.056008871,0.,    0000393P0000533
6.901615099E-03,5.038325433,0.,7.433105782E-03,5.020633059,0.,   0000393P0000534
7.983316423E-03,5.002933958,0.,8.55187619E-03,4.985233567,0.,    0000393P0000535
9.138449225E-03,4.967536468,0.,9.742672E-03,4.949848021,0.,      0000393P0000536
1.036425965E-02,4.932171257,0.,1.100326571E-02,4.914499188,0.,   0000393P0000537
1.165970671E-02,4.896825918,0.,1.233359762E-02,4.879145546,0.,   0000393P0000538
1.302499669E-02,4.861451089,0.,1.373357465E-02,4.843745474,0.,   0000393P0000539
1.445891315E-02,4.826033926,0.,1.520062233E-02,4.808320904,0.,   0000393P0000540
1.595828419E-02,4.790611668,0.,1.673157777E-02,4.772908455,0.,   0000393P0000541
1.752032959E-02,4.755208986,0.,1.832433842E-02,4.737511857,0.,   0000393P0000542
1.88703865E-02,4.725714258,0.,1.914588843E-02,4.719815322,0.,0., 0000393P0000543
1.,0.,0.,1.;                                                     0000393P0000544
126,1,1,1,0,1,0,0.,0.,1.,1.,1.,1.,1.914588843E-02,4.719815322,   0000395P0000545
0.,1.931930795E-02,4.71238898,0.,0.,1.,0.,0.,1.;                 0000395P0000546
110,1.931930795E-02,4.71238898,0.,1.,4.71238898,0.;              0000397P0000547
110,1.,4.71238898,0.,1.,6.283185307,0.;                          0000399P0000548
110,1.,6.283185307,0.,1.931930795E-02,6.283185307,0.;            0000401P0000549
102,6,405,407,409,411,413,417;                                   0000403P0000550
126,3,3,0,0,1,0,0.,0.,0.,0.,1.,1.,1.,1.,1.,1.,1.,1.,-2.925,      0000405P0000551
-0.254,3.55,-2.925,-0.254,3.550495544,-2.924998158,-0.254014999, 0000405P0000552
3.550990628,-2.924994485,-0.254044916,3.551485255,0.,1.,0.,0.,   0000405P0000553
1.;                                                              0000405P0000554
126,22,3,1,0,1,0,0.,0.,0.,0.,5.E-02,0.1,0.15,0.2,0.25,0.3,0.35,  0000407P0000555
0.4,0.45,0.5,0.55,0.6,0.65,0.7,0.75,0.8,0.85,0.9,0.95,1.,1.,1.,  0000407P0000556
1.,1.,1.,1.,1.,1.,1.,1.,1.,1.,1.,1.,1.,1.,1.,1.,1.,1.,1.,1.,1.,  0000407P0000557
1.,1.,1.,-2.924994485,-0.254044916,3.551485255,-2.924955935,     0000407P0000558
-0.254358883,3.556676174,-2.924475071,-0.254961966,3.56705397,   0000407P0000559
-2.922539671,-0.25578773,3.582540622,-2.919417923,-0.256525823,  0000407P0000560
3.597774899,-2.915109043,-0.257176741,3.61276571,-2.909658304,   0000407P0000561
-0.257732843,3.627342398,-2.903095202,-0.258192544,3.641449461,  0000407P0000562
-2.895440749,-0.258553444,3.655026473,-2.886785665,-0.258811942, 0000407P0000563
3.667923655,-2.877124797,-0.25896824,3.680149476,-2.866563466,   0000407P0000564
-0.259020198,3.691563466,-2.855149476,-0.25896824,3.702124797,   0000407P0000565
-2.842923655,-0.258811942,3.711785665,-2.830026473,-0.258553444, 0000407P0000566
3.720440749,-2.816449461,-0.258192544,3.728095202,-2.802342398,  0000407P0000567
-0.257732843,3.734658304,-2.78776571,-0.257176741,3.740109043,   0000407P0000568
-2.772774899,-0.256525823,3.744417923,-2.757540622,-0.25578773,  0000407P0000569
3.747539671,-2.74205397,-0.254961966,3.749475071,-2.731676174,   0000407P0000570
-0.254358883,3.749955935,-2.726485255,-0.254044916,3.749994485,  0000407P0000571
0.,1.,-6.071133334E-02,0.996307316,6.071133334E-02;              0000407P0000572
126,3,3,0,0,1,0,0.,0.,0.,0.,1.,1.,1.,1.,1.,1.,1.,1.,             0000409P0000573
-2.726485255,-0.254044916,3.749994485,-2.725990628,-0.254014999, 0000409P0000574
3.749998158,-2.725495544,-0.254,3.75,-2.725,-0.254,3.75,0.,1.,   0000409P0000575
0.,0.,1.;                                                        0000409P0000576
110,-2.725,-0.254,3.75,-2.725,0.,3.75;                           0000411P0000577
100,0.,0.,0.,0.,-0.2,0.2,0.;                                     0000413P0000578
124,-1.,0.,-0.,-2.725,0.,0.,-1.,0.,0.,-1.,0.,3.55;               0000415P0000579
110,-2.925,0.,3.55,-2.925,-0.254,3.55;                           0000417P0000580
144,421,1,0,423;                                                 0000419P0000581
108,0.,0.,1.,3.75,0,2.925,0.,3.75,0.;                            0000421P0000582
142,0,421,0,425,2;                                               0000423P0000583
102,4,427,429,431,433;                                           0000425P0000584
110,2.725,-0.254,3.75,2.725,0.,3.75;                             0000427P0000585
110,2.725,0.,3.75,-2.725,0.,3.75;                                0000429P0000586
110,-2.725,0.,3.75,-2.725,-0.254,3.75;                           0000431P0000587
110,-2.725,-0.254,3.75,2.725,-0.254,3.75;                        0000433P0000588
144,437,1,0,439;                                                 0000435P0000589
108,0.,-0.121869343,0.992546152,3.753002882,0,2.925,-0.254,3.75, 0000437P0000590
0.;                                                              0000437P0000591
142,0,437,0,441,2;                                               0000439P0000592
102,6,443,445,447,449,451,453;                                   0000441P0000593
126,3,3,0,0,1,0,0.,0.,0.,0.,1.,1.,1.,1.,1.,1.,1.,1.,-2.725,      0000443P0000594
-0.254,3.75,-2.725495544,-0.254,3.75,-2.725990628,-0.254014999,  0000443P0000595
3.749998158,-2.726485255,-0.254044916,3.749994485,0.,1.,0.,0.,   0000443P0000596
1.;                                                              0000443P0000597
110,-2.726485255,-0.254044916,3.749994485,-2.623305833,          0000445P0000598
-1.094373869,3.646815064;                                        0000445P0000599
110,-2.623305833,-1.094373869,3.646815064,2.623305833,           0000447P0000600
-1.094373869,3.646815064;                                        0000447P0000601
110,2.623305833,-1.094373869,3.646815064,2.726485255,            0000449P0000602
-0.254044916,3.749994485;                                        0000449P0000603
126,3,3,0,0,1,0,0.,0.,0.,0.,1.,1.,1.,1.,1.,1.,1.,1.,2.726485255, 0000451P0000604
-0.254044916,3.749994485,2.725990628,-0.254014999,3.749998158,   0000451P0000605
2.725495544,-0.254,3.75,2.725,-0.254,3.75,0.,1.,0.,0.,1.;        0000451P0000606
110,2.725,-0.254,3.75,-2.725,-0.254,3.75;                        0000453P0000607
144,457,1,0,465;                                                 0000455P0000608
120,461,463,4.71238898,6.283185307;                              0000457P0000609
124,0.,1.,0.,2.725,0.,0.,1.,0.,1.,0.,0.,3.55;                    0000459P0000610
110,0.,0.,1.,0.,0.,0.;                                           0000461P0000611
110,0.2,0.,-0.259003774,0.2,0.,0.;                               0000463P0000612
142,0,457,467,481,3;                                             0000465P0000613
102,6,469,471,473,475,477,479;                                   0000467P0000614
126,1,1,1,0,1,0,0.,0.,1.,1.,1.,1.,1.931930795E-02,6.283185307,   0000469P0000615
0.,1.914588843E-02,6.275758966,0.,0.,1.,0.,0.,1.;                0000469P0000616
126,90,3,1,0,1,0,0.,0.,0.,0.,1.136363636E-02,2.272727273E-02,    0000471P0000617
3.409090909E-02,4.545454545E-02,5.681818182E-02,6.818181818E-02, 0000471P0000618
7.954545455E-02,9.090909091E-02,0.102272727,0.113636364,0.125,   0000471P0000619
0.136363636,0.147727273,0.159090909,0.170454545,0.181818182,     0000471P0000620
0.193181818,0.204545455,0.215909091,0.227272727,0.238636364,     0000471P0000621
0.25,0.261363636,0.272727273,0.284090909,0.295454545,            0000471P0000622
0.306818182,0.318181818,0.329545455,0.340909091,0.352272727,     0000471P0000623
0.363636364,0.375,0.386363636,0.397727273,0.409090909,           0000471P0000624
0.420454545,0.431818182,0.443181818,0.454545455,0.465909091,     0000471P0000625
0.477272727,0.488636364,0.5,0.511363636,0.522727273,0.534090909, 0000471P0000626
0.545454545,0.556818182,0.568181818,0.579545455,0.590909091,     0000471P0000627
0.602272727,0.613636364,0.625,0.636363636,0.647727273,           0000471P0000628
0.659090909,0.670454545,0.681818182,0.693181818,0.704545455,     0000471P0000629
0.715909091,0.727272727,0.738636364,0.75,0.761363636,            0000471P0000630
0.772727273,0.784090909,0.795454545,0.806818182,0.818181818,     0000471P0000631
0.829545455,0.840909091,0.852272727,0.863636364,0.875,           0000471P0000632
0.886363636,0.897727273,0.909090909,0.920454545,0.931818182,     0000471P0000633
0.943181818,0.954545455,0.965909091,0.977272727,0.988636364,1.,  0000471P0000634
1.,1.,1.,1.,1.,1.,1.,1.,1.,1.,1.,1.,1.,1.,1.,1.,1.,1.,1.,1.,1.,  0000471P0000635
1.,1.,1.,1.,1.,1.,1.,1.,1.,1.,1.,1.,1.,1.,1.,1.,1.,1.,1.,1.,1.,  0000471P0000636
1.,1.,1.,1.,1.,1.,1.,1.,1.,1.,1.,1.,1.,1.,1.,1.,1.,1.,1.,1.,1.,  0000471P0000637
1.,1.,1.,1.,1.,1.,1.,1.,1.,1.,1.,1.,1.,1.,1.,1.,1.,1.,1.,1.,1.,  0000471P0000638
1.,1.,1.,1.,1.,1.,1.,1.,1.,1.,1.914588843E-02,6.275758966,0.,    0000471P0000639
1.88703865E-02,6.26986003,0.,1.832433842E-02,6.25806243,0.,      0000471P0000640
1.752032959E-02,6.240365301,0.,1.673157777E-02,6.222665833,0.,   0000471P0000641
1.595828419E-02,6.20496262,0.,1.520062233E-02,6.187253383,0.,    0000471P0000642
1.445891315E-02,6.169540361,0.,1.373357465E-02,6.151828814,0.,   0000471P0000643
1.302499669E-02,6.134123199,0.,1.233359762E-02,6.116428741,0.,   0000471P0000644
1.165970671E-02,6.09874837,0.,1.100326571E-02,6.0810751,0.,      0000471P0000645
1.036425965E-02,6.063403031,0.,9.742672E-03,6.045726267,0.,      0000471P0000646
9.138449225E-03,6.028037819,0.,8.55187619E-03,6.01034072,0.,     0000471P0000647
7.983316423E-03,5.99264033,0.,7.433105782E-03,5.974941229,0.,    0000471P0000648
6.901615099E-03,5.957248855,0.,6.38908541E-03,5.939565417,0.,    0000471P0000649
5.895559096E-03,5.921888287,0.,5.42111588E-03,5.904215775,0.,    0000471P0000650
4.965825489E-03,5.886545972,0.,4.529760292E-03,5.868877056,0.,   0000471P0000651
4.113029104E-03,5.851207282,0.,3.715740403E-03,5.83353482,0.,    0000471P0000652
3.338004586E-03,5.815858061,0.,2.979924708E-03,5.798174482,0.,   0000471P0000653
2.641642995E-03,5.780486276,0.,2.323327717E-03,5.762798785,0.,   0000471P0000654
2.025138807E-03,5.745116517,0.,1.74724697E-03,5.727444758,0.,    0000471P0000655
1.489786785E-03,5.709786476,0.,1.252734375E-03,5.692134639,0.,   0000471P0000656
1.036083911E-03,5.674483309,0.,8.398276145E-04,5.656826549,0.,   0000471P0000657
6.639474616E-04,5.639157329,0.,5.085227499E-04,5.62147864,0.,    0000471P0000658
3.736557582E-04,5.603795801,0.,2.594397047E-04,5.586113352,0.,   0000471P0000659
1.659819181E-04,5.568436678,0.,9.333489988E-05,5.550767971,0.,   0000471P0000660
4.146689142E-05,5.53310463,0.,1.036198357E-05,5.515444984,0.,    0000471P0000661
-6.733238765E-16,5.497787144,0.,1.036198357E-05,5.480129304,0.,  0000471P0000662
4.146689142E-05,5.462469658,0.,9.333489988E-05,5.444806317,0.,   0000471P0000663
1.659819181E-04,5.427137609,0.,2.594397047E-04,5.409460935,0.,   0000471P0000664
3.736557582E-04,5.391778486,0.,5.085227499E-04,5.374095648,0.,   0000471P0000665
6.639474616E-04,5.356416959,0.,8.398276145E-04,5.338747738,0.,   0000471P0000666
1.036083911E-03,5.321090978,0.,1.252734375E-03,5.303439649,0.,   0000471P0000667
1.489786785E-03,5.285787812,0.,1.74724697E-03,5.268129529,0.,    0000471P0000668
2.025138807E-03,5.250457771,0.,2.323327717E-03,5.232775502,0.,   0000471P0000669
2.641642995E-03,5.215088011,0.,2.979924708E-03,5.197399805,0.,   0000471P0000670
3.338004586E-03,5.179716226,0.,3.715740403E-03,5.162039468,0.,   0000471P0000671
4.113029104E-03,5.144367006,0.,4.529760292E-03,5.126697231,0.,   0000471P0000672
4.965825489E-03,5.109028315,0.,5.42111588E-03,5.091358513,0.,    0000471P0000673
5.895559096E-03,5.073686001,0.,6.38908541E-03,5.056008871,0.,    0000471P0000674
6.901615099E-03,5.038325433,0.,7.433105782E-03,5.020633059,0.,   0000471P0000675
7.983316423E-03,5.002933958,0.,8.55187619E-03,4.985233567,0.,    0000471P0000676
9.138449225E-03,4.967536468,0.,9.742672E-03,4.949848021,0.,      0000471P0000677
1.036425965E-02,4.932171257,0.,1.100326571E-02,4.914499188,0.,   0000471P0000678
1.165970671E-02,4.896825918,0.,1.233359762E-02,4.879145546,0.,   0000471P0000679
1.302499669E-02,4.861451089,0.,1.373357465E-02,4.843745474,0.,   0000471P0000680
1.445891315E-02,4.826033926,0.,1.520062233E-02,4.808320904,0.,   0000471P0000681
1.595828419E-02,4.790611668,0.,1.673157777E-02,4.772908455,0.,   0000471P0000682
1.752032959E-02,4.755208986,0.,1.832433842E-02,4.737511857,0.,   0000471P0000683
1.88703865E-02,4.725714258,0.,1.914588843E-02,4.719815322,0.,0., 0000471P0000684
1.,0.,0.,1.;                                                     0000471P0000685
126,1,1,1,0,1,0,0.,0.,1.,1.,1.,1.,1.914588843E-02,4.719815322,   0000473P0000686
0.,1.931930795E-02,4.71238898,0.,0.,1.,0.,0.,1.;                 0000473P0000687
110,1.931930795E-02,4.71238898,0.,1.,4.71238898,0.;              0000475P0000688
110,1.,4.71238898,0.,1.,6.283185307,0.;                          0000477P0000689
110,1.,6.283185307,0.,1.931930795E-02,6.283185307,0.;            0000479P0000690
102,6,483,485,487,489,491,495;                                   0000481P0000691
126,3,3,0,0,1,0,0.,0.,0.,0.,1.,1.,1.,1.,1.,1.,1.,1.,2.725,       0000483P0000692
-0.254,3.75,2.725495544,-0.254,3.75,2.725990628,-0.254014999,    0000483P0000693
3.749998158,2.726485255,-0.254044916,3.749994485,0.,1.,0.,0.,1.; 0000483P0000694
126,22,3,1,0,1,0,0.,0.,0.,0.,5.E-02,0.1,0.15,0.2,0.25,0.3,0.35,  0000485P0000695
0.4,0.45,0.5,0.55,0.6,0.65,0.7,0.75,0.8,0.85,0.9,0.95,1.,1.,1.,  0000485P0000696
1.,1.,1.,1.,1.,1.,1.,1.,1.,1.,1.,1.,1.,1.,1.,1.,1.,1.,1.,1.,1.,  0000485P0000697
1.,1.,1.,2.726485255,-0.254044916,3.749994485,2.731676174,       0000485P0000698
-0.254358883,3.749955935,2.74205397,-0.254961966,3.749475071,    0000485P0000699
2.757540622,-0.25578773,3.747539671,2.772774899,-0.256525823,    0000485P0000700
3.744417923,2.78776571,-0.257176741,3.740109043,2.802342398,     0000485P0000701
-0.257732843,3.734658304,2.816449461,-0.258192544,3.728095202,   0000485P0000702
2.830026473,-0.258553444,3.720440749,2.842923655,-0.258811942,   0000485P0000703
3.711785665,2.855149476,-0.25896824,3.702124797,2.866563466,     0000485P0000704
-0.259020198,3.691563466,2.877124797,-0.25896824,3.680149476,    0000485P0000705
2.886785665,-0.258811942,3.667923655,2.895440749,-0.258553444,   0000485P0000706
3.655026473,2.903095202,-0.258192544,3.641449461,2.909658304,    0000485P0000707
-0.257732843,3.627342398,2.915109043,-0.257176741,3.61276571,    0000485P0000708
2.919417923,-0.256525823,3.597774899,2.922539671,-0.25578773,    0000485P0000709
3.582540622,2.924475071,-0.254961966,3.56705397,2.924955935,     0000485P0000710
-0.254358883,3.556676174,2.924994485,-0.254044916,3.551485255,   0000485P0000711
0.,1.,6.071133334E-02,0.996307316,6.071133334E-02;               0000485P0000712
126,3,3,0,0,1,0,0.,0.,0.,0.,1.,1.,1.,1.,1.,1.,1.,1.,2.924994485, 0000487P0000713
-0.254044916,3.551485255,2.924998158,-0.254014999,3.550990628,   0000487P0000714
2.925,-0.254,3.550495544,2.925,-0.254,3.55,0.,1.,0.,0.,1.;       0000487P0000715
110,2.925,-0.254,3.55,2.925,0.,3.55;                             0000489P0000716
100,0.,0.,0.,0.,-0.2,0.2,0.;                                     0000491P0000717
124,0.,-1.,0.,2.725,0.,0.,-1.,0.,1.,0.,-0.,3.55;                 0000493P0000718
110,2.725,0.,3.75,2.725,-0.254,3.75;                             0000495P0000719
144,499,1,0,501;                                                 0000497P0000720
108,1.,0.,0.,2.925,0,2.925,0.,-3.75,0.;                          0000499P0000721
142,0,499,0,503,2;                                               0000501P0000722
102,4,505,507,509,511;                                           0000503P0000723
110,2.925,-0.254,-3.55,2.925,0.,-3.55;                           0000505P0000724
110,2.925,0.,-3.55,2.925,0.,3.55;                                0000507P0000725
110,2.925,0.,3.55,2.925,-0.254,3.55;                             0000509P0000726
110,2.925,-0.254,3.55,2.925,-0.254,-3.55;                        0000511P0000727
144,515,1,0,517;                                                 0000513P0000728
108,0.992546152,-0.121869343,0.,2.934152307,0,2.925,-0.254,      0000515P0000729
-3.75,0.;                                                        0000515P0000730
142,0,515,0,519,2;                                               0000517P0000731
102,6,521,523,525,527,529,531;                                   0000519P0000732
126,3,3,0,0,1,0,0.,0.,0.,0.,1.,1.,1.,1.,1.,1.,1.,1.,2.925,       0000521P0000733
-0.254,3.55,2.925,-0.254,3.550495544,2.924998158,-0.254014999,   0000521P0000734
3.550990628,2.924994485,-0.254044916,3.551485255,0.,1.,0.,0.,1.; 0000521P0000735
110,2.924994485,-0.254044916,3.551485255,2.821815064,            0000523P0000736
-1.094373869,3.448305833;                                        0000523P0000737
110,2.821815064,-1.094373869,3.448305833,2.821815064,            0000525P0000738
-1.094373869,-3.448305833;                                       0000525P0000739
110,2.821815064,-1.094373869,-3.448305833,2.924994485,           0000527P0000740
-0.254044916,-3.551485255;                                       0000527P0000741
126,3,3,0,0,1,0,0.,0.,0.,0.,1.,1.,1.,1.,1.,1.,1.,1.,2.924994485, 0000529P0000742
-0.254044916,-3.551485255,2.924998158,-0.254014999,-3.550990628, 0000529P0000743
2.925,-0.254,-3.550495544,2.925,-0.254,-3.55,0.,1.,0.,0.,1.;     0000529P0000744
110,2.925,-0.254,-3.55,2.925,-0.254,3.55;                        0000531P0000745
144,535,1,0,543;                                                 0000533P0000746
120,539,541,4.71238898,6.283185307;                              0000535P0000747
124,1.,0.,0.,2.725,0.,0.,1.,0.,0.,-1.,0.,-3.55;                  0000537P0000748
110,0.,0.,1.,0.,0.,0.;                                           0000539P0000749
110,0.2,0.,-0.259003774,0.2,0.,0.;                               0000541P0000750
142,0,535,545,559,3;                                             0000543P0000751
102,6,547,549,551,553,555,557;                                   0000545P0000752
126,1,1,1,0,1,0,0.,0.,1.,1.,1.,1.,1.931930795E-02,6.283185307,   0000547P0000753
0.,1.914588843E-02,6.275758966,0.,0.,1.,0.,0.,1.;                0000547P0000754
126,90,3,1,0,1,0,0.,0.,0.,0.,1.136363636E-02,2.272727273E-02,    0000549P0000755
3.409090909E-02,4.545454545E-02,5.681818182E-02,6.818181818E-02, 0000549P0000756
7.954545455E-02,9.090909091E-02,0.102272727,0.113636364,0.125,   0000549P0000757
0.136363636,0.147727273,0.159090909,0.170454545,0.181818182,     0000549P0000758
0.193181818,0.204545455,0.215909091,0.227272727,0.238636364,     0000549P0000759
0.25,0.261363636,0.272727273,0.284090909,0.295454545,            0000549P0000760
0.306818182,0.318181818,0.329545455,0.340909091,0.352272727,     0000549P0000761
0.363636364,0.375,0.386363636,0.397727273,0.409090909,           0000549P0000762
0.420454545,0.431818182,0.443181818,0.454545455,0.465909091,     0000549P0000763
0.477272727,0.488636364,0.5,0.511363636,0.522727273,0.534090909, 0000549P0000764
0.545454545,0.556818182,0.568181818,0.579545455,0.590909091,     0000549P0000765
0.602272727,0.613636364,0.625,0.636363636,0.647727273,           0000549P0000766
0.659090909,0.670454545,0.681818182,0.693181818,0.704545455,     0000549P0000767
0.715909091,0.727272727,0.738636364,0.75,0.761363636,            0000549P0000768
0.772727273,0.784090909,0.795454545,0.806818182,0.818181818,     0000549P0000769
0.829545455,0.840909091,0.852272727,0.863636364,0.875,           0000549P0000770
0.886363636,0.897727273,0.909090909,0.920454545,0.931818182,     0000549P0000771
0.943181818,0.954545455,0.965909091,0.977272727,0.988636364,1.,  0000549P0000772
1.,1.,1.,1.,1.,1.,1.,1.,1.,1.,1.,1.,1.,1.,1.,1.,1.,1.,1.,1.,1.,  0000549P0000773
1.,1.,1.,1.,1.,1.,1.,1.,1.,1.,1.,1.,1.,1.,1.,1.,1.,1.,1.,1.,1.,  0000549P0000774
1.,1.,1.,1.,1.,1.,1.,1.,1.,1.,1.,1.,1.,1.,1.,1.,1.,1.,1.,1.,1.,  0000549P0000775
1.,1.,1.,1.,1.,1.,1.,1.,1.,1.,1.,1.,1.,1.,1.,1.,1.,1.,1.,1.,1.,  0000549P0000776
1.,1.,1.,1.,1.,1.,1.,1.,1.,1.,1.914588843E-02,6.275758966,0.,    0000549P0000777
1.88703865E-02,6.26986003,0.,1.832433842E-02,6.25806243,0.,      0000549P0000778
1.752032959E-02,6.240365301,0.,1.673157777E-02,6.222665833,0.,   0000549P0000779
1.595828419E-02,6.20496262,0.,1.520062233E-02,6.187253383,0.,    0000549P0000780
1.445891315E-02,6.169540361,0.,1.373357465E-02,6.151828814,0.,   0000549P0000781
1.302499669E-02,6.134123199,0.,1.233359762E-02,6.116428741,0.,   0000549P0000782
1.165970671E-02,6.09874837,0.,1.100326571E-02,6.0810751,0.,      0000549P0000783
1.036425965E-02,6.063403031,0.,9.742672E-03,6.045726267,0.,      0000549P0000784
9.138449225E-03,6.028037819,0.,8.55187619E-03,6.01034072,0.,     0000549P0000785
7.983316423E-03,5.99264033,0.,7.433105782E-03,5.974941229,0.,    0000549P0000786
6.901615099E-03,5.957248855,0.,6.38908541E-03,5.939565417,0.,    0000549P0000787
5.895559096E-03,5.921888287,0.,5.42111588E-03,5.904215775,0.,    0000549P0000788
4.965825489E-03,5.886545972,0.,4.529760292E-03,5.868877056,0.,   0000549P0000789
4.113029104E-03,5.851207282,0.,3.715740403E-03,5.83353482,0.,    0000549P0000790
3.338004586E-03,5.815858061,0.,2.979924708E-03,5.798174482,0.,   0000549P0000791
2.641642995E-03,5.780486276,0.,2.323327717E-03,5.762798785,0.,   0000549P0000792
2.025138807E-03,5.745116517,0.,1.74724697E-03,5.727444758,0.,    0000549P0000793
1.489786785E-03,5.709786476,0.,1.252734375E-03,5.692134639,0.,   0000549P0000794
1.036083911E-03,5.674483309,0.,8.398276145E-04,5.656826549,0.,   0000549P0000795
6.639474616E-04,5.639157329,0.,5.085227499E-04,5.62147864,0.,    0000549P0000796
3.736557582E-04,5.603795801,0.,2.594397047E-04,5.586113352,0.,   0000549P0000797
1.659819181E-04,5.568436678,0.,9.333489988E-05,5.550767971,0.,   0000549P0000798
4.146689142E-05,5.53310463,0.,1.036198357E-05,5.515444984,0.,    0000549P0000799
-6.733238765E-16,5.497787144,0.,1.036198357E-05,5.480129304,0.,  0000549P0000800
4.146689142E-05,5.462469658,0.,9.333489988E-05,5.444806317,0.,   0000549P0000801
1.659819181E-04,5.427137609,0.,2.594397047E-04,5.409460935,0.,   0000549P0000802
3.736557582E-04,5.391778486,0.,5.085227499E-04,5.374095648,0.,   0000549P0000803
6.639474616E-04,5.356416959,0.,8.398276145E-04,5.338747738,0.,   0000549P0000804
1.036083911E-03,5.321090978,0.,1.252734375E-03,5.303439649,0.,   0000549P0000805
1.489786785E-03,5.285787812,0.,1.74724697E-03,5.268129529,0.,    0000549P0000806
2.025138807E-03,5.250457771,0.,2.323327717E-03,5.232775502,0.,   0000549P0000807
2.641642995E-03,5.215088011,0.,2.979924708E-03,5.197399805,0.,   0000549P0000808
3.338004586E-03,5.179716226,0.,3.715740403E-03,5.162039468,0.,   0000549P0000809
4.113029104E-03,5.144367006,0.,4.529760292E-03,5.126697231,0.,   0000549P0000810
4.965825489E-03,5.109028315,0.,5.42111588E-03,5.091358513,0.,    0000549P0000811
5.895559096E-03,5.073686001,0.,6.38908541E-03,5.056008871,0.,    0000549P0000812
6.901615099E-03,5.038325433,0.,7.433105782E-03,5.020633059,0.,   0000549P0000813
7.983316423E-03,5.002933958,0.,8.55187619E-03,4.985233567,0.,    0000549P0000814
9.138449225E-03,4.967536468,0.,9.742672E-03,4.949848021,0.,      0000549P0000815
1.036425965E-02,4.932171257,0.,1.100326571E-02,4.914499188,0.,   0000549P0000816
1.165970671E-02,4.896825918,0.,1.233359762E-02,4.879145546,0.,   0000549P0000817
1.302499669E-02,4.861451089,0.,1.373357465E-02,4.843745474,0.,   0000549P0000818
1.445891315E-02,4.826033926,0.,1.520062233E-02,4.808320904,0.,   0000549P0000819
1.595828419E-02,4.790611668,0.,1.673157777E-02,4.772908455,0.,   0000549P0000820
1.752032959E-02,4.755208986,0.,1.832433842E-02,4.737511857,0.,   0000549P0000821
1.88703865E-02,4.725714258,0.,1.914588843E-02,4.719815322,0.,0., 0000549P0000822
1.,0.,0.,1.;                                                     0000549P0000823
126,1,1,1,0,1,0,0.,0.,1.,1.,1.,1.,1.914588843E-02,4.719815322,   0000551P0000824
0.,1.931930795E-02,4.71238898,0.,0.,1.,0.,0.,1.;                 0000551P0000825
110,1.931930795E-02,4.71238898,0.,1.,4.71238898,0.;              0000553P0000826
110,1.,4.71238898,0.,1.,6.283185307,0.;                          0000555P0000827
110,1.,6.283185307,0.,1.931930795E-02,6.283185307,0.;            0000557P0000828
102,6,561,563,565,567,569,573;                                   0000559P0000829
126,3,3,0,0,1,0,0.,0.,0.,0.,1.,1.,1.,1.,1.,1.,1.,1.,2.925,       0000561P0000830
-0.254,-3.55,2.925,-0.254,-3.550495544,2.924998158,-0.254014999, 0000561P0000831
-3.550990628,2.924994485,-0.254044916,-3.551485255,0.,1.,0.,0.,  0000561P0000832
1.;                                                              0000561P0000833
126,22,3,1,0,1,0,0.,0.,0.,0.,5.E-02,0.1,0.15,0.2,0.25,0.3,0.35,  0000563P0000834
0.4,0.45,0.5,0.55,0.6,0.65,0.7,0.75,0.8,0.85,0.9,0.95,1.,1.,1.,  0000563P0000835
1.,1.,1.,1.,1.,1.,1.,1.,1.,1.,1.,1.,1.,1.,1.,1.,1.,1.,1.,1.,1.,  0000563P0000836
1.,1.,1.,2.924994485,-0.254044916,-3.551485255,2.924955935,      0000563P0000837
-0.254358883,-3.556676174,2.924475071,-0.254961966,-3.56705397,  0000563P0000838
2.922539671,-0.25578773,-3.582540622,2.919417923,-0.256525823,   0000563P0000839
-3.597774899,2.915109043,-0.257176741,-3.61276571,2.909658304,   0000563P0000840
-0.257732843,-3.627342398,2.903095202,-0.258192544,-3.641449461, 0000563P0000841
2.895440749,-0.258553444,-3.655026473,2.886785665,-0.258811942,  0000563P0000842
-3.667923655,2.877124797,-0.25896824,-3.680149476,2.866563466,   0000563P0000843
-0.259020198,-3.691563466,2.855149476,-0.25896824,-3.702124797,  0000563P0000844
2.842923655,-0.258811942,-3.711785665,2.830026473,-0.258553444,  0000563P0000845
-3.720440749,2.816449461,-0.258192544,-3.728095202,2.802342398,  0000563P0000846
-0.257732843,-3.734658304,2.78776571,-0.257176741,-3.740109043,  0000563P0000847
2.772774899,-0.256525823,-3.744417923,2.757540622,-0.25578773,   0000563P0000848
-3.747539671,2.74205397,-0.254961966,-3.749475071,2.731676174,   0000563P0000849
-0.254358883,-3.749955935,2.726485255,-0.254044916,-3.749994485, 0000563P0000850
0.,1.,-6.071133334E-02,-0.996307316,6.071133334E-02;             0000563P0000851
126,3,3,0,0,1,0,0.,0.,0.,0.,1.,1.,1.,1.,1.,1.,1.,1.,2.726485255, 0000565P0000852
-0.254044916,-3.749994485,2.725990628,-0.254014999,-3.749998158, 0000565P0000853
2.725495544,-0.254,-3.75,2.725,-0.254,-3.75,0.,1.,0.,0.,1.;      0000565P0000854
110,2.725,-0.254,-3.75,2.725,0.,-3.75;                           0000567P0000855
100,0.,0.,0.,0.,-0.2,0.2,0.;                                     0000569P0000856
124,1.,0.,0.,2.725,0.,0.,-1.,0.,0.,1.,0.,-3.55;                  0000571P0000857
110,2.925,0.,-3.55,2.925,-0.254,-3.55;                           0000573P0000858
144,577,1,0,585;                                                 0000575P0000859
120,581,583,4.727241663,6.283185307;                             0000577P0000860
124,0.992546152,-1.474305743E-02,0.120974291,2.72649077,         0000579P0000861
-0.121869343,-0.120072567,0.985256536,-0.229626131,              0000579P0000862
1.068416189E-14,-0.992655641,-0.120974291,-3.55149077;           0000579P0000863
110,0.,0.,1.,0.,0.,0.;                                           0000581P0000864
110,0.2,0.,-0.852949296,0.2,0.,4.913268913E-03;                  0000583P0000865
142,0,577,587,597,3;                                             0000585P0000866
102,4,589,591,593,595;                                           0000587P0000867
110,0.,6.283185307,0.,-4.027322159E-16,4.727241663,0.;           0000589P0000868
110,1.474376177E-13,4.727241663,0.,0.99421952,4.727241663,0.;    0000591P0000869
126,90,3,1,0,1,0,0.,0.,0.,0.,1.136363636E-02,2.272727273E-02,    0000593P0000870
3.409090909E-02,4.545454545E-02,5.681818182E-02,6.818181818E-02, 0000593P0000871
7.954545455E-02,9.090909091E-02,0.102272727,0.113636364,0.125,   0000593P0000872
0.136363636,0.147727273,0.159090909,0.170454545,0.181818182,     0000593P0000873
0.193181818,0.204545455,0.215909091,0.227272727,0.238636364,     0000593P0000874
0.25,0.261363636,0.272727273,0.284090909,0.295454545,            0000593P0000875
0.306818182,0.318181818,0.329545455,0.340909091,0.352272727,     0000593P0000876
0.363636364,0.375,0.386363636,0.397727273,0.409090909,           0000593P0000877
0.420454545,0.431818182,0.443181818,0.454545455,0.465909091,     0000593P0000878
0.477272727,0.488636364,0.5,0.511363636,0.522727273,0.534090909, 0000593P0000879
0.545454545,0.556818182,0.568181818,0.579545455,0.590909091,     0000593P0000880
0.602272727,0.613636364,0.625,0.636363636,0.647727273,           0000593P0000881
0.659090909,0.670454545,0.681818182,0.693181818,0.704545455,     0000593P0000882
0.715909091,0.727272727,0.738636364,0.75,0.761363636,            0000593P0000883
0.772727273,0.784090909,0.795454545,0.806818182,0.818181818,     0000593P0000884
0.829545455,0.840909091,0.852272727,0.863636364,0.875,           0000593P0000885
0.886363636,0.897727273,0.909090909,0.920454545,0.931818182,     0000593P0000886
0.943181818,0.954545455,0.965909091,0.977272727,0.988636364,1.,  0000593P0000887
1.,1.,1.,1.,1.,1.,1.,1.,1.,1.,1.,1.,1.,1.,1.,1.,1.,1.,1.,1.,1.,  0000593P0000888
1.,1.,1.,1.,1.,1.,1.,1.,1.,1.,1.,1.,1.,1.,1.,1.,1.,1.,1.,1.,1.,  0000593P0000889
1.,1.,1.,1.,1.,1.,1.,1.,1.,1.,1.,1.,1.,1.,1.,1.,1.,1.,1.,1.,1.,  0000593P0000890
1.,1.,1.,1.,1.,1.,1.,1.,1.,1.,1.,1.,1.,1.,1.,1.,1.,1.,1.,1.,1.,  0000593P0000891
1.,1.,1.,1.,1.,1.,1.,1.,1.,1.,0.99421952,4.727241663,0.,         0000593P0000892
0.994302699,4.7331406,0.,0.99446756,4.744938199,0.,0.994710305,  0000593P0000893
4.762635328,0.,0.994948443,4.780334796,0.,0.995181914,           0000593P0000894
4.798038009,0.,0.995410665,4.815747246,0.,0.9956346,4.833460268, 0000593P0000895
0.,0.995853593,4.851171815,0.,0.996067525,4.86887743,0.,         0000593P0000896
0.99627627,4.886571888,0.,0.99647973,4.904252259,0.,0.996677921, 0000593P0000897
4.921925529,0.,0.996870848,4.939597598,0.,0.997058516,           0000593P0000898
4.957274362,0.,0.997240942,4.97496281,0.,0.997418038,            0000593P0000899
4.992659909,0.,0.997589697,5.010360299,0.,0.997755815,5.0280594, 0000593P0000900
0.,0.997916281,5.045751774,0.,0.998071023,5.063435212,0.,        0000593P0000901
0.998220027,5.081112342,0.,0.99836327,5.098784854,0.,0.99850073, 0000593P0000902
5.116454657,0.,0.998632386,5.134123573,0.,0.998758204,           0000593P0000903
5.151793347,0.,0.998878153,5.169465809,0.,0.998992198,           0000593P0000904
5.187142568,0.,0.999100308,5.204826147,0.,0.999202442,           0000593P0000905
5.222514353,0.,0.999298547,5.240201844,0.,0.999388575,           0000593P0000906
5.257884112,0.,0.999472475,5.275555871,0.,0.999550207,           0000593P0000907
5.293214153,0.,0.999621777,5.31086599,0.,0.999687188,5.32851732, 0000593P0000908
0.,0.999746441,5.34617408,0.,0.999799543,5.3638433,0.,           0000593P0000909
0.999846468,5.381521989,0.,0.999887187,5.399204828,0.,           0000593P0000910
0.999921671,5.416887277,0.,0.999949887,5.434563951,0.,           0000593P0000911
0.999971821,5.452232658,0.,0.99998748,5.469895999,0.,            0000593P0000912
0.999996872,5.487555645,0.,1.,5.505213485,0.,0.999996872,        0000593P0000913
5.522871325,0.,0.99998748,5.540530971,0.,0.999971821,            0000593P0000914
5.558194312,0.,0.999949887,5.57586302,0.,0.999921671,            0000593P0000915
5.593539694,0.,0.999887187,5.611222143,0.,0.999846468,           0000593P0000916
5.628904981,0.,0.999799543,5.64658367,0.,0.999746441,            0000593P0000917
5.664252891,0.,0.999687188,5.681909651,0.,0.999621777,           0000593P0000918
5.69956098,0.,0.999550207,5.717212817,0.,0.999472475,5.7348711,  0000593P0000919
0.,0.999388575,5.752542858,0.,0.999298547,5.770225127,0.,        0000593P0000920
0.999202442,5.787912618,0.,0.999100308,5.805600824,0.,           0000593P0000921
0.998992198,5.823284403,0.,0.998878153,5.840961161,0.,           0000593P0000922
0.998758204,5.858633623,0.,0.998632386,5.876303398,0.,           0000593P0000923
0.99850073,5.893972314,0.,0.99836327,5.911642116,0.,0.998220027, 0000593P0000924
5.929314628,0.,0.998071023,5.946991758,0.,0.997916281,           0000593P0000925
5.964675196,0.,0.997755815,5.98236757,0.,0.997589697,            0000593P0000926
6.000066671,0.,0.997418038,6.017767062,0.,0.997240942,           0000593P0000927
6.035464161,0.,0.997058516,6.053152608,0.,0.996870848,           0000593P0000928
6.070829372,0.,0.996677921,6.088501441,0.,0.99647973,            0000593P0000929
6.106174711,0.,0.99627627,6.123855083,0.,0.996067525,6.14154954, 0000593P0000930
0.,0.995853593,6.159255155,0.,0.9956346,6.176966703,0.,          0000593P0000931
0.995410665,6.194679725,0.,0.995181914,6.212388961,0.,           0000593P0000932
0.994948443,6.230092174,0.,0.994710305,6.247791643,0.,           0000593P0000933
0.99446756,6.265488772,0.,0.994302699,6.277286371,0.,0.99421952, 0000593P0000934
6.283185307,0.,0.,1.,0.,0.,1.;                                   0000593P0000935
110,0.99421952,6.283185307,0.,1.477706846E-13,6.283185307,0.;    0000595P0000936
102,4,599,603,605,607;                                           0000597P0000937
100,0.,0.,0.,0.2,0.,2.970427372E-03,0.19997794;                  0000599P0000938
124,0.992546152,-1.474305743E-02,0.120974291,2.623305833,        0000601P0000939
-0.121869343,-0.120072567,0.985256536,-1.07,1.068416189E-14,     0000601P0000940
-0.992655641,-0.120974291,-3.448305833;                          0000601P0000941
110,2.623305833,-1.094373869,-3.646815064,2.726485255,           0000603P0000942
-0.254044916,-3.749994485;                                       0000603P0000943
126,22,3,1,0,1,0,0.,0.,0.,0.,5.E-02,1.E-01,0.15,0.2,0.25,0.3,    0000605P0000944
0.35,0.4,0.45,0.5,0.55,0.6,0.65,0.7,0.75,0.8,0.85,0.9,0.95,1.,   0000605P0000945
1.,1.,1.,1.,1.,1.,1.,1.,1.,1.,1.,1.,1.,1.,1.,1.,1.,1.,1.,1.,1.,  0000605P0000946
1.,1.,1.,1.,1.,2.726485255,-0.254044916,-3.749994485,            0000605P0000947
2.731676174,-0.254358883,-3.749955935,2.74205397,-0.254961966,   0000605P0000948
-3.749475071,2.757540622,-0.25578773,-3.747539671,2.772774899,   0000605P0000949
-0.256525823,-3.744417923,2.78776571,-0.257176741,-3.740109043,  0000605P0000950
2.802342398,-0.257732843,-3.734658304,2.816449461,-0.258192544,  0000605P0000951
-3.728095202,2.830026473,-0.258553444,-3.720440749,2.842923655,  0000605P0000952
-0.258811942,-3.711785665,2.855149476,-0.25896824,-3.702124797,  0000605P0000953
2.866563466,-0.259020198,-3.691563466,2.877124797,-0.25896824,   0000605P0000954
-3.680149476,2.886785665,-0.258811942,-3.667923655,2.895440749,  0000605P0000955
-0.258553444,-3.655026473,2.903095202,-0.258192544,-3.641449461, 0000605P0000956
2.909658304,-0.257732843,-3.627342398,2.915109043,-0.257176741,  0000605P0000957
-3.61276571,2.919417923,-0.256525823,-3.597774899,2.922539671,   0000605P0000958
-0.25578773,-3.582540622,2.924475071,-0.254961966,-3.56705397,   0000605P0000959
2.924955935,-0.254358883,-3.556676174,2.924994485,-0.254044916,  0000605P0000960
-3.551485255,0.,1.,-6.071133334E-02,-0.996307316,                0000605P0000961
6.071133334E-02;                                                 0000605P0000962
110,2.924994485,-0.254044916,-3.551485255,2.821815064,           0000607P0000963
-1.094373869,-3.448305833;                                       0000607P0000964
144,611,1,0,621;                                                 0000609P0000965
120,615,617,4.884318241,6.283185307;                             0000611P0000966
124,0.696681578,-0.120974291,-0.707106781,2.623305833,           0000613P0000967
-0.171083483,-0.985256536,0.,-1.07,-0.696681578,0.120974291,     0000613P0000968
-0.707106781,-3.448305833;                                       0000613P0000969
110,0.,0.,1.,0.,0.,0.;                                           0000615P0000970
100,0.,0.,0.,0.14246769,-0.140367223,0.14246769,0.140367223;     0000617P0000971
124,1.,0.,0.,0.,0.,0.,-1.,0.,0.,1.,-0.,0.;                       0000619P0000972
142,0,611,623,631,3;                                             0000621P0000973
102,3,625,627,629;                                               0000623P0000974
110,0.777971822,6.283185307,0.,-0.777971822,6.283185307,0.;      0000625P0000975
126,24,3,1,0,1,0,0.,0.,0.,0.,6.584651269E-02,0.131693025,        0000627P0000976
0.197539538,0.263386051,0.329232563,0.395079076,0.460925589,     0000627P0000977
0.526772102,0.592618614,0.658465127,0.72431164,0.790158152,      0000627P0000978
0.856004665,0.921851178,0.98769769,1.053544203,1.119390716,      0000627P0000979
1.185237228,1.251083741,1.316930254,1.382776766,1.448623279,     0000627P0000980
1.448623279,1.448623279,1.448623279,1.,1.,1.,1.,1.,1.,1.,1.,1.,  0000627P0000981
1.,1.,1.,1.,1.,1.,1.,1.,1.,1.,1.,1.,1.,1.,1.,1.,-0.777971822,    0000627P0000982
6.283185307,0.,-0.775320746,6.252588351,0.,-0.768599299,         0000627P0000983
6.191915135,0.,-0.754478757,6.102987835,0.,-0.73652302,          0000627P0000984
6.016718712,0.,-0.714992451,5.933490147,0.,-0.690166382,         0000627P0000985
5.853553208,0.,-0.6623361,5.777023142,0.,-0.631792149,           0000627P0000986
5.703903678,0.,-0.598816504,5.634108808,0.,-0.563676818,         0000627P0000987
5.56748583,0.,-0.526623109,5.503835542,0.,-0.487886239,          0000627P0000988
5.442929077,0.,-0.447677747,5.384521003,0.,-0.406190606,         0000627P0000989
5.328358987,0.,-0.363600574,5.274190515,0.,-0.320067876,         0000627P0000990
5.221767236,0.,-0.27573906,5.170847464,0.,-0.230748887,          0000627P0000991
5.121197319,0.,-0.185222206,5.072590875,0.,-0.139275781,         0000627P0000992
5.02480958,0.,-9.30199635E-02,4.977641296,0.,-4.656059692E-02,   0000627P0000993
4.930878665,0.,-1.552001788E-02,4.899838586,0.,-3.10610885E-16,  0000627P0000994
4.884318241,0.,0.,1.448623279,0.,0.,1.;                          0000627P0000995
126,24,3,1,0,1,0,0.,0.,0.,0.,6.584651269E-02,0.131693025,        0000629P0000996
0.197539538,0.263386051,0.329232563,0.395079076,0.460925589,     0000629P0000997
0.526772102,0.592618614,0.658465127,0.72431164,0.790158152,      0000629P0000998
0.856004665,0.921851178,0.98769769,1.053544203,1.119390716,      0000629P0000999
1.185237228,1.251083741,1.316930254,1.382776766,1.448623279,     0000629P0001000
1.448623279,1.448623279,1.448623279,1.,1.,1.,1.,1.,1.,1.,1.,1.,  0000629P0001001
1.,1.,1.,1.,1.,1.,1.,1.,1.,1.,1.,1.,1.,1.,1.,1.,-3.10610885E-16, 0000629P0001002
4.884318241,0.,1.552001788E-02,4.899838586,0.,4.656059692E-02,   0000629P0001003
4.930878665,0.,9.30199635E-02,4.977641296,0.,0.139275781,        0000629P0001004
5.02480958,0.,0.185222206,5.072590875,0.,0.230748887,            0000629P0001005
5.121197319,0.,0.27573906,5.170847464,0.,0.320067876,            0000629P0001006
5.221767236,0.,0.363600574,5.274190515,0.,0.406190606,           0000629P0001007
5.328358987,0.,0.447677747,5.384521003,0.,0.487886239,           0000629P0001008
5.442929077,0.,0.526623109,5.503835542,0.,0.563676818,           0000629P0001009
5.56748583,0.,0.598816504,5.634108808,0.,0.631792149,            0000629P0001010
5.703903678,0.,0.6623361,5.777023142,0.,0.690166382,5.853553208, 0000629P0001011
0.,0.714992451,5.933490147,0.,0.73652302,6.016718712,0.,         0000629P0001012
0.754478757,6.102987835,0.,0.768599299,6.191915135,0.,           0000629P0001013
0.775320746,6.252588351,0.,0.777971822,6.283185307,0.,0.,        0000629P0001014
1.448623279,0.,0.,1.;                                            0000629P0001015
102,3,633,637,641;                                               0000631P0001016
100,0.,0.,0.,2.970427372E-03,-0.19997794,0.2,0.;                 0000633P0001017
124,0.992546152,1.474305743E-02,-0.120974291,2.623305833,        0000635P0001018
-0.121869343,0.120072567,-0.985256536,-1.07,1.067895772E-14,     0000635P0001019
0.992655641,0.120974291,-3.448305833;                            0000635P0001020
100,0.,0.,0.,2.437386868E-02,-0.19850923,0.2,0.;                 0000637P0001021
124,0.,-1.,0.,2.623305833,-1.,0.,-0.,-1.07,0.,0.,-1.,            0000639P0001022
-3.448305833;                                                    0000639P0001023
100,0.,0.,0.,2.437386868E-02,-0.19850923,0.2,-1.110223025E-16;   0000641P0001024
124,0.,0.,1.,2.623305833,-0.121869343,0.992546152,-0.,-1.07,     0000643P0001025
-0.992546152,-0.121869343,0.,-3.448305833;                       0000643P0001026
144,647,1,0,655;                                                 0000645P0001027
120,651,653,4.834562028,6.283185307;                             0000647P0001028
124,0.,0.,1.,-2.821815064,-1.,0.,0.,-1.07,0.,-1.,0.,             0000649P0001029
-3.448305833;                                                    0000649P0001030
110,0.,0.,1.,0.,0.,0.;                                           0000651P0001031
110,0.2,0.,0.19850923,0.2,0.,5.445120897;                        0000653P0001032
142,0,647,657,667,3;                                             0000655P0001033
102,4,659,661,663,665;                                           0000657P0001034
110,0.,6.283185307,0.,-6.130794581E-17,4.834562028,0.;           0000659P0001035
110,-6.130794581E-17,4.834562028,0.,1.,4.834562028,0.;           0000661P0001036
110,1.,4.834562028,0.,1.,6.283185307,0.;                         0000663P0001037
110,1.,6.283185307,0.,0.,6.283185307,0.;                         0000665P0001038
102,4,669,673,675,679;                                           0000667P0001039
100,0.,0.,0.,0.2,0.,2.437386868E-02,0.19850923;                  0000669P0001040
124,0.,0.,1.,-2.623305833,-1.,0.,0.,-1.07,0.,-1.,0.,             0000671P0001041
-3.448305833;                                                    0000671P0001042
110,-2.623305833,-1.094373869,-3.646815064,2.623305833,          0000673P0001043
-1.094373869,-3.646815064;                                       0000673P0001044
100,0.,0.,0.,0.2,1.110223025E-16,2.437386868E-02,0.19850923;     0000675P0001045
124,0.,0.,-1.,2.623305833,-0.121869343,-0.992546152,0.,-1.07,    0000677P0001046
-0.992546152,0.121869343,0.,-3.448305833;                        0000677P0001047
110,2.623305833,-1.27,-3.448305833,-2.623305833,-1.27,           0000679P0001048
-3.448305833;                                                    0000679P0001049
144,683,1,0,685;                                                 0000681P0001050
108,0.,-1.,0.,1.27,0,-2.925,-1.27,-3.75,0.;                      0000683P0001051
142,0,683,0,687,2;                                               0000685P0001052
102,4,689,691,693,695;                                           0000687P0001053
110,2.623305833,-1.27,-3.448305833,2.623305833,-1.27,            0000689P0001054
3.448305833;                                                     0000689P0001055
110,2.623305833,-1.27,3.448305833,-2.623305833,-1.27,            0000691P0001056
3.448305833;                                                     0000691P0001057
110,-2.623305833,-1.27,3.448305833,-2.623305833,-1.27,           0000693P0001058
-3.448305833;                                                    0000693P0001059
110,-2.623305833,-1.27,-3.448305833,2.623305833,-1.27,           0000695P0001060
-3.448305833;                                                    0000695P0001061
144,699,1,0,707;                                                 0000697P0001062
120,703,705,4.834562028,6.283185307;                             0000699P0001063
124,0.,-1.,0.,-2.623305833,-1.,0.,0.,-1.07,0.,-0.,-1.,           0000701P0001064
3.448305833;                                                     0000701P0001065
110,0.,0.,1.,0.,0.,0.;                                           0000703P0001066
110,0.2,0.,0.,0.2,0.,6.896611666;                                0000705P0001067
142,0,699,709,719,3;                                             0000707P0001068
102,4,711,713,715,717;                                           0000709P0001069
110,0.,6.283185307,0.,-4.664014726E-17,4.834562028,0.;           0000711P0001070
110,-4.664014726E-17,4.834562028,0.,1.,4.834562028,0.;           0000713P0001071
110,1.,4.834562028,0.,1.,6.283185307,0.;                         0000715P0001072
110,1.,6.283185307,0.,0.,6.283185307,0.;                         0000717P0001073
102,4,721,725,727,731;                                           0000719P0001074
100,0.,0.,0.,0.2,0.,2.437386868E-02,0.19850923;                  0000721P0001075
124,0.,-1.,0.,-2.623305833,-1.,0.,0.,-1.07,0.,-0.,-1.,           0000723P0001076
3.448305833;                                                     0000723P0001077
110,-2.821815064,-1.094373869,3.448305833,-2.821815064,          0000725P0001078
-1.094373869,-3.448305833;                                       0000725P0001079
100,0.,0.,0.,0.2,0.,2.437386868E-02,0.19850923;                  0000727P0001080
124,-0.992546152,0.121869343,0.,-2.623305833,-0.121869343,       0000729P0001081
-0.992546152,0.,-1.07,0.,0.,1.,-3.448305833;                     0000729P0001082
110,-2.623305833,-1.27,-3.448305833,-2.623305833,-1.27,          0000731P0001083
3.448305833;                                                     0000731P0001084
144,735,1,0,745;                                                 0000733P0001085
120,739,741,4.884318241,6.283185307;                             0000735P0001086
124,-0.696681578,0.120974291,-0.707106781,-2.623305833,          0000737P0001087
-0.171083483,-0.985256536,0.,-1.07,-0.696681578,0.120974291,     0000737P0001088
0.707106781,-3.448305833;                                        0000737P0001089
110,0.,0.,1.,0.,0.,0.;                                           0000739P0001090
100,0.,0.,0.,0.14246769,-0.140367223,0.14246769,0.140367223;     0000741P0001091
124,1.,0.,0.,0.,0.,0.,-1.,0.,0.,1.,-0.,0.;                       0000743P0001092
142,0,735,747,755,3;                                             0000745P0001093
102,3,749,751,753;                                               0000747P0001094
110,0.777971822,6.283185307,0.,-0.777971822,6.283185307,0.;      0000749P0001095
126,24,3,1,0,1,0,0.,0.,0.,0.,6.584651269E-02,0.131693025,        0000751P0001096
0.197539538,0.263386051,0.329232563,0.395079076,0.460925589,     0000751P0001097
0.526772102,0.592618614,0.658465127,0.72431164,0.790158152,      0000751P0001098
0.856004665,0.921851178,0.98769769,1.053544203,1.119390716,      0000751P0001099
1.185237228,1.251083741,1.316930254,1.382776766,1.448623279,     0000751P0001100
1.448623279,1.448623279,1.448623279,1.,1.,1.,1.,1.,1.,1.,1.,1.,  0000751P0001101
1.,1.,1.,1.,1.,1.,1.,1.,1.,1.,1.,1.,1.,1.,1.,1.,-0.777971822,    0000751P0001102
6.283185307,0.,-0.775320746,6.252588351,0.,-0.768599299,         0000751P0001103
6.191915135,0.,-0.754478757,6.102987835,0.,-0.73652302,          0000751P0001104
6.016718712,0.,-0.714992451,5.933490147,0.,-0.690166382,         0000751P0001105
5.853553208,0.,-0.6623361,5.777023142,0.,-0.631792149,           0000751P0001106
5.703903678,0.,-0.598816504,5.634108808,0.,-0.563676818,         0000751P0001107
5.56748583,0.,-0.526623109,5.503835542,0.,-0.487886239,          0000751P0001108
5.442929077,0.,-0.447677747,5.384521003,0.,-0.406190606,         0000751P0001109
5.328358987,0.,-0.363600574,5.274190515,0.,-0.320067876,         0000751P0001110
5.221767236,0.,-0.27573906,5.170847464,0.,-0.230748887,          0000751P0001111
5.121197319,0.,-0.185222206,5.072590875,0.,-0.139275781,         0000751P0001112
5.02480958,0.,-9.30199635E-02,4.977641296,0.,-4.656059692E-02,   0000751P0001113
4.930878665,0.,-1.552001788E-02,4.899838586,0.,-3.10610885E-16,  0000751P0001114
4.884318241,0.,0.,1.448623279,0.,0.,1.;                          0000751P0001115
126,24,3,1,0,1,0,0.,0.,0.,0.,6.584651269E-02,0.131693025,        0000753P0001116
0.197539538,0.263386051,0.329232563,0.395079076,0.460925589,     0000753P0001117
0.526772102,0.592618614,0.658465127,0.72431164,0.790158152,      0000753P0001118
0.856004665,0.921851178,0.98769769,1.053544203,1.119390716,      0000753P0001119
1.185237228,1.251083741,1.316930254,1.382776766,1.448623279,     0000753P0001120
1.448623279,1.448623279,1.448623279,1.,1.,1.,1.,1.,1.,1.,1.,1.,  0000753P0001121
1.,1.,1.,1.,1.,1.,1.,1.,1.,1.,1.,1.,1.,1.,1.,1.,-3.10610885E-16, 0000753P0001122
4.884318241,0.,1.552001788E-02,4.899838586,0.,4.656059692E-02,   0000753P0001123
4.930878665,0.,9.30199635E-02,4.977641296,0.,0.139275781,        0000753P0001124
5.02480958,0.,0.185222206,5.072590875,0.,0.230748887,            0000753P0001125
5.121197319,0.,0.27573906,5.170847464,0.,0.320067876,            0000753P0001126
5.221767236,0.,0.363600574,5.274190515,0.,0.406190606,           0000753P0001127
5.328358987,0.,0.447677747,5.384521003,0.,0.487886239,           0000753P0001128
5.442929077,0.,0.526623109,5.503835542,0.,0.563676818,           0000753P0001129
5.56748583,0.,0.598816504,5.634108808,0.,0.631792149,            0000753P0001130
5.703903678,0.,0.6623361,5.777023142,0.,0.690166382,5.853553208, 0000753P0001131
0.,0.714992451,5.933490147,0.,0.73652302,6.016718712,0.,         0000753P0001132
0.754478757,6.102987835,0.,0.768599299,6.191915135,0.,           0000753P0001133
0.775320746,6.252588351,0.,0.777971822,6.283185307,0.,0.,        0000753P0001134
1.448623279,0.,0.,1.;                                            0000753P0001135
102,3,757,761,765;                                               0000755P0001136
100,0.,0.,0.,2.970427372E-03,-0.19997794,0.2,4.440892099E-16;    0000757P0001137
124,1.067895772E-14,0.992655641,0.120974291,-2.623305833,        0000759P0001138
-0.121869343,0.120072567,-0.985256536,-1.07,-0.992546152,        0000759P0001139
-1.474305743E-02,0.120974291,-3.448305833;                       0000759P0001140
100,0.,0.,0.,2.437386868E-02,-0.19850923,0.2,0.;                 0000761P0001141
124,0.,0.,-1.,-2.623305833,-1.,0.,0.,-1.07,0.,1.,-0.,            0000763P0001142
-3.448305833;                                                    0000763P0001143
100,0.,0.,0.,2.437386868E-02,-0.19850923,0.2,0.;                 0000765P0001144
124,-0.992546152,-0.121869343,0.,-2.623305833,-0.121869343,      0000767P0001145
0.992546152,0.,-1.07,0.,0.,-1.,-3.448305833;                     0000767P0001146
144,771,1,0,779;                                                 0000769P0001147
120,775,777,4.727241663,6.283185307;                             0000771P0001148
124,1.068416189E-14,-0.992655641,-0.120974291,-2.72649077,       0000773P0001149
-0.121869343,-0.120072567,0.985256536,-0.229626131,-0.992546152, 0000773P0001150
1.474305743E-02,-0.120974291,-3.55149077;                        0000773P0001151
110,0.,0.,1.,0.,0.,0.;                                           0000775P0001152
110,0.2,0.,-0.852949296,0.2,0.,4.913268913E-03;                  0000777P0001153
142,0,771,781,791,3;                                             0000779P0001154
102,4,783,785,787,789;                                           0000781P0001155
110,1.294173531E-16,6.283185307,0.,-4.027322159E-16,4.727241663, 0000783P0001156
0.;                                                              0000783P0001157
110,1.474376177E-13,4.727241663,0.,0.99421952,4.727241663,0.;    0000785P0001158
126,90,3,1,0,1,0,0.,0.,0.,0.,1.136363636E-02,2.272727273E-02,    0000787P0001159
3.409090909E-02,4.545454545E-02,5.681818182E-02,6.818181818E-02, 0000787P0001160
7.954545455E-02,9.090909091E-02,0.102272727,0.113636364,0.125,   0000787P0001161
0.136363636,0.147727273,0.159090909,0.170454545,0.181818182,     0000787P0001162
0.193181818,0.204545455,0.215909091,0.227272727,0.238636364,     0000787P0001163
0.25,0.261363636,0.272727273,0.284090909,0.295454545,            0000787P0001164
0.306818182,0.318181818,0.329545455,0.340909091,0.352272727,     0000787P0001165
0.363636364,0.375,0.386363636,0.397727273,0.409090909,           0000787P0001166
0.420454545,0.431818182,0.443181818,0.454545455,0.465909091,     0000787P0001167
0.477272727,0.488636364,0.5,0.511363636,0.522727273,0.534090909, 0000787P0001168
0.545454545,0.556818182,0.568181818,0.579545455,0.590909091,     0000787P0001169
0.602272727,0.613636364,0.625,0.636363636,0.647727273,           0000787P0001170
0.659090909,0.670454545,0.681818182,0.693181818,0.704545455,     0000787P0001171
0.715909091,0.727272727,0.738636364,0.75,0.761363636,            0000787P0001172
0.772727273,0.784090909,0.795454545,0.806818182,0.818181818,     0000787P0001173
0.829545455,0.840909091,0.852272727,0.863636364,0.875,           0000787P0001174
0.886363636,0.897727273,0.909090909,0.920454545,0.931818182,     0000787P0001175
0.943181818,0.954545455,0.965909091,0.977272727,0.988636364,1.,  0000787P0001176
1.,1.,1.,1.,1.,1.,1.,1.,1.,1.,1.,1.,1.,1.,1.,1.,1.,1.,1.,1.,1.,  0000787P0001177
1.,1.,1.,1.,1.,1.,1.,1.,1.,1.,1.,1.,1.,1.,1.,1.,1.,1.,1.,1.,1.,  0000787P0001178
1.,1.,1.,1.,1.,1.,1.,1.,1.,1.,1.,1.,1.,1.,1.,1.,1.,1.,1.,1.,1.,  0000787P0001179
1.,1.,1.,1.,1.,1.,1.,1.,1.,1.,1.,1.,1.,1.,1.,1.,1.,1.,1.,1.,1.,  0000787P0001180
1.,1.,1.,1.,1.,1.,1.,1.,1.,1.,0.99421952,4.727241663,0.,         0000787P0001181
0.994302699,4.7331406,0.,0.99446756,4.744938199,0.,0.994710305,  0000787P0001182
4.762635328,0.,0.994948443,4.780334796,0.,0.995181914,           0000787P0001183
4.798038009,0.,0.995410665,4.815747246,0.,0.9956346,4.833460268, 0000787P0001184
0.,0.995853593,4.851171815,0.,0.996067525,4.86887743,0.,         0000787P0001185
0.99627627,4.886571888,0.,0.99647973,4.904252259,0.,0.996677921, 0000787P0001186
4.921925529,0.,0.996870848,4.939597598,0.,0.997058516,           0000787P0001187
4.957274362,0.,0.997240942,4.97496281,0.,0.997418038,            0000787P0001188
4.992659909,0.,0.997589697,5.010360299,0.,0.997755815,5.0280594, 0000787P0001189
0.,0.997916281,5.045751774,0.,0.998071023,5.063435212,0.,        0000787P0001190
0.998220027,5.081112342,0.,0.99836327,5.098784854,0.,0.99850073, 0000787P0001191
5.116454657,0.,0.998632386,5.134123573,0.,0.998758204,           0000787P0001192
5.151793347,0.,0.998878153,5.169465809,0.,0.998992198,           0000787P0001193
5.187142568,0.,0.999100308,5.204826147,0.,0.999202442,           0000787P0001194
5.222514353,0.,0.999298547,5.240201844,0.,0.999388575,           0000787P0001195
5.257884112,0.,0.999472475,5.275555871,0.,0.999550207,           0000787P0001196
5.293214153,0.,0.999621777,5.31086599,0.,0.999687188,5.32851732, 0000787P0001197
0.,0.999746441,5.34617408,0.,0.999799543,5.3638433,0.,           0000787P0001198
0.999846468,5.381521989,0.,0.999887187,5.399204828,0.,           0000787P0001199
0.999921671,5.416887277,0.,0.999949887,5.434563951,0.,           0000787P0001200
0.999971821,5.452232658,0.,0.99998748,5.469895999,0.,            0000787P0001201
0.999996872,5.487555645,0.,1.,5.505213485,0.,0.999996872,        0000787P0001202
5.522871325,0.,0.99998748,5.540530971,0.,0.999971821,            0000787P0001203
5.558194312,0.,0.999949887,5.57586302,0.,0.999921671,            0000787P0001204
5.593539694,0.,0.999887187,5.611222143,0.,0.999846468,           0000787P0001205
5.628904981,0.,0.999799543,5.64658367,0.,0.999746441,            0000787P0001206
5.664252891,0.,0.999687188,5.681909651,0.,0.999621777,           0000787P0001207
5.69956098,0.,0.999550207,5.717212817,0.,0.999472475,5.7348711,  0000787P0001208
0.,0.999388575,5.752542858,0.,0.999298547,5.770225127,0.,        0000787P0001209
0.999202442,5.787912618,0.,0.999100308,5.805600824,0.,           0000787P0001210
0.998992198,5.823284403,0.,0.998878153,5.840961161,0.,           0000787P0001211
0.998758204,5.858633623,0.,0.998632386,5.876303398,0.,           0000787P0001212
0.99850073,5.893972314,0.,0.99836327,5.911642116,0.,0.998220027, 0000787P0001213
5.929314628,0.,0.998071023,5.946991758,0.,0.997916281,           0000787P0001214
5.964675196,0.,0.997755815,5.98236757,0.,0.997589697,            0000787P0001215
6.000066671,0.,0.997418038,6.017767062,0.,0.997240942,           0000787P0001216
6.035464161,0.,0.997058516,6.053152608,0.,0.996870848,           0000787P0001217
6.070829372,0.,0.996677921,6.088501441,0.,0.99647973,            0000787P0001218
6.106174711,0.,0.99627627,6.123855083,0.,0.996067525,6.14154954, 0000787P0001219
0.,0.995853593,6.159255155,0.,0.9956346,6.176966703,0.,          0000787P0001220
0.995410665,6.194679725,0.,0.995181914,6.212388961,0.,           0000787P0001221
0.994948443,6.230092174,0.,0.994710305,6.247791643,0.,           0000787P0001222
0.99446756,6.265488772,0.,0.994302699,6.277286371,0.,0.99421952, 0000787P0001223
6.283185307,0.,0.,1.,0.,0.,1.;                                   0000787P0001224
110,0.99421952,6.283185307,0.,1.477706846E-13,6.283185307,0.;    0000789P0001225
102,4,793,797,799,801;                                           0000791P0001226
100,0.,0.,0.,0.2,-4.440892099E-16,2.970427372E-03,0.19997794;    0000793P0001227
124,1.068416189E-14,-0.992655641,-0.120974291,-2.623305833,      0000795P0001228
-0.121869343,-0.120072567,0.985256536,-1.07,-0.992546152,        0000795P0001229
1.474305743E-02,-0.120974291,-3.448305833;                       0000795P0001230
110,-2.821815064,-1.094373869,-3.448305833,-2.924994485,         0000797P0001231
-0.254044916,-3.551485255;                                       0000797P0001232
126,22,3,1,0,1,0,0.,0.,0.,0.,5.E-02,1.E-01,0.15,0.2,0.25,0.3,    0000799P0001233
0.35,0.4,0.45,0.5,0.55,0.6,0.65,0.7,0.75,0.8,0.85,0.9,0.95,1.,   0000799P0001234
1.,1.,1.,1.,1.,1.,1.,1.,1.,1.,1.,1.,1.,1.,1.,1.,1.,1.,1.,1.,1.,  0000799P0001235
1.,1.,1.,1.,1.,-2.924994485,-0.254044916,-3.551485255,           0000799P0001236
-2.924955935,-0.254358883,-3.556676174,-2.924475071,             0000799P0001237
-0.254961966,-3.56705397,-2.922539671,-0.25578773,-3.582540622,  0000799P0001238
-2.919417923,-0.256525823,-3.597774899,-2.915109043,             0000799P0001239
-0.257176741,-3.61276571,-2.909658304,-0.257732843,-3.627342398, 0000799P0001240
-2.903095202,-0.258192544,-3.641449461,-2.895440749,             0000799P0001241
-0.258553444,-3.655026473,-2.886785665,-0.258811942,             0000799P0001242
-3.667923655,-2.877124797,-0.25896824,-3.680149476,-2.866563466, 0000799P0001243
-0.259020198,-3.691563466,-2.855149476,-0.25896824,-3.702124797, 0000799P0001244
-2.842923655,-0.258811942,-3.711785665,-2.830026473,             0000799P0001245
-0.258553444,-3.720440749,-2.816449461,-0.258192544,             0000799P0001246
-3.728095202,-2.802342398,-0.257732843,-3.734658304,-2.78776571, 0000799P0001247
-0.257176741,-3.740109043,-2.772774899,-0.256525823,             0000799P0001248
-3.744417923,-2.757540622,-0.25578773,-3.747539671,-2.74205397,  0000799P0001249
-0.254961966,-3.749475071,-2.731676174,-0.254358883,             0000799P0001250
-3.749955935,-2.726485255,-0.254044916,-3.749994485,0.,1.,       0000799P0001251
6.071133334E-02,-0.996307316,6.071133334E-02;                    0000799P0001252
110,-2.726485255,-0.254044916,-3.749994485,-2.623305833,         0000801P0001253
-1.094373869,-3.646815064;                                       0000801P0001254
144,805,1,0,815;                                                 0000803P0001255
120,809,811,4.804091261,6.283185307;                             0000805P0001256
124,-0.662620048,0.,-0.748955721,-2.623305833,-0.748955721,0.,   0000807P0001257
0.662620048,-1.07,0.,1.,0.,3.448305833;                          0000807P0001258
110,0.,0.,1.,0.,0.,0.;                                           0000809P0001259
100,0.,0.,0.,0.149790563,-0.132524667,0.149791144,0.13252401;    0000811P0001260
124,1.,0.,0.,0.,0.,0.,-1.,0.,0.,1.,-0.,0.;                       0000813P0001261
142,0,805,817,825,3;                                             0000815P0001262
102,3,819,821,823;                                               0000817P0001263
110,0.72431164,6.283185307,0.,-0.72431164,6.283185307,0.;        0000819P0001264
126,24,3,1,0,1,0,0.,0.,0.,0.,6.584651269E-02,0.131693025,        0000821P0001265
0.197539538,0.263386051,0.329232563,0.395079076,0.460925589,     0000821P0001266
0.526772102,0.592618614,0.658465127,0.72431164,0.790158152,      0000821P0001267
0.856004665,0.921851178,0.98769769,1.053544203,1.119390716,      0000821P0001268
1.185237228,1.251083741,1.316930254,1.382776766,1.448623279,     0000821P0001269
1.448623279,1.448623279,1.448623279,1.,1.,1.,1.,1.,1.,1.,1.,1.,  0000821P0001270
1.,1.,1.,1.,1.,1.,1.,1.,1.,1.,1.,1.,1.,1.,1.,1.,-0.72431164,     0000821P0001271
6.283185307,0.,-0.724316028,6.253876084,0.,-0.723029399,         0000821P0001272
6.195269301,0.,-0.71729891,6.107943595,0.,-0.707834056,          0000821P0001273
6.021774223,0.,-0.694769234,5.937254708,0.,-0.67827425,          0000821P0001274
5.854797807,0.,-0.658551548,5.774718348,0.,-0.635824569,         0000821P0001275
5.697231907,0.,-0.610328915,5.622459454,0.,-0.582304131,         0000821P0001276
5.550437878,0.,-0.551987234,5.481133342,0.,-0.519607863,         0000821P0001277
5.414455556,0.,-0.485384998,5.350271417,0.,-0.449525023,         0000821P0001278
5.28841708,0.,-0.412220856,5.228708034,0.,-0.373651899,          0000821P0001279
5.170947089,0.,-0.333984573,5.114930408,0.,-0.293373245,         0000821P0001280
5.060451832,0.,-0.251961403,5.007305799,0.,-0.209883017,         0000821P0001281
4.955289095,0.,-0.16726379,4.904201848,0.,-0.124223118,          0000821P0001282
4.853847413,0.,-9.53233765E-02,4.820638101,0.,-8.084109467E-02,  0000821P0001283
4.804091261,0.,0.,1.448623279,0.,0.,1.;                          0000821P0001284
126,24,3,1,0,1,0,0.,0.,0.,0.,7.072471108E-02,0.141449422,        0000823P0001285
0.212174133,0.282898844,0.353623555,0.424348267,0.495072978,     0000823P0001286
0.565797689,0.6365224,0.707247111,0.777971822,0.848696533,       0000823P0001287
0.919421244,0.990145955,1.060870666,1.131595377,1.202320088,     0000823P0001288
1.2730448,1.343769511,1.414494222,1.485218933,1.555943644,       0000823P0001289
1.555943644,1.555943644,1.555943644,1.,1.,1.,1.,1.,1.,1.,1.,1.,  0000823P0001290
1.,1.,1.,1.,1.,1.,1.,1.,1.,1.,1.,1.,1.,1.,1.,1.,                 0000823P0001291
-8.084109467E-02,4.804091261,0.,-6.513852322E-02,4.82173312,0.,  0000823P0001292
-3.365860061E-02,4.856882476,0.,1.365454508E-02,4.909438944,0.,  0000823P0001293
6.092993506E-02,4.962063318,0.,0.108036342,5.014991244,0.,       0000823P0001294
0.154839886,5.068460476,0.,0.201202147,5.122712195,0.,           0000823P0001295
0.246978091,5.177992161,0.,0.292013999,5.234551357,0.,           0000823P0001296
0.336145359,5.29264597,0.,0.379194779,5.352536379,0.,            0000823P0001297
0.420969978,5.414484826,0.,0.461261981,5.478751298,0.,           0000823P0001298
0.499843694,5.545587138,0.,0.53646911,5.615225861,0.,            0000823P0001299
0.570873479,5.687870716,0.,0.602774877,5.763678779,0.,           0000823P0001300
0.631877581,5.842741917,0.,0.657877917,5.925065162,0.,           0000823P0001301
0.680472176,6.010546345,0.,0.699369425,6.098953293,0.,           0000823P0001302
0.714298472,6.189928441,0.,0.721463941,6.251929013,0.,           0000823P0001303
0.72431164,6.283185307,0.,0.,1.555943644,0.,0.,1.;               0000823P0001304
102,3,827,831,835;                                               0000825P0001305
100,0.,0.,0.,2.437386868E-02,-0.19850923,0.2,0.;                 0000827P0001306
124,0.,1.,-0.,-2.623305833,-1.,0.,0.,-1.07,0.,0.,1.,3.448305833; 0000829P0001307
100,0.,0.,0.,2.437386868E-02,-0.19850923,0.2,-1.110223025E-16;   0000831P0001308
124,0.,0.,-1.,-2.623305833,-0.121869343,0.992546152,0.,-1.07,    0000833P0001309
0.992546152,0.121869343,-0.,3.448305833;                         0000833P0001310
100,0.,0.,0.,2.970427372E-03,-0.19997794,0.2,0.;                 0000835P0001311
124,-0.992546152,-1.474305743E-02,0.120974291,-2.623305833,      0000837P0001312
-0.121869343,0.120072567,-0.985256536,-1.07,-1.067895772E-14,    0000837P0001313
-0.992655641,-0.120974291,3.448305833;                           0000837P0001314
144,841,1,0,849;                                                 0000839P0001315
120,845,847,4.727241663,6.283185307;                             0000841P0001316
124,-0.992546152,1.474305743E-02,-0.120974291,-2.72649077,       0000843P0001317
-0.121869343,-0.120072567,0.985256536,-0.229626131,              0000843P0001318
-1.068416189E-14,0.992655641,0.120974291,3.55149077;             0000843P0001319
110,0.,0.,1.,0.,0.,0.;                                           0000845P0001320
110,0.2,0.,-0.852949296,0.2,0.,4.913268913E-03;                  0000847P0001321
142,0,841,851,861,3;                                             0000849P0001322
102,4,853,855,857,859;                                           0000851P0001323
110,0.,6.283185307,0.,-4.027322159E-16,4.727241663,0.;           0000853P0001324
110,1.474376177E-13,4.727241663,0.,0.99421952,4.727241663,0.;    0000855P0001325
126,90,3,1,0,1,0,0.,0.,0.,0.,1.136363636E-02,2.272727273E-02,    0000857P0001326
3.409090909E-02,4.545454545E-02,5.681818182E-02,6.818181818E-02, 0000857P0001327
7.954545455E-02,9.090909091E-02,0.102272727,0.113636364,0.125,   0000857P0001328
0.136363636,0.147727273,0.159090909,0.170454545,0.181818182,     0000857P0001329
0.193181818,0.204545455,0.215909091,0.227272727,0.238636364,     0000857P0001330
0.25,0.261363636,0.272727273,0.284090909,0.295454545,            0000857P0001331
0.306818182,0.318181818,0.329545455,0.340909091,0.352272727,     0000857P0001332
0.363636364,0.375,0.386363636,0.397727273,0.409090909,           0000857P0001333
0.420454545,0.431818182,0.443181818,0.454545455,0.465909091,     0000857P0001334
0.477272727,0.488636364,0.5,0.511363636,0.522727273,0.534090909, 0000857P0001335
0.545454545,0.556818182,0.568181818,0.579545455,0.590909091,     0000857P0001336
0.602272727,0.613636364,0.625,0.636363636,0.647727273,           0000857P0001337
0.659090909,0.670454545,0.681818182,0.693181818,0.704545455,     0000857P0001338
0.715909091,0.727272727,0.738636364,0.75,0.761363636,            0000857P0001339
0.772727273,0.784090909,0.795454545,0.806818182,0.818181818,     0000857P0001340
0.829545455,0.840909091,0.852272727,0.863636364,0.875,           0000857P0001341
0.886363636,0.897727273,0.909090909,0.920454545,0.931818182,     0000857P0001342
0.943181818,0.954545455,0.965909091,0.977272727,0.988636364,1.,  0000857P0001343
1.,1.,1.,1.,1.,1.,1.,1.,1.,1.,1.,1.,1.,1.,1.,1.,1.,1.,1.,1.,1.,  0000857P0001344
1.,1.,1.,1.,1.,1.,1.,1.,1.,1.,1.,1.,1.,1.,1.,1.,1.,1.,1.,1.,1.,  0000857P0001345
1.,1.,1.,1.,1.,1.,1.,1.,1.,1.,1.,1.,1.,1.,1.,1.,1.,1.,1.,1.,1.,  0000857P0001346
1.,1.,1.,1.,1.,1.,1.,1.,1.,1.,1.,1.,1.,1.,1.,1.,1.,1.,1.,1.,1.,  0000857P0001347
1.,1.,1.,1.,1.,1.,1.,1.,1.,1.,0.99421952,4.727241663,0.,         0000857P0001348
0.994302699,4.7331406,0.,0.99446756,4.744938199,0.,0.994710305,  0000857P0001349
4.762635328,0.,0.994948443,4.780334796,0.,0.995181914,           0000857P0001350
4.798038009,0.,0.995410665,4.815747246,0.,0.9956346,4.833460268, 0000857P0001351
0.,0.995853593,4.851171815,0.,0.996067525,4.86887743,0.,         0000857P0001352
0.99627627,4.886571888,0.,0.99647973,4.904252259,0.,0.996677921, 0000857P0001353
4.921925529,0.,0.996870848,4.939597598,0.,0.997058516,           0000857P0001354
4.957274362,0.,0.997240942,4.97496281,0.,0.997418038,            0000857P0001355
4.992659909,0.,0.997589697,5.010360299,0.,0.997755815,5.0280594, 0000857P0001356
0.,0.997916281,5.045751774,0.,0.998071023,5.063435212,0.,        0000857P0001357
0.998220027,5.081112342,0.,0.99836327,5.098784854,0.,0.99850073, 0000857P0001358
5.116454657,0.,0.998632386,5.134123573,0.,0.998758204,           0000857P0001359
5.151793347,0.,0.998878153,5.169465809,0.,0.998992198,           0000857P0001360
5.187142568,0.,0.999100308,5.204826147,0.,0.999202442,           0000857P0001361
5.222514353,0.,0.999298547,5.240201844,0.,0.999388575,           0000857P0001362
5.257884112,0.,0.999472475,5.275555871,0.,0.999550207,           0000857P0001363
5.293214153,0.,0.999621777,5.31086599,0.,0.999687188,5.32851732, 0000857P0001364
0.,0.999746441,5.34617408,0.,0.999799543,5.3638433,0.,           0000857P0001365
0.999846468,5.381521989,0.,0.999887187,5.399204828,0.,           0000857P0001366
0.999921671,5.416887277,0.,0.999949887,5.434563951,0.,           0000857P0001367
0.999971821,5.452232658,0.,0.99998748,5.469895999,0.,            0000857P0001368
0.999996872,5.487555645,0.,1.,5.505213485,0.,0.999996872,        0000857P0001369
5.522871325,0.,0.99998748,5.540530971,0.,0.999971821,            0000857P0001370
5.558194312,0.,0.999949887,5.57586302,0.,0.999921671,            0000857P0001371
5.593539694,0.,0.999887187,5.611222143,0.,0.999846468,           0000857P0001372
5.628904981,0.,0.999799543,5.64658367,0.,0.999746441,            0000857P0001373
5.664252891,0.,0.999687188,5.681909651,0.,0.999621777,           0000857P0001374
5.69956098,0.,0.999550207,5.717212817,0.,0.999472475,5.7348711,  0000857P0001375
0.,0.999388575,5.752542858,0.,0.999298547,5.770225127,0.,        0000857P0001376
0.999202442,5.787912618,0.,0.999100308,5.805600824,0.,           0000857P0001377
0.998992198,5.823284403,0.,0.998878153,5.840961161,0.,           0000857P0001378
0.998758204,5.858633623,0.,0.998632386,5.876303398,0.,           0000857P0001379
0.99850073,5.893972314,0.,0.99836327,5.911642116,0.,0.998220027, 0000857P0001380
5.929314628,0.,0.998071023,5.946991758,0.,0.997916281,           0000857P0001381
5.964675196,0.,0.997755815,5.98236757,0.,0.997589697,            0000857P0001382
6.000066671,0.,0.997418038,6.017767062,0.,0.997240942,           0000857P0001383
6.035464161,0.,0.997058516,6.053152608,0.,0.996870848,           0000857P0001384
6.070829372,0.,0.996677921,6.088501441,0.,0.99647973,            0000857P0001385
6.106174711,0.,0.99627627,6.123855083,0.,0.996067525,6.14154954, 0000857P0001386
0.,0.995853593,6.159255155,0.,0.9956346,6.176966703,0.,          0000857P0001387
0.995410665,6.194679725,0.,0.995181914,6.212388961,0.,           0000857P0001388
0.994948443,6.230092174,0.,0.994710305,6.247791643,0.,           0000857P0001389
0.99446756,6.265488772,0.,0.994302699,6.277286371,0.,0.99421952, 0000857P0001390
6.283185307,0.,0.,1.,0.,0.,1.;                                   0000857P0001391
110,0.99421952,6.283185307,0.,1.477706846E-13,6.283185307,0.;    0000859P0001392
102,4,863,867,869,871;                                           0000861P0001393
100,0.,0.,0.,0.2,0.,2.970427372E-03,0.19997794;                  0000863P0001394
124,-0.992546152,1.474305743E-02,-0.120974291,-2.623305833,      0000865P0001395
-0.121869343,-0.120072567,0.985256536,-1.07,-1.068416189E-14,    0000865P0001396
0.992655641,0.120974291,3.448305833;                             0000865P0001397
110,-2.623305833,-1.094373869,3.646815064,-2.726485255,          0000867P0001398
-0.254044916,3.749994485;                                        0000867P0001399
126,22,3,1,0,1,0,0.,0.,0.,0.,5.E-02,1.E-01,0.15,0.2,0.25,0.3,    0000869P0001400
0.35,0.4,0.45,0.5,0.55,0.6,0.65,0.7,0.75,0.8,0.85,0.9,0.95,1.,   0000869P0001401
1.,1.,1.,1.,1.,1.,1.,1.,1.,1.,1.,1.,1.,1.,1.,1.,1.,1.,1.,1.,1.,  0000869P0001402
1.,1.,1.,1.,1.,-2.726485255,-0.254044916,3.749994485,            0000869P0001403
-2.731676174,-0.254358883,3.749955935,-2.74205397,-0.254961966,  0000869P0001404
3.749475071,-2.757540622,-0.25578773,3.747539671,-2.772774899,   0000869P0001405
-0.256525823,3.744417923,-2.78776571,-0.257176741,3.740109043,   0000869P0001406
-2.802342398,-0.257732843,3.734658304,-2.816449461,-0.258192544, 0000869P0001407
3.728095202,-2.830026473,-0.258553444,3.720440749,-2.842923655,  0000869P0001408
-0.258811942,3.711785665,-2.855149476,-0.25896824,3.702124797,   0000869P0001409
-2.866563466,-0.259020198,3.691563466,-2.877124797,-0.25896824,  0000869P0001410
3.680149476,-2.886785665,-0.258811942,3.667923655,-2.895440749,  0000869P0001411
-0.258553444,3.655026473,-2.903095202,-0.258192544,3.641449461,  0000869P0001412
-2.909658304,-0.257732843,3.627342398,-2.915109043,-0.257176741, 0000869P0001413
3.61276571,-2.919417923,-0.256525823,3.597774899,-2.922539671,   0000869P0001414
-0.25578773,3.582540622,-2.924475071,-0.254961966,3.56705397,    0000869P0001415
-2.924955935,-0.254358883,3.556676174,-2.924994485,-0.254044916, 0000869P0001416
3.551485255,0.,1.,-6.071133334E-02,0.996307316,6.071133334E-02;  0000869P0001417
110,-2.924994485,-0.254044916,3.551485255,-2.821815064,          0000871P0001418
-1.094373869,3.448305833;                                        0000871P0001419
144,875,1,0,883;                                                 0000873P0001420
120,879,881,4.834562028,6.283185307;                             0000875P0001421
124,0.,0.,-1.,2.800250886,-1.,0.,0.,-1.07,0.,1.,0.,3.448305833;  0000877P0001422
110,0.,0.,1.,0.,0.,0.;                                           0000879P0001423
110,0.2,0.,0.176945053,0.2,0.,5.423556719;                       0000881P0001424
142,0,875,885,895,3;                                             0000883P0001425
102,4,887,889,891,893;                                           0000885P0001426
110,0.,6.283185307,0.,-6.130794581E-17,4.834562028,0.;           0000887P0001427
110,-6.130794581E-17,4.834562028,0.,1.,4.834562028,0.;           0000889P0001428
110,1.,4.834562028,0.,1.,6.283185307,0.;                         0000891P0001429
110,1.,6.283185307,0.,0.,6.283185307,0.;                         0000893P0001430
102,4,897,901,903,907;                                           0000895P0001431
100,0.,0.,0.,0.2,0.,2.437386868E-02,0.19850923;                  0000897P0001432
124,0.,0.,-1.,2.623305833,-1.,0.,0.,-1.07,0.,1.,0.,3.448305833;  0000899P0001433
110,2.623305833,-1.094373869,3.646815064,-2.623305833,           0000901P0001434
-1.094373869,3.646815064;                                        0000901P0001435
100,0.,0.,0.,0.2,1.110223025E-16,2.437386868E-02,0.19850923;     0000903P0001436
124,0.,0.,1.,-2.623305833,-0.121869343,-0.992546152,0.,-1.07,    0000905P0001437
0.992546152,-0.121869343,0.,3.448305833;                         0000905P0001438
110,-2.623305833,-1.27,3.448305833,2.623305833,-1.27,            0000907P0001439
3.448305833;                                                     0000907P0001440
144,911,1,0,921;                                                 0000909P0001441
120,915,917,4.804091261,6.283185307;                             0000911P0001442
124,0.662620048,0.,-0.748955721,2.623305833,-0.748955721,0.,     0000913P0001443
-0.662620048,-1.07,0.,1.,0.,3.448305833;                         0000913P0001444
110,0.,0.,1.,0.,0.,0.;                                           0000915P0001445
100,0.,0.,0.,0.149791144,-0.13252401,0.149790563,0.132524667;    0000917P0001446
124,1.,0.,0.,0.,0.,0.,-1.,0.,0.,1.,-0.,0.;                       0000919P0001447
142,0,911,923,931,3;                                             0000921P0001448
102,3,925,927,929;                                               0000923P0001449
110,0.72431164,6.283185307,0.,-0.72431164,6.283185307,0.;        0000925P0001450
126,24,3,1,0,1,0,0.,0.,0.,0.,7.072471108E-02,0.141449422,        0000927P0001451
0.212174133,0.282898844,0.353623555,0.424348267,0.495072978,     0000927P0001452
0.565797689,0.6365224,0.707247111,0.777971822,0.848696533,       0000927P0001453
0.919421244,0.990145955,1.060870666,1.131595377,1.202320088,     0000927P0001454
1.2730448,1.343769511,1.414494222,1.485218933,1.555943644,       0000927P0001455
1.555943644,1.555943644,1.555943644,1.,1.,1.,1.,1.,1.,1.,1.,1.,  0000927P0001456
1.,1.,1.,1.,1.,1.,1.,1.,1.,1.,1.,1.,1.,1.,1.,1.,-0.72431164,     0000927P0001457
6.283185307,0.,-0.721463941,6.251929013,0.,-0.714298472,         0000927P0001458
6.189928441,0.,-0.699369425,6.098953293,0.,-0.680472176,         0000927P0001459
6.010546345,0.,-0.657877917,5.925065162,0.,-0.631877581,         0000927P0001460
5.842741917,0.,-0.602774877,5.763678779,0.,-0.570873479,         0000927P0001461
5.687870716,0.,-0.53646911,5.615225861,0.,-0.499843694,          0000927P0001462
5.545587138,0.,-0.461261981,5.478751298,0.,-0.420969978,         0000927P0001463
5.414484826,0.,-0.379194779,5.352536379,0.,-0.336145359,         0000927P0001464
5.29264597,0.,-0.292013999,5.234551357,0.,-0.246978091,          0000927P0001465
5.177992161,0.,-0.201202147,5.122712195,0.,-0.154839886,         0000927P0001466
5.068460476,0.,-0.108036342,5.014991244,0.,-6.092993506E-02,     0000927P0001467
4.962063318,0.,-1.365454508E-02,4.909438944,0.,3.365860061E-02,  0000927P0001468
4.856882476,0.,6.513852322E-02,4.82173312,0.,8.084109467E-02,    0000927P0001469
4.804091261,0.,0.,1.555943644,0.,0.,1.;                          0000927P0001470
126,24,3,1,0,1,0,0.,0.,0.,0.,6.584651269E-02,0.131693025,        0000929P0001471
0.197539538,0.263386051,0.329232563,0.395079076,0.460925589,     0000929P0001472
0.526772102,0.592618614,0.658465127,0.72431164,0.790158152,      0000929P0001473
0.856004665,0.921851178,0.98769769,1.053544203,1.119390716,      0000929P0001474
1.185237228,1.251083741,1.316930254,1.382776766,1.448623279,     0000929P0001475
1.448623279,1.448623279,1.448623279,1.,1.,1.,1.,1.,1.,1.,1.,1.,  0000929P0001476
1.,1.,1.,1.,1.,1.,1.,1.,1.,1.,1.,1.,1.,1.,1.,1.,8.084109467E-02, 0000929P0001477
4.804091261,0.,9.53233765E-02,4.820638101,0.,0.124223118,        0000929P0001478
4.853847413,0.,0.16726379,4.904201848,0.,0.209883017,            0000929P0001479
4.955289095,0.,0.251961403,5.007305799,0.,0.293373245,           0000929P0001480
5.060451832,0.,0.333984573,5.114930408,0.,0.373651899,           0000929P0001481
5.170947089,0.,0.412220856,5.228708034,0.,0.449525023,           0000929P0001482
5.28841708,0.,0.485384998,5.350271417,0.,0.519607863,            0000929P0001483
5.414455556,0.,0.551987234,5.481133342,0.,0.582304131,           0000929P0001484
5.550437878,0.,0.610328915,5.622459454,0.,0.635824569,           0000929P0001485
5.697231907,0.,0.658551548,5.774718348,0.,0.67827425,            0000929P0001486
5.854797807,0.,0.694769234,5.937254708,0.,0.707834056,           0000929P0001487
6.021774223,0.,0.71729891,6.107943595,0.,0.723029399,            0000929P0001488
6.195269301,0.,0.724316028,6.253876084,0.,0.72431164,            0000929P0001489
6.283185307,0.,0.,1.448623279,0.,0.,1.;                          0000929P0001490
102,3,933,937,941;                                               0000931P0001491
100,0.,0.,0.,2.437386868E-02,-0.19850923,0.2,0.;                 0000933P0001492
124,0.992546152,0.121869343,-0.,2.623305833,-0.121869343,        0000935P0001493
0.992546152,0.,-1.07,0.,0.,1.,3.448305833;                       0000935P0001494
100,0.,0.,0.,2.970427372E-03,-0.19997794,0.2,4.440892099E-16;    0000937P0001495
124,-1.067895772E-14,-0.992655641,-0.120974291,2.623305833,      0000939P0001496
-0.121869343,0.120072567,-0.985256536,-1.07,0.992546152,         0000939P0001497
1.474305743E-02,-0.120974291,3.448305833;                        0000939P0001498
100,0.,0.,0.,2.437386868E-02,-0.19850923,0.2,0.;                 0000941P0001499
124,0.,0.,1.,2.623305833,-1.,0.,-0.,-1.07,0.,-1.,0.,3.448305833; 0000943P0001500
144,947,1,0,955;                                                 0000945P0001501
120,951,953,4.727241663,6.283185307;                             0000947P0001502
124,-1.068416189E-14,0.992655641,0.120974291,2.72649077,         0000949P0001503
-0.121869343,-0.120072567,0.985256536,-0.229626131,0.992546152,  0000949P0001504
-1.474305743E-02,0.120974291,3.55149077;                         0000949P0001505
110,0.,0.,1.,0.,0.,0.;                                           0000951P0001506
110,0.2,0.,-0.852949296,0.2,0.,4.913268913E-03;                  0000953P0001507
142,0,947,957,967,3;                                             0000955P0001508
102,4,959,961,963,965;                                           0000957P0001509
110,1.294173531E-16,6.283185307,0.,-4.027322159E-16,4.727241663, 0000959P0001510
0.;                                                              0000959P0001511
110,1.474376177E-13,4.727241663,0.,0.99421952,4.727241663,0.;    0000961P0001512
126,90,3,1,0,1,0,0.,0.,0.,0.,1.136363636E-02,2.272727273E-02,    0000963P0001513
3.409090909E-02,4.545454545E-02,5.681818182E-02,6.818181818E-02, 0000963P0001514
7.954545455E-02,9.090909091E-02,0.102272727,0.113636364,0.125,   0000963P0001515
0.136363636,0.147727273,0.159090909,0.170454545,0.181818182,     0000963P0001516
0.193181818,0.204545455,0.215909091,0.227272727,0.238636364,     0000963P0001517
0.25,0.261363636,0.272727273,0.284090909,0.295454545,            0000963P0001518
0.306818182,0.318181818,0.329545455,0.340909091,0.352272727,     0000963P0001519
0.363636364,0.375,0.386363636,0.397727273,0.409090909,           0000963P0001520
0.420454545,0.431818182,0.443181818,0.454545455,0.465909091,     0000963P0001521
0.477272727,0.488636364,0.5,0.511363636,0.522727273,0.534090909, 0000963P0001522
0.545454545,0.556818182,0.568181818,0.579545455,0.590909091,     0000963P0001523
0.602272727,0.613636364,0.625,0.636363636,0.647727273,           0000963P0001524
0.659090909,0.670454545,0.681818182,0.693181818,0.704545455,     0000963P0001525
0.715909091,0.727272727,0.738636364,0.75,0.761363636,            0000963P0001526
0.772727273,0.784090909,0.795454545,0.806818182,0.818181818,     0000963P0001527
0.829545455,0.840909091,0.852272727,0.863636364,0.875,           0000963P0001528
0.886363636,0.897727273,0.909090909,0.920454545,0.931818182,     0000963P0001529
0.943181818,0.954545455,0.965909091,0.977272727,0.988636364,1.,  0000963P0001530
1.,1.,1.,1.,1.,1.,1.,1.,1.,1.,1.,1.,1.,1.,1.,1.,1.,1.,1.,1.,1.,  0000963P0001531
1.,1.,1.,1.,1.,1.,1.,1.,1.,1.,1.,1.,1.,1.,1.,1.,1.,1.,1.,1.,1.,  0000963P0001532
1.,1.,1.,1.,1.,1.,1.,1.,1.,1.,1.,1.,1.,1.,1.,1.,1.,1.,1.,1.,1.,  0000963P0001533
1.,1.,1.,1.,1.,1.,1.,1.,1.,1.,1.,1.,1.,1.,1.,1.,1.,1.,1.,1.,1.,  0000963P0001534
1.,1.,1.,1.,1.,1.,1.,1.,1.,1.,0.99421952,4.727241663,0.,         0000963P0001535
0.994302699,4.7331406,0.,0.99446756,4.744938199,0.,0.994710305,  0000963P0001536
4.762635328,0.,0.994948443,4.780334796,0.,0.995181914,           0000963P0001537
4.798038009,0.,0.995410665,4.815747246,0.,0.9956346,4.833460268, 0000963P0001538
0.,0.995853593,4.851171815,0.,0.996067525,4.86887743,0.,         0000963P0001539
0.99627627,4.886571888,0.,0.99647973,4.904252259,0.,0.996677921, 0000963P0001540
4.921925529,0.,0.996870848,4.939597598,0.,0.997058516,           0000963P0001541
4.957274362,0.,0.997240942,4.97496281,0.,0.997418038,            0000963P0001542
4.992659909,0.,0.997589697,5.010360299,0.,0.997755815,5.0280594, 0000963P0001543
0.,0.997916281,5.045751774,0.,0.998071023,5.063435212,0.,        0000963P0001544
0.998220027,5.081112342,0.,0.99836327,5.098784854,0.,0.99850073, 0000963P0001545
5.116454657,0.,0.998632386,5.134123573,0.,0.998758204,           0000963P0001546
5.151793347,0.,0.998878153,5.169465809,0.,0.998992198,           0000963P0001547
5.187142568,0.,0.999100308,5.204826147,0.,0.999202442,           0000963P0001548
5.222514353,0.,0.999298547,5.240201844,0.,0.999388575,           0000963P0001549
5.257884112,0.,0.999472475,5.275555871,0.,0.999550207,           0000963P0001550
5.293214153,0.,0.999621777,5.31086599,0.,0.999687188,5.32851732, 0000963P0001551
0.,0.999746441,5.34617408,0.,0.999799543,5.3638433,0.,           0000963P0001552
0.999846468,5.381521989,0.,0.999887187,5.399204828,0.,           0000963P0001553
0.999921671,5.416887277,0.,0.999949887,5.434563951,0.,           0000963P0001554
0.999971821,5.452232658,0.,0.99998748,5.469895999,0.,            0000963P0001555
0.999996872,5.487555645,0.,1.,5.505213485,0.,0.999996872,        0000963P0001556
5.522871325,0.,0.99998748,5.540530971,0.,0.999971821,            0000963P0001557
5.558194312,0.,0.999949887,5.57586302,0.,0.999921671,            0000963P0001558
5.593539694,0.,0.999887187,5.611222143,0.,0.999846468,           0000963P0001559
5.628904981,0.,0.999799543,5.64658367,0.,0.999746441,            0000963P0001560
5.664252891,0.,0.999687188,5.681909651,0.,0.999621777,           0000963P0001561
5.69956098,0.,0.999550207,5.717212817,0.,0.999472475,5.7348711,  0000963P0001562
0.,0.999388575,5.752542858,0.,0.999298547,5.770225127,0.,        0000963P0001563
0.999202442,5.787912618,0.,0.999100308,5.805600824,0.,           0000963P0001564
0.998992198,5.823284403,0.,0.998878153,5.840961161,0.,           0000963P0001565
0.998758204,5.858633623,0.,0.998632386,5.876303398,0.,           0000963P0001566
0.99850073,5.893972314,0.,0.99836327,5.911642116,0.,0.998220027, 0000963P0001567
5.929314628,0.,0.998071023,5.946991758,0.,0.997916281,           0000963P0001568
5.964675196,0.,0.997755815,5.98236757,0.,0.997589697,            0000963P0001569
6.000066671,0.,0.997418038,6.017767062,0.,0.997240942,           0000963P0001570
6.035464161,0.,0.997058516,6.053152608,0.,0.996870848,           0000963P0001571
6.070829372,0.,0.996677921,6.088501441,0.,0.99647973,            0000963P0001572
6.106174711,0.,0.99627627,6.123855083,0.,0.996067525,6.14154954, 0000963P0001573
0.,0.995853593,6.159255155,0.,0.9956346,6.176966703,0.,          0000963P0001574
0.995410665,6.194679725,0.,0.995181914,6.212388961,0.,           0000963P0001575
0.994948443,6.230092174,0.,0.994710305,6.247791643,0.,           0000963P0001576
0.99446756,6.265488772,0.,0.994302699,6.277286371,0.,0.99421952, 0000963P0001577
6.283185307,0.,0.,1.,0.,0.,1.;                                   0000963P0001578
110,0.99421952,6.283185307,0.,1.477706846E-13,6.283185307,0.;    0000965P0001579
102,4,969,973,975,977;                                           0000967P0001580
100,0.,0.,0.,0.2,-4.440892099E-16,2.970427372E-03,0.19997794;    0000969P0001581
124,-1.068416189E-14,0.992655641,0.120974291,2.623305833,        0000971P0001582
-0.121869343,-0.120072567,0.985256536,-1.07,0.992546152,         0000971P0001583
-1.474305743E-02,0.120974291,3.448305833;                        0000971P0001584
110,2.821815064,-1.094373869,3.448305833,2.924994485,            0000973P0001585
-0.254044916,3.551485255;                                        0000973P0001586
126,22,3,1,0,1,0,0.,0.,0.,0.,5.E-02,1.E-01,0.15,0.2,0.25,0.3,    0000975P0001587
0.35,0.4,0.45,0.5,0.55,0.6,0.65,0.7,0.75,0.8,0.85,0.9,0.95,1.,   0000975P0001588
1.,1.,1.,1.,1.,1.,1.,1.,1.,1.,1.,1.,1.,1.,1.,1.,1.,1.,1.,1.,1.,  0000975P0001589
1.,1.,1.,1.,1.,2.924994485,-0.254044916,3.551485255,2.924955935, 0000975P0001590
-0.254358883,3.556676174,2.924475071,-0.254961966,3.56705397,    0000975P0001591
2.922539671,-0.25578773,3.582540622,2.919417923,-0.256525823,    0000975P0001592
3.597774899,2.915109043,-0.257176741,3.61276571,2.909658304,     0000975P0001593
-0.257732843,3.627342398,2.903095202,-0.258192544,3.641449461,   0000975P0001594
2.895440749,-0.258553444,3.655026473,2.886785665,-0.258811942,   0000975P0001595
3.667923655,2.877124797,-0.25896824,3.680149476,2.866563466,     0000975P0001596
-0.259020198,3.691563466,2.855149476,-0.25896824,3.702124797,    0000975P0001597
2.842923655,-0.258811942,3.711785665,2.830026473,-0.258553444,   0000975P0001598
3.720440749,2.816449461,-0.258192544,3.728095202,2.802342398,    0000975P0001599
-0.257732843,3.734658304,2.78776571,-0.257176741,3.740109043,    0000975P0001600
2.772774899,-0.256525823,3.744417923,2.757540622,-0.25578773,    0000975P0001601
3.747539671,2.74205397,-0.254961966,3.749475071,2.731676174,     0000975P0001602
-0.254358883,3.749955935,2.726485255,-0.254044916,3.749994485,   0000975P0001603
0.,1.,6.071133334E-02,0.996307316,6.071133334E-02;               0000975P0001604
110,2.726485255,-0.254044916,3.749994485,2.623305833,            0000977P0001605
-1.094373869,3.646815064;                                        0000977P0001606
144,981,1,0,989;                                                 0000979P0001607
120,985,987,4.834562028,6.283185307;                             0000981P0001608
124,0.,1.,0.,2.623305833,-1.,0.,0.,-1.07,0.,0.,1.,-3.646815064;  0000983P0001609
110,0.,0.,1.,0.,0.,0.;                                           0000985P0001610
110,0.2,0.,0.19850923,0.2,0.,7.095120897;                        0000987P0001611
142,0,981,991,1001,3;                                            0000989P0001612
102,4,993,995,997,999;                                           0000991P0001613
110,0.,6.283185307,0.,-4.664014726E-17,4.834562028,0.;           0000993P0001614
110,-4.664014726E-17,4.834562028,0.,1.,4.834562028,0.;           0000995P0001615
110,1.,4.834562028,0.,1.,6.283185307,0.;                         0000997P0001616
110,1.,6.283185307,0.,0.,6.283185307,0.;                         0000999P0001617
102,4,1003,1007,1009,1013;                                       0001001P0001618
100,0.,0.,0.,0.2,0.,2.437386868E-02,0.19850923;                  0001003P0001619
124,0.,1.,0.,2.623305833,-1.,0.,0.,-1.07,0.,0.,1.,-3.448305833;  0001005P0001620
110,2.821815064,-1.094373869,-3.448305833,2.821815064,           0001007P0001621
-1.094373869,3.448305833;                                        0001007P0001622
100,0.,0.,0.,0.2,0.,2.437386868E-02,0.19850923;                  0001009P0001623
124,0.992546152,-0.121869343,0.,2.623305833,-0.121869343,        0001011P0001624
-0.992546152,0.,-1.07,0.,-0.,-1.,3.448305833;                    0001011P0001625
110,2.623305833,-1.27,3.448305833,2.623305833,-1.27,             0001013P0001626
-3.448305833;                                                    0001013P0001627
144,1017,1,0,1019;                                               0001015P0001628
108,0.,0.121869343,0.992546152,3.672420761,0,-2.875,0.,3.7,0.;   0001017P0001629
142,0,1017,0,1021,2;                                             0001019P0001630
102,4,1023,1025,1027,1029;                                       0001021P0001631
110,2.67649077,0.,3.7,2.573305833,0.840373869,3.596815064;       0001023P0001632
110,2.573305833,0.840373869,3.596815064,-2.573305833,            0001025P0001633
0.840373869,3.596815064;                                         0001025P0001634
110,-2.573305833,0.840373869,3.596815064,-2.67649077,0.,3.7;     0001027P0001635
110,-2.67649077,0.,3.7,2.67649077,0.,3.7;                        0001029P0001636
144,1033,1,0,1041;                                               0001031P0001637
120,1037,1039,4.834562028,6.283185307;                           0001033P0001638
124,0.,0.,1.,-2.573305833,1.,0.,0.,0.816,0.,1.,0.,3.398305833;   0001035P0001639
110,0.,0.,1.,0.,0.,0.;                                           0001037P0001640
110,0.2,0.,0.,0.2,0.,5.146611666;                                0001039P0001641
142,0,1033,1043,1053,3;                                          0001041P0001642
102,4,1045,1047,1049,1051;                                       0001043P0001643
110,0.,6.283185307,0.,-6.24991751E-17,4.834562028,0.;            0001045P0001644
110,-6.24991751E-17,4.834562028,0.,1.,4.834562028,0.;            0001047P0001645
110,1.,4.834562028,0.,1.,6.283185307,0.;                         0001049P0001646
110,1.,6.283185307,0.,0.,6.283185307,0.;                         0001051P0001647
102,4,1055,1059,1061,1065;                                       0001053P0001648
100,0.,0.,0.,0.2,0.,2.437386868E-02,0.19850923;                  0001055P0001649
124,0.,0.,1.,-2.573305833,1.,0.,0.,0.816,0.,1.,0.,3.398305833;   0001057P0001650
110,-2.573305833,0.840373869,3.596815064,2.573305833,            0001059P0001651
0.840373869,3.596815064;                                         0001059P0001652
100,0.,0.,0.,0.2,-5.551115123E-17,2.437386868E-02,0.19850923;    0001061P0001653
124,0.,0.,-1.,2.573305833,0.121869343,0.992546152,0.,0.816,      0001063P0001654
0.992546152,-0.121869343,0.,3.398305833;                         0001063P0001655
110,2.573305833,1.016,3.398305833,-2.573305833,1.016,            0001065P0001656
3.398305833;                                                     0001065P0001657
144,1069,1,0,1079;                                               0001067P0001658
120,1073,1075,4.884318241,6.283185307;                           0001069P0001659
124,0.696681578,-0.120974291,-0.707106781,2.573305833,           0001071P0001660
0.171083483,0.985256536,0.,0.816,0.696681578,-0.120974291,       0001071P0001661
0.707106781,3.398305833;                                         0001071P0001662
110,0.,0.,1.,0.,0.,0.;                                           0001073P0001663
100,0.,0.,0.,0.14246769,-0.140367223,0.14246769,0.140367223;     0001075P0001664
124,1.,0.,0.,0.,0.,0.,-1.,0.,0.,1.,-0.,0.;                       0001077P0001665
142,0,1069,1081,1089,3;                                          0001079P0001666
102,3,1083,1085,1087;                                            0001081P0001667
110,0.777971822,6.283185307,0.,-0.777971822,6.283185307,0.;      0001083P0001668
126,24,3,1,0,1,0,0.,0.,0.,0.,6.584651269E-02,0.131693025,        0001085P0001669
0.197539538,0.263386051,0.329232563,0.395079076,0.460925589,     0001085P0001670
0.526772102,0.592618614,0.658465127,0.72431164,0.790158152,      0001085P0001671
0.856004665,0.921851178,0.98769769,1.053544203,1.119390716,      0001085P0001672
1.185237228,1.251083741,1.316930254,1.382776766,1.448623279,     0001085P0001673
1.448623279,1.448623279,1.448623279,1.,1.,1.,1.,1.,1.,1.,1.,1.,  0001085P0001674
1.,1.,1.,1.,1.,1.,1.,1.,1.,1.,1.,1.,1.,1.,1.,1.,-0.777971822,    0001085P0001675
6.283185307,0.,-0.775320746,6.252588351,0.,-0.768599299,         0001085P0001676
6.191915135,0.,-0.754478757,6.102987835,0.,-0.73652302,          0001085P0001677
6.016718712,0.,-0.714992451,5.933490147,0.,-0.690166382,         0001085P0001678
5.853553208,0.,-0.6623361,5.777023142,0.,-0.631792149,           0001085P0001679
5.703903678,0.,-0.598816504,5.634108808,0.,-0.563676818,         0001085P0001680
5.56748583,0.,-0.526623109,5.503835542,0.,-0.487886239,          0001085P0001681
5.442929077,0.,-0.447677747,5.384521003,0.,-0.406190606,         0001085P0001682
5.328358987,0.,-0.363600574,5.274190515,0.,-0.320067876,         0001085P0001683
5.221767236,0.,-0.27573906,5.170847464,0.,-0.230748887,          0001085P0001684
5.121197319,0.,-0.185222206,5.072590875,0.,-0.139275781,         0001085P0001685
5.02480958,0.,-9.30199635E-02,4.977641296,0.,-4.656059692E-02,   0001085P0001686
4.930878665,0.,-1.552001788E-02,4.899838586,0.,-3.10610885E-16,  0001085P0001687
4.884318241,0.,0.,1.448623279,0.,0.,1.;                          0001085P0001688
126,24,3,1,0,1,0,0.,0.,0.,0.,6.584651269E-02,0.131693025,        0001087P0001689
0.197539538,0.263386051,0.329232563,0.395079076,0.460925589,     0001087P0001690
0.526772102,0.592618614,0.658465127,0.72431164,0.790158152,      0001087P0001691
0.856004665,0.921851178,0.98769769,1.053544203,1.119390716,      0001087P0001692
1.185237228,1.251083741,1.316930254,1.382776766,1.448623279,     0001087P0001693
1.448623279,1.448623279,1.448623279,1.,1.,1.,1.,1.,1.,1.,1.,1.,  0001087P0001694
1.,1.,1.,1.,1.,1.,1.,1.,1.,1.,1.,1.,1.,1.,1.,1.,-3.10610885E-16, 0001087P0001695
4.884318241,0.,1.552001788E-02,4.899838586,0.,4.656059692E-02,   0001087P0001696
4.930878665,0.,9.30199635E-02,4.977641296,0.,0.139275781,        0001087P0001697
5.02480958,0.,0.185222206,5.072590875,0.,0.230748887,            0001087P0001698
5.121197319,0.,0.27573906,5.170847464,0.,0.320067876,            0001087P0001699
5.221767236,0.,0.363600574,5.274190515,0.,0.406190606,           0001087P0001700
5.328358987,0.,0.447677747,5.384521003,0.,0.487886239,           0001087P0001701
5.442929077,0.,0.526623109,5.503835542,0.,0.563676818,           0001087P0001702
5.56748583,0.,0.598816504,5.634108808,0.,0.631792149,            0001087P0001703
5.703903678,0.,0.6623361,5.777023142,0.,0.690166382,5.853553208, 0001087P0001704
0.,0.714992451,5.933490147,0.,0.73652302,6.016718712,0.,         0001087P0001705
0.754478757,6.102987835,0.,0.768599299,6.191915135,0.,           0001087P0001706
0.775320746,6.252588351,0.,0.777971822,6.283185307,0.,0.,        0001087P0001707
1.448623279,0.,0.,1.;                                            0001087P0001708
102,3,1091,1095,1099;                                            0001089P0001709
100,0.,0.,0.,2.970427372E-03,-0.19997794,0.2,4.440892099E-16;    0001091P0001710
124,0.992546152,1.474305743E-02,-0.120974291,2.573305833,        0001093P0001711
0.121869343,-0.120072567,0.985256536,0.816,-1.067895772E-14,     0001093P0001712
-0.992655641,-0.120974291,3.398305833;                           0001093P0001713
100,0.,0.,0.,2.437386868E-02,-0.19850923,0.2,0.;                 0001095P0001714
124,0.,-1.,-0.,2.573305833,1.,0.,0.,0.816,0.,0.,1.,3.398305833;  0001097P0001715
100,0.,0.,0.,2.437386868E-02,-0.19850923,0.2,-5.551115123E-17;   0001099P0001716
124,0.,0.,1.,2.573305833,0.121869343,-0.992546152,-0.,0.816,     0001101P0001717
0.992546152,0.121869343,0.,3.398305833;                          0001101P0001718
144,1105,1,0,1113;                                               0001103P0001719
120,1109,1111,4.834562028,6.283185307;                           0001105P0001720
124,0.,1.,0.,2.573305833,1.,0.,0.,0.816,0.,0.,-1.,3.596815064;   0001107P0001721
110,0.,0.,1.,0.,0.,0.;                                           0001109P0001722
110,0.2,0.,0.19850923,0.2,0.,6.643597794;                        0001111P0001723
142,0,1105,1115,1125,3;                                          0001113P0001724
102,4,1117,1119,1121,1123;                                       0001115P0001725
110,0.,6.283185307,0.,-4.990761268E-17,4.834562028,0.;           0001117P0001726
110,-4.990761268E-17,4.834562028,0.,1.,4.834562028,0.;           0001119P0001727
110,1.,4.834562028,0.,1.,6.283185307,0.;                         0001121P0001728
110,1.,6.283185307,0.,0.,6.283185307,0.;                         0001123P0001729
102,4,1127,1131,1133,1137;                                       0001125P0001730
100,0.,0.,0.,0.2,0.,2.437386868E-02,0.19850923;                  0001127P0001731
124,0.,1.,0.,2.573305833,1.,0.,0.,0.816,0.,0.,-1.,3.398305833;   0001129P0001732
110,2.771815064,0.840373869,3.398305833,2.771815064,0.840373869, 0001131P0001733
-3.046782731;                                                    0001131P0001734
100,0.,0.,0.,0.2,-5.551115123E-17,2.437386868E-02,0.19850923;    0001133P0001735
124,0.992546152,-0.121869343,0.,2.573305833,0.121869343,         0001135P0001736
0.992546152,0.,0.816,0.,0.,1.,-3.046782731;                      0001135P0001737
110,2.573305833,1.016,-3.046782731,2.573305833,1.016,            0001137P0001738
3.398305833;                                                     0001137P0001739
144,1141,1,0,1151;                                               0001139P0001740
120,1145,1147,4.825344264,6.283185307;                           0001141P0001741
124,0.,1.,0.,2.573305833,0.923879533,0.,-0.382683432,0.816,      0001143P0001742
-0.382683432,0.,-0.923879533,-3.046782731;                       0001143P0001743
110,0.,0.,1.,0.,0.,0.;                                           0001145P0001744
100,0.,0.,0.,0.184775833,-7.653686489E-02,0.184775907,           0001147P0001745
7.653668647E-02;                                                 0001147P0001746
124,1.,0.,0.,0.,0.,0.,-1.,0.,0.,1.,-0.,0.;                       0001149P0001747
142,0,1141,1153,1161,3;                                          0001151P0001748
102,3,1155,1157,1159;                                            0001153P0001749
110,0.392699082,6.283185307,0.,-0.392699082,6.283185307,0.;      0001155P0001750
126,24,3,1,0,1,0,0.,0.,0.,0.,6.584651269E-02,0.131693025,        0001157P0001751
0.197539538,0.263386051,0.329232563,0.395079076,0.460925589,     0001157P0001752
0.526772102,0.592618614,0.658465127,0.72431164,0.790158152,      0001157P0001753
0.856004665,0.921851178,0.98769769,1.053544203,1.119390716,      0001157P0001754
1.185237228,1.251083741,1.316930254,1.382776766,1.448623279,     0001157P0001755
1.448623279,1.448623279,1.448623279,1.,1.,1.,1.,1.,1.,1.,1.,1.,  0001157P0001756
1.,1.,1.,1.,1.,1.,1.,1.,1.,1.,1.,1.,1.,1.,1.,1.,-0.392699082,    0001157P0001757
6.283185307,0.,-0.392700047,6.259427783,0.,-0.392099662,         0001157P0001758
6.2119137,0.,-0.389410754,6.140747606,0.,-0.384947674,           0001157P0001759
6.069790567,0.,-0.378740202,5.999139968,0.,-0.370827669,         0001157P0001760
5.928885755,0.,-0.361259641,5.85910798,0.,-0.350094605,          0001157P0001761
5.789875308,0.,-0.337399036,5.721243828,0.,-0.323246294,         0001157P0001762
5.653256366,0.,-0.307715537,5.585942219,0.,-0.290890662,         0001157P0001763
5.519317283,0.,-0.272859314,5.453384504,0.,-0.253711983,         0001157P0001764
5.388134596,0.,-0.233541209,5.32354694,0.,-0.212440903,          0001157P0001765
5.259590617,0.,-0.190505796,5.196225501,0.,-0.16783099,          0001157P0001766
5.133403388,0.,-0.144511637,5.07106909,0.,-0.12064271,           0001157P0001767
5.009161528,0.,-9.631885969E-02,4.947614665,0.,-7.163438967E-02, 0001157P0001768
4.886358763,0.,-5.500020392E-02,4.845666349,0.,-4.66543016E-02,  0001157P0001769
4.825344264,0.,0.,1.448623279,0.,0.,1.;                          0001157P0001770
126,24,3,1,0,1,0,0.,0.,0.,0.,6.747793969E-02,0.134955879,        0001159P0001771
0.202433819,0.269911759,0.337389698,0.404867638,0.472345578,     0001159P0001772
0.539823518,0.607301457,0.674779397,0.742257337,0.809735276,     0001159P0001773
0.877213216,0.944691156,1.012169095,1.079647035,1.147124975,     0001159P0001774
1.214602914,1.282080854,1.349558794,1.417036734,1.484514673,     0001159P0001775
1.484514673,1.484514673,1.484514673,1.,1.,1.,1.,1.,1.,1.,1.,1.,  0001159P0001776
1.,1.,1.,1.,1.,1.,1.,1.,1.,1.,1.,1.,1.,1.,1.,1.,-4.66543016E-02, 0001159P0001777
4.825344264,0.,-3.791434633E-02,4.846092046,0.,-2.037430904E-02, 0001159P0001778
4.887536634,0.,6.014342191E-03,4.949636893,0.,3.2379805E-02,     0001159P0001779
5.011756832,0.,5.862029142E-02,5.073982739,0.,8.463379528E-02,   0001159P0001780
5.1363998,0.,0.110317955,5.199091275,0.,0.135569934,5.26213755,  0001159P0001781
0.,0.160286365,5.325615144,0.,0.184363351,5.389595637,0.,        0001159P0001782
0.20769656,5.45414452,0.,0.230181421,5.519319959,0.,0.251713435, 0001159P0001783
5.585171497,0.,0.272188625,5.651738708,0.,0.291504118,           0001159P0001784
5.719049857,0.,0.309558888,5.787120595,0.,0.326254643,           0001159P0001785
5.855952784,0.,0.341496848,5.925533521,0.,0.355195903,           0001159P0001786
5.995834409,0.,0.367268293,6.066811359,0.,0.377638266,           0001159P0001787
6.138404311,0.,0.386237754,6.210539475,0.,0.390754462,           0001159P0001788
6.258929667,0.,0.392699082,6.283185307,0.,0.,1.484514673,0.,0.,  0001159P0001789
1.;                                                              0001159P0001790
102,3,1163,1167,1171;                                            0001161P0001791
100,0.,0.,0.,0.141421356,-0.141421356,0.2,0.;                    0001163P0001792
124,0.,0.,1.,2.573305833,1.,0.,-0.,0.816,0.,1.,0.,-3.046782731;  0001165P0001793
100,0.,0.,0.,2.437386868E-02,-0.19850923,0.2,-5.551115123E-17;   0001167P0001794
124,0.992546152,0.121869343,0.,2.573305833,0.121869343,          0001169P0001795
-0.992546152,0.,0.816,0.,0.,-1.,-3.046782731;                    0001169P0001796
100,0.,0.,0.,1.723492783E-02,-0.199256009,0.2,4.440892099E-16;   0001171P0001797
124,0.,-0.996252163,-8.649640171E-02,2.573305833,0.707106781,    0001173P0001798
-6.11621922E-02,0.70445666,0.816,-0.707106781,-6.11621922E-02,   0001173P0001799
0.70445666,-3.046782731;                                         0001173P0001800
144,1177,1,0,1185;                                               0001175P0001801
120,1181,1183,4.798670634,6.283185307;                           0001177P0001802
124,0.992546152,-8.585167065E-02,-8.649640171E-02,2.56611328,    0001179P0001803
0.121869343,0.699205747,0.70445666,0.874578644,2.570166302E-14,  0001179P0001804
-0.709747007,0.70445666,-2.988204087;                            0001179P0001805
110,0.,0.,1.,0.,0.,0.;                                           0001181P0001806
110,0.2,0.,-0.651998551,0.2,0.,-8.315436146E-02;                 0001183P0001807
142,0,1177,1187,1197,3;                                          0001185P0001808
102,4,1189,1191,1193,1195;                                       0001187P0001809
110,7.806869048E-16,6.283185307,0.,-5.794705827E-16,4.798670634, 0001189P0001810
0.;                                                              0001189P0001811
110,3.710365348E-13,4.798670634,0.,1.,4.798670634,0.;            0001191P0001812
110,1.,4.798670634,0.,1.,6.283185307,0.;                         0001193P0001813
110,1.,6.283185307,0.,1.776356839E-15,6.283185307,0.;            0001195P0001814
102,4,1199,1203,1205,1209;                                       0001197P0001815
100,0.,0.,0.,0.2,4.440892099E-16,1.723492783E-02,0.199256009;    0001199P0001816
124,0.992546152,-8.585167065E-02,-8.649640171E-02,2.622508809,   0001201P0001817
0.121869343,0.699205747,0.70445666,0.415273922,2.570166302E-14,  0001201P0001818
-0.709747007,0.70445666,-3.447508809;                            0001201P0001819
110,2.622508809,0.556695278,-3.588930165,2.573305833,            0001203P0001820
0.957421356,-3.188204087;                                        0001203P0001821
100,0.,0.,0.,0.2,-4.440892099E-16,1.723492783E-02,0.199256009;   0001205P0001822
124,0.,0.996252163,8.649640171E-02,2.573305833,0.707106781,      0001207P0001823
6.11621922E-02,-0.70445666,0.816,-0.707106781,6.11621922E-02,    0001207P0001824
-0.70445666,-3.046782731;                                        0001207P0001825
110,2.771815064,0.840373869,-3.046782731,2.821018039,            0001209P0001826
0.439647791,-3.447508809;                                        0001209P0001827
144,1213,1,0,1215;                                               0001211P0001828
108,0.992546152,0.121869343,0.,2.853570186,0,2.875,0.,3.7,0.;    0001213P0001829
142,0,1213,0,1217,2;                                             0001215P0001830
102,5,1219,1221,1223,1225,1227;                                  0001217P0001831
110,2.875,0.,-3.50149077,2.821018039,0.439647791,-3.447508809;   0001219P0001832
110,2.821018039,0.439647791,-3.447508809,2.771815064,            0001221P0001833
0.840373869,-3.046782731;                                        0001221P0001834
110,2.771815064,0.840373869,-3.046782731,2.771815064,            0001223P0001835
0.840373869,3.398305833;                                         0001223P0001836
110,2.771815064,0.840373869,3.398305833,2.875,0.,3.50149077;     0001225P0001837
110,2.875,0.,3.50149077,2.875,0.,-3.50149077;                    0001227P0001838
144,1231,1,0,1239;                                               0001229P0001839
120,1235,1237,4.727241663,6.283185307;                           0001231P0001840
124,0.992546152,-1.474305743E-02,0.120974291,2.67649077,         0001233P0001841
0.121869343,0.120072567,-0.985256536,-2.437386868E-02,           0001233P0001842
-1.068416189E-14,0.992655641,0.120974291,3.50149077;             0001233P0001843
110,0.,0.,1.,0.,0.,0.;                                           0001235P0001844
110,0.2,0.,-0.852949296,0.2,0.,9.995752611E-03;                  0001237P0001845
142,0,1231,1241,1251,3;                                          0001239P0001846
102,4,1243,1245,1247,1249;                                       0001241P0001847
110,0.988416699,6.283185307,0.,1.467714839E-13,6.283185307,0.;   0001243P0001848
110,1.286551243E-16,6.283185307,0.,-4.003602457E-16,4.727241663, 0001245P0001849
0.;                                                              0001245P0001850
110,1.463273946E-13,4.727241663,0.,0.988416699,4.727241663,0.;   0001247P0001851
126,46,3,1,0,1,0,0.,0.,0.,0.,2.272727273E-02,4.545454545E-02,    0001249P0001852
6.818181818E-02,9.090909091E-02,0.113636364,0.136363636,         0001249P0001853
0.159090909,0.181818182,0.204545455,0.227272727,0.25,            0001249P0001854
0.272727273,0.295454545,0.318181818,0.340909091,0.363636364,     0001249P0001855
0.386363636,0.409090909,0.431818182,0.454545455,0.477272727,0.5, 0001249P0001856
0.522727273,0.545454545,0.568181818,0.590909091,0.613636364,     0001249P0001857
0.636363636,0.659090909,0.681818182,0.704545455,0.727272727,     0001249P0001858
0.75,0.772727273,0.795454545,0.818181818,0.840909091,            0001249P0001859
0.863636364,0.886363636,0.909090909,0.931818182,0.954545455,     0001249P0001860
0.977272727,1.,1.,1.,1.,1.,1.,1.,1.,1.,1.,1.,1.,1.,1.,1.,1.,1.,  0001249P0001861
1.,1.,1.,1.,1.,1.,1.,1.,1.,1.,1.,1.,1.,1.,1.,1.,1.,1.,1.,1.,1.,  0001249P0001862
1.,1.,1.,1.,1.,1.,1.,1.,1.,1.,1.,1.,1.,0.988416699,4.727241663,  0001249P0001863
0.,0.988838343,4.742169204,0.,0.989645841,4.771402211,0.,        0001249P0001864
0.990757545,4.81358883,0.,0.991777527,4.854319398,0.,            0001249P0001865
0.992713653,4.893788464,0.,0.993573619,4.932176137,0.,           0001249P0001866
0.994365754,4.969655239,0.,0.995095407,5.006344052,0.,           0001249P0001867
0.995764946,5.042318366,0.,0.996377373,5.077659101,0.,           0001249P0001868
0.996935519,5.11244061,0.,0.997442263,5.146733013,0.,            0001249P0001869
0.997900467,5.180600279,0.,0.998310985,5.214085965,0.,           0001249P0001870
0.998674665,5.247233944,0.,0.998992358,5.280087495,0.,           0001249P0001871
0.999264915,5.312689106,0.,0.999493185,5.345080136,0.,           0001249P0001872
0.999678019,5.377300558,0.,0.999820268,5.4093887,0.,0.99992078,  0001249P0001873
5.441381031,0.,0.999980408,5.473311907,0.,1.,5.505213485,0.,     0001249P0001874
0.999980408,5.537115063,0.,0.99992078,5.569045939,0.,            0001249P0001875
0.999820268,5.60103827,0.,0.999678019,5.633126413,0.,            0001249P0001876
0.999493185,5.665346834,0.,0.999264915,5.697737865,0.,           0001249P0001877
0.998992358,5.730339475,0.,0.998674665,5.763193026,0.,           0001249P0001878
0.998310985,5.796341006,0.,0.997900467,5.829826692,0.,           0001249P0001879
0.997442263,5.863693958,0.,0.996935519,5.897986361,0.,           0001249P0001880
0.996377373,5.93276787,0.,0.995764946,5.968108604,0.,            0001249P0001881
0.995095407,6.004082919,0.,0.994365754,6.040771731,0.,           0001249P0001882
0.993573619,6.078250833,0.,0.992713653,6.116638506,0.,           0001249P0001883
0.991777527,6.156107573,0.,0.990757545,6.196838141,0.,           0001249P0001884
0.989645841,6.239024759,0.,0.988838343,6.268257767,0.,           0001249P0001885
0.988416699,6.283185307,0.,0.,1.,0.,0.,1.;                       0001249P0001886
102,4,1253,1255,1259,1261;                                       0001251P0001887
110,2.875,0.,3.50149077,2.771815064,0.840373869,3.398305833;     0001253P0001888
100,0.,0.,0.,0.2,-4.440892099E-16,2.970427372E-03,0.19997794;    0001255P0001889
124,0.992546152,-1.474305743E-02,0.120974291,2.573305833,        0001257P0001890
0.121869343,0.120072567,-0.985256536,0.816,-1.068416189E-14,     0001257P0001891
0.992655641,0.120974291,3.398305833;                             0001257P0001892
110,2.573305833,0.840373869,3.596815064,2.67649077,0.,3.7;       0001259P0001893
126,8,3,1,0,1,0,0.,0.,0.,0.,0.125,0.25,0.5,0.75,0.875,1.,1.,1.,  0001261P0001894
1.,1.,1.,1.,1.,1.,1.,1.,1.,1.,2.67649077,0.,3.7,2.693033206,0.,  0001261P0001895
3.7,2.722256495,0.,3.696138418,2.771451859,0.,3.679164038,       0001261P0001896
2.819854089,0.,3.644854089,2.854164038,0.,3.596451859,           0001261P0001897
2.871138418,0.,3.547256495,2.875,0.,3.518033206,2.875,0.,        0001261P0001898
3.50149077,0.,1.,0.,1.,0.;                                       0001261P0001899
144,1265,1,0,1273;                                               0001263P0001900
120,1269,1271,4.727241663,6.283185307;                           0001265P0001901
124,-1.068416189E-14,0.992655641,0.120974291,2.67649077,         0001267P0001902
0.121869343,0.120072567,-0.985256536,-2.437386868E-02,           0001267P0001903
-0.992546152,1.474305743E-02,-0.120974291,-3.50149077;           0001267P0001904
110,0.,0.,1.,0.,0.,0.;                                           0001269P0001905
110,0.2,0.,-0.446226718,0.2,0.,9.995752611E-03;                  0001271P0001906
142,0,1265,1275,1285,3;                                          0001273P0001907
102,4,1277,1279,1281,1283;                                       0001275P0001908
110,0.978090179,6.283185307,0.,1.265654248E-14,6.283185307,0.;   0001277P0001909
110,0.,6.283185307,0.,-7.5728162E-16,4.727241663,0.;             0001279P0001910
110,1.199040867E-14,4.727241663,0.,0.978090179,4.727241663,0.;   0001281P0001911
126,46,3,1,0,1,0,0.,0.,0.,0.,2.272727273E-02,4.545454545E-02,    0001283P0001912
6.818181818E-02,9.090909091E-02,0.113636364,0.136363636,         0001283P0001913
0.159090909,0.181818182,0.204545455,0.227272727,0.25,            0001283P0001914
0.272727273,0.295454545,0.318181818,0.340909091,0.363636364,     0001283P0001915
0.386363636,0.409090909,0.431818182,0.454545455,0.477272727,0.5, 0001283P0001916
0.522727273,0.545454545,0.568181818,0.590909091,0.613636364,     0001283P0001917
0.636363636,0.659090909,0.681818182,0.704545455,0.727272727,     0001283P0001918
0.75,0.772727273,0.795454545,0.818181818,0.840909091,            0001283P0001919
0.863636364,0.886363636,0.909090909,0.931818182,0.954545455,     0001283P0001920
0.977272727,1.,1.,1.,1.,1.,1.,1.,1.,1.,1.,1.,1.,1.,1.,1.,1.,1.,  0001283P0001921
1.,1.,1.,1.,1.,1.,1.,1.,1.,1.,1.,1.,1.,1.,1.,1.,1.,1.,1.,1.,1.,  0001283P0001922
1.,1.,1.,1.,1.,1.,1.,1.,1.,1.,1.,1.,1.,0.978090179,4.727241663,  0001283P0001923
0.,0.97888772,4.742169204,0.,0.980415103,4.771402211,0.,         0001283P0001924
0.982517892,4.81358883,0.,0.984447189,4.854319398,0.,            0001283P0001925
0.986217871,4.893788464,0.,0.987844498,4.932176137,0.,           0001283P0001926
0.989342821,4.969655239,0.,0.99072296,5.006344052,0.,            0001283P0001927
0.991989393,5.042318366,0.,0.993147799,5.077659101,0.,           0001283P0001928
0.994203533,5.11244061,0.,0.995162038,5.146733013,0.,            0001283P0001929
0.996028733,5.180600279,0.,0.996805227,5.214085965,0.,           0001283P0001930
0.997493128,5.247233944,0.,0.998094045,5.280087495,0.,           0001283P0001931
0.998609586,5.312689106,0.,0.999041359,5.345080136,0.,           0001283P0001932
0.999390973,5.377300558,0.,0.999660036,5.4093887,0.,0.999850156, 0001283P0001933
5.441381031,0.,0.999962941,5.473311907,0.,1.,5.505213485,0.,     0001283P0001934
0.999962941,5.537115063,0.,0.999850156,5.569045939,0.,           0001283P0001935
0.999660036,5.60103827,0.,0.999390973,5.633126413,0.,            0001283P0001936
0.999041359,5.665346834,0.,0.998609586,5.697737865,0.,           0001283P0001937
0.998094045,5.730339475,0.,0.997493128,5.763193026,0.,           0001283P0001938
0.996805227,5.796341006,0.,0.996028733,5.829826692,0.,           0001283P0001939
0.995162038,5.863693958,0.,0.994203533,5.897986361,0.,           0001283P0001940
0.993147799,5.93276787,0.,0.991989393,5.968108604,0.,0.99072296, 0001283P0001941
6.004082919,0.,0.989342821,6.040771731,0.,0.987844498,           0001283P0001942
6.078250833,0.,0.986217871,6.116638506,0.,0.984447189,           0001283P0001943
6.156107573,0.,0.982517892,6.196838141,0.,0.980415103,           0001283P0001944
6.239024759,0.,0.97888772,6.268257767,0.,0.978090179,            0001283P0001945
6.283185307,0.,0.,1.,0.,0.,1.;                                   0001283P0001946
102,4,1287,1289,1293,1295;                                       0001285P0001947
110,2.67649077,0.,-3.7,2.622508809,0.439647791,-3.646018039;     0001287P0001948
100,0.,0.,0.,0.2,-4.440892099E-16,2.970427372E-03,0.19997794;    0001289P0001949
124,-1.068416189E-14,0.992655641,0.120974291,2.622508809,        0001291P0001950
0.121869343,0.120072567,-0.985256536,0.415273922,-0.992546152,   0001291P0001951
1.474305743E-02,-0.120974291,-3.447508809;                       0001291P0001952
110,2.821018039,0.439647791,-3.447508809,2.875,0.,-3.50149077;   0001293P0001953
126,8,3,1,0,1,0,0.,0.,0.,0.,0.125,0.25,0.5,0.75,0.875,1.,1.,1.,  0001295P0001954
1.,1.,1.,1.,1.,1.,1.,1.,1.,1.,2.875,0.,-3.50149077,2.875,0.,     0001295P0001955
-3.518033206,2.871138418,0.,-3.547256495,2.854164038,0.,         0001295P0001956
-3.596451859,2.819854089,0.,-3.644854089,2.771451859,0.,         0001295P0001957
-3.679164038,2.722256495,0.,-3.696138418,2.693033206,0.,-3.7,    0001295P0001958
2.67649077,0.,-3.7,0.,1.,0.,1.,0.;                               0001295P0001959
144,1299,1,0,1309;                                               0001297P0001960
120,1303,1305,4.766162299,6.283185307;                           0001299P0001961
124,0.,1.,0.,2.622508809,0.438371147,0.,-0.898794046,            0001301P0001962
0.415273922,-0.898794046,0.,-0.438371147,-3.447508809;           0001301P0001963
110,0.,0.,1.,0.,0.,0.;                                           0001303P0001964
100,0.,0.,0.,0.188383599,-6.716859006E-02,0.189103715,           0001305P0001965
6.511363089E-02;                                                 0001305P0001966
124,1.,0.,0.,0.,0.,0.,-1.,0.,0.,1.,-0.,0.;                       0001307P0001967
142,0,1299,1311,1319,3;                                          0001309P0001968
102,3,1313,1315,1317;                                            0001311P0001969
110,0.331612558,6.283185307,0.,-0.331612558,6.283185307,0.;      0001313P0001970
126,24,3,1,0,1,0,0.,0.,0.,0.,6.747793969E-02,0.134955879,        0001315P0001971
0.202433819,0.269911759,0.337389698,0.404867638,0.472345578,     0001315P0001972
0.539823518,0.607301457,0.674779397,0.742257337,0.809735276,     0001315P0001973
0.877213216,0.944691156,1.012169095,1.079647035,1.147124975,     0001315P0001974
1.214602914,1.282080854,1.349558794,1.417036734,1.484514673,     0001315P0001975
1.484514673,1.484514673,1.484514673,1.,1.,1.,1.,1.,1.,1.,1.,1.,  0001315P0001976
1.,1.,1.,1.,1.,1.,1.,1.,1.,1.,1.,1.,1.,1.,1.,1.,-0.331612558,    0001315P0001977
6.283185307,0.,-0.333558894,6.25948618,0.,-0.336929833,          0001315P0001978
6.211991083,0.,-0.34040045,6.140536156,0.,-0.342260813,          0001315P0001979
6.068945725,0.,-0.342500017,5.997301733,0.,-0.341116353,         0001315P0001980
5.925686986,0.,-0.338118564,5.854183684,0.,-0.333525356,         0001315P0001981
5.78287121,0.,-0.327365155,5.711824247,0.,-0.319675587,          0001315P0001982
5.641111026,0.,-0.310502859,5.570791854,0.,-0.29990102,          0001315P0001983
5.500917933,0.,-0.287931158,5.431530504,0.,-0.274660555,         0001315P0001984
5.362660311,0.,-0.260161832,5.294327387,0.,-0.244512119,         0001315P0001985
5.226541107,0.,-0.227792264,5.159300496,0.,-0.210086115,         0001315P0001986
5.092594733,0.,-0.191479867,5.026403796,0.,-0.172061495,         0001315P0001987
4.960699278,0.,-0.151920293,4.89544506,0.,-0.131146429,          0001315P0001988
4.830598836,0.,-0.116936033,4.78760668,0.,-0.109755666,          0001315P0001989
4.766162299,0.,0.,1.484514673,0.,0.,1.;                          0001315P0001990
126,24,3,1,0,1,0,0.,0.,0.,0.,7.072471108E-02,0.141449422,        0001317P0001991
0.212174133,0.282898844,0.353623555,0.424348267,0.495072978,     0001317P0001992
0.565797689,0.6365224,0.707247111,0.777971822,0.848696533,       0001317P0001993
0.919421244,0.990145955,1.060870666,1.131595377,1.202320088,     0001317P0001994
1.2730448,1.343769511,1.414494222,1.485218933,1.555943644,       0001317P0001995
1.555943644,1.555943644,1.555943644,1.,1.,1.,1.,1.,1.,1.,1.,1.,  0001317P0001996
1.,1.,1.,1.,1.,1.,1.,1.,1.,1.,1.,1.,1.,1.,1.,1.,-0.109755666,    0001317P0001997
4.766162299,0.,-0.101994524,4.788558094,0.,-8.630841832E-02,     0001317P0001998
4.833233615,0.,-6.239544008E-02,4.899973083,0.,-3.820630449E-02, 0001317P0001999
4.966511993,0.,-1.384861862E-02,5.032927557,0.,1.057005811E-02,  0001317P0002000
5.09929824,0.,3.494218807E-02,5.165703177,0.,5.916021702E-02,    0001317P0002001
5.232221039,0.,8.311654411E-02,5.29892904,0.,0.106703517,        0001317P0002002
5.36590188,0.,0.129813468,5.43321068,0.,0.152338814,5.500921858, 0001317P0002003
0.,0.174172228,5.569095979,0.,0.195206903,5.637786561,0.,        0001317P0002004
0.215336927,5.707038866,0.,0.234457769,5.77688869,0.,            0001317P0002005
0.252466891,5.847361203,0.,0.269264488,5.918469881,0.,           0001317P0002006
0.284754368,5.990215549,0.,0.298844855,6.062585792,0.,           0001317P0002007
0.311450152,6.135554094,0.,0.322490362,6.209081399,0.,           0001317P0002008
0.328761339,6.258434052,0.,0.331612558,6.283185307,0.,0.,        0001317P0002009
1.555943644,0.,0.,1.;                                            0001317P0002010
102,3,1321,1325,1329;                                            0001319P0002011
100,0.,0.,0.,0.157602151,-0.123132295,0.2,0.;                    0001321P0002012
124,0.,0.,1.,2.622508809,0.707106781,0.707106781,-0.,            0001323P0002013
0.415273922,-0.707106781,0.707106781,0.,-3.447508809;            0001323P0002014
100,0.,0.,0.,1.723492783E-02,-0.199256009,0.2,-4.440892099E-16;  0001325P0002015
124,0.992546152,8.585167065E-02,8.649640171E-02,2.622508809,     0001327P0002016
0.121869343,-0.699205747,-0.70445666,0.415273922,                0001327P0002017
2.570166302E-14,0.709747007,-0.70445666,-3.447508809;            0001327P0002018
100,0.,0.,0.,2.970427372E-03,-0.19997794,0.2,4.440892099E-16;    0001329P0002019
124,-1.067895772E-14,-0.992655641,-0.120974291,2.622508809,      0001331P0002020
0.121869343,-0.120072567,0.985256536,0.415273922,-0.992546152,   0001331P0002021
-1.474305743E-02,0.120974291,-3.447508809;                       0001331P0002022
144,1335,1,0,1343;                                               0001333P0002023
120,1339,1341,5.619960191,6.283185307;                           0001335P0002024
124,0.,0.,1.,2.622508809,0.121869343,0.992546152,0.,0.415273922, 0001337P0002025
-0.992546152,0.121869343,0.,-3.447508809;                        0001337P0002026
110,0.,0.,1.,0.,0.,0.;                                           0001339P0002027
110,0.2,0.,-5.245017618,0.2,0.,0.;                               0001341P0002028
142,0,1335,1345,1355,3;                                          0001343P0002029
102,4,1347,1349,1351,1353;                                       0001345P0002030
110,0.,6.283185307,0.,-2.807722863E-17,5.619960191,0.;           0001347P0002031
110,-2.220446049E-16,5.619960191,0.,1.,5.619960191,0.;           0001349P0002032
110,1.,5.619960191,0.,1.,6.283185307,0.;                         0001351P0002033
110,1.,6.283185307,0.,-2.220446049E-16,6.283185307,0.;           0001353P0002034
102,4,1357,1361,1363,1367;                                       0001355P0002035
100,0.,0.,0.,0.2,5.551115123E-17,0.157602151,0.123132295;        0001357P0002036
124,0.,0.,1.,-2.622508809,0.121869343,0.992546152,0.,            0001359P0002037
0.415273922,-0.992546152,0.121869343,0.,-3.447508809;            0001359P0002038
110,-2.622508809,0.556695278,-3.588930165,2.622508809,           0001361P0002039
0.556695278,-3.588930165;                                        0001361P0002040
100,0.,0.,0.,0.2,0.,0.157602151,0.123132295;                     0001363P0002041
124,0.,0.,-1.,2.622508809,0.707106781,-0.707106781,0.,           0001365P0002042
0.415273922,-0.707106781,-0.707106781,0.,-3.447508809;           0001365P0002043
110,2.622508809,0.439647791,-3.646018039,-2.622508809,           0001367P0002044
0.439647791,-3.646018039;                                        0001367P0002045
144,1371,1,0,1373;                                               0001369P0002046
108,0.,0.121869343,-0.992546152,3.672420761,0,2.875,0.,-3.7,0.;  0001371P0002047
142,0,1371,0,1375,2;                                             0001373P0002048
102,4,1377,1379,1381,1383;                                       0001375P0002049
110,-2.67649077,0.,-3.7,-2.622508809,0.439647791,-3.646018039;   0001377P0002050
110,-2.622508809,0.439647791,-3.646018039,2.622508809,           0001379P0002051
0.439647791,-3.646018039;                                        0001379P0002052
110,2.622508809,0.439647791,-3.646018039,2.67649077,0.,-3.7;     0001381P0002053
110,2.67649077,0.,-3.7,-2.67649077,0.,-3.7;                      0001383P0002054
144,1387,1,0,1395;                                               0001385P0002055
120,1391,1393,4.727241663,6.283185307;                           0001387P0002056
124,-0.992546152,1.474305743E-02,-0.120974291,-2.67649077,       0001389P0002057
0.121869343,0.120072567,-0.985256536,-2.437386868E-02,           0001389P0002058
1.068416189E-14,-0.992655641,-0.120974291,-3.50149077;           0001389P0002059
110,0.,0.,1.,0.,0.,0.;                                           0001391P0002060
110,0.2,0.,-0.446226718,0.2,0.,9.995752611E-03;                  0001393P0002061
142,0,1387,1397,1407,3;                                          0001395P0002062
102,4,1399,1401,1403,1405;                                       0001397P0002063
110,0.978090179,6.283185307,0.,1.276756478E-14,6.283185307,0.;   0001399P0002064
110,0.,6.283185307,0.,-7.5728162E-16,4.727241663,0.;             0001401P0002065
110,1.187938636E-14,4.727241663,0.,0.978090179,4.727241663,0.;   0001403P0002066
126,46,3,1,0,1,0,0.,0.,0.,0.,2.272727273E-02,4.545454545E-02,    0001405P0002067
6.818181818E-02,9.090909091E-02,0.113636364,0.136363636,         0001405P0002068
0.159090909,0.181818182,0.204545455,0.227272727,0.25,            0001405P0002069
0.272727273,0.295454545,0.318181818,0.340909091,0.363636364,     0001405P0002070
0.386363636,0.409090909,0.431818182,0.454545455,0.477272727,0.5, 0001405P0002071
0.522727273,0.545454545,0.568181818,0.590909091,0.613636364,     0001405P0002072
0.636363636,0.659090909,0.681818182,0.704545455,0.727272727,     0001405P0002073
0.75,0.772727273,0.795454545,0.818181818,0.840909091,            0001405P0002074
0.863636364,0.886363636,0.909090909,0.931818182,0.954545455,     0001405P0002075
0.977272727,1.,1.,1.,1.,1.,1.,1.,1.,1.,1.,1.,1.,1.,1.,1.,1.,1.,  0001405P0002076
1.,1.,1.,1.,1.,1.,1.,1.,1.,1.,1.,1.,1.,1.,1.,1.,1.,1.,1.,1.,1.,  0001405P0002077
1.,1.,1.,1.,1.,1.,1.,1.,1.,1.,1.,1.,1.,0.978090179,4.727241663,  0001405P0002078
0.,0.97888772,4.742169204,0.,0.980415103,4.771402211,0.,         0001405P0002079
0.982517892,4.81358883,0.,0.984447189,4.854319398,0.,            0001405P0002080
0.986217871,4.893788464,0.,0.987844498,4.932176137,0.,           0001405P0002081
0.989342821,4.969655239,0.,0.99072296,5.006344052,0.,            0001405P0002082
0.991989393,5.042318366,0.,0.993147799,5.077659101,0.,           0001405P0002083
0.994203533,5.11244061,0.,0.995162038,5.146733013,0.,            0001405P0002084
0.996028733,5.180600279,0.,0.996805227,5.214085965,0.,           0001405P0002085
0.997493128,5.247233944,0.,0.998094045,5.280087495,0.,           0001405P0002086
0.998609586,5.312689106,0.,0.999041359,5.345080136,0.,           0001405P0002087
0.999390973,5.377300558,0.,0.999660036,5.4093887,0.,0.999850156, 0001405P0002088
5.441381031,0.,0.999962941,5.473311907,0.,1.,5.505213485,0.,     0001405P0002089
0.999962941,5.537115063,0.,0.999850156,5.569045939,0.,           0001405P0002090
0.999660036,5.60103827,0.,0.999390973,5.633126413,0.,            0001405P0002091
0.999041359,5.665346834,0.,0.998609586,5.697737865,0.,           0001405P0002092
0.998094045,5.730339475,0.,0.997493128,5.763193026,0.,           0001405P0002093
0.996805227,5.796341006,0.,0.996028733,5.829826692,0.,           0001405P0002094
0.995162038,5.863693958,0.,0.994203533,5.897986361,0.,           0001405P0002095
0.993147799,5.93276787,0.,0.991989393,5.968108604,0.,0.99072296, 0001405P0002096
6.004082919,0.,0.989342821,6.040771731,0.,0.987844498,           0001405P0002097
6.078250833,0.,0.986217871,6.116638506,0.,0.984447189,           0001405P0002098
6.156107573,0.,0.982517892,6.196838141,0.,0.980415103,           0001405P0002099
6.239024759,0.,0.97888772,6.268257767,0.,0.978090179,            0001405P0002100
6.283185307,0.,0.,1.,0.,0.,1.;                                   0001405P0002101
102,4,1409,1411,1415,1417;                                       0001407P0002102
110,-2.875,0.,-3.50149077,-2.821018039,0.439647791,-3.447508809; 0001409P0002103
100,0.,0.,0.,0.2,-4.440892099E-16,2.970427372E-03,0.19997794;    0001411P0002104
124,-0.992546152,1.474305743E-02,-0.120974291,-2.622508809,      0001413P0002105
0.121869343,0.120072567,-0.985256536,0.415273922,                0001413P0002106
1.068416189E-14,-0.992655641,-0.120974291,-3.447508809;          0001413P0002107
110,-2.622508809,0.439647791,-3.646018039,-2.67649077,0.,-3.7;   0001415P0002108
126,8,3,1,0,1,0,0.,0.,0.,0.,0.125,0.25,0.5,0.75,0.875,1.,1.,1.,  0001417P0002109
1.,1.,1.,1.,1.,1.,1.,1.,1.,1.,-2.67649077,0.,-3.7,-2.693033206,  0001417P0002110
0.,-3.7,-2.722256495,0.,-3.696138418,-2.771451859,0.,            0001417P0002111
-3.679164038,-2.819854089,0.,-3.644854089,-2.854164038,0.,       0001417P0002112
-3.596451859,-2.871138418,0.,-3.547256495,-2.875,0.,             0001417P0002113
-3.518033206,-2.875,0.,-3.50149077,0.,1.,0.,1.,0.;               0001417P0002114
144,1421,1,0,1431;                                               0001419P0002115
120,1425,1427,4.766162299,6.283185307;                           0001421P0002116
124,0.,-1.,0.,-2.622508809,0.438371147,0.,0.898794046,           0001423P0002117
0.415273922,-0.898794046,0.,0.438371147,-3.447508809;            0001423P0002118
110,0.,0.,1.,0.,0.,0.;                                           0001425P0002119
100,0.,0.,0.,0.189103715,-6.511363089E-02,0.188383599,           0001427P0002120
6.716859006E-02;                                                 0001427P0002121
124,1.,0.,0.,0.,0.,0.,-1.,0.,0.,1.,-0.,0.;                       0001429P0002122
142,0,1421,1433,1441,3;                                          0001431P0002123
102,3,1435,1437,1439;                                            0001433P0002124
110,0.331612558,6.283185307,0.,-0.331612558,6.283185307,0.;      0001435P0002125
126,24,3,1,0,1,0,0.,0.,0.,0.,7.072471108E-02,0.141449422,        0001437P0002126
0.212174133,0.282898844,0.353623555,0.424348267,0.495072978,     0001437P0002127
0.565797689,0.6365224,0.707247111,0.777971822,0.848696533,       0001437P0002128
0.919421244,0.990145955,1.060870666,1.131595377,1.202320088,     0001437P0002129
1.2730448,1.343769511,1.414494222,1.485218933,1.555943644,       0001437P0002130
1.555943644,1.555943644,1.555943644,1.,1.,1.,1.,1.,1.,1.,1.,1.,  0001437P0002131
1.,1.,1.,1.,1.,1.,1.,1.,1.,1.,1.,1.,1.,1.,1.,1.,-0.331612558,    0001437P0002132
6.283185307,0.,-0.328761339,6.258434052,0.,-0.322490362,         0001437P0002133
6.209081399,0.,-0.311450152,6.135554094,0.,-0.298844855,         0001437P0002134
6.062585792,0.,-0.284754368,5.990215549,0.,-0.269264488,         0001437P0002135
5.918469881,0.,-0.252466891,5.847361203,0.,-0.234457769,         0001437P0002136
5.77688869,0.,-0.215336927,5.707038866,0.,-0.195206903,          0001437P0002137
5.637786561,0.,-0.174172228,5.569095979,0.,-0.152338814,         0001437P0002138
5.500921858,0.,-0.129813468,5.43321068,0.,-0.106703517,          0001437P0002139
5.36590188,0.,-8.311654411E-02,5.29892904,0.,-5.916021702E-02,   0001437P0002140
5.232221039,0.,-3.494218807E-02,5.165703177,0.,-1.057005811E-02, 0001437P0002141
5.09929824,0.,1.384861862E-02,5.032927557,0.,3.820630449E-02,    0001437P0002142
4.966511993,0.,6.239544008E-02,4.899973083,0.,8.630841832E-02,   0001437P0002143
4.833233615,0.,0.101994524,4.788558094,0.,0.109755666,           0001437P0002144
4.766162299,0.,0.,1.555943644,0.,0.,1.;                          0001437P0002145
126,24,3,1,0,1,0,0.,0.,0.,0.,6.747793969E-02,0.134955879,        0001439P0002146
0.202433819,0.269911759,0.337389698,0.404867638,0.472345578,     0001439P0002147
0.539823518,0.607301457,0.674779397,0.742257337,0.809735276,     0001439P0002148
0.877213216,0.944691156,1.012169095,1.079647035,1.147124975,     0001439P0002149
1.214602914,1.282080854,1.349558794,1.417036734,1.484514673,     0001439P0002150
1.484514673,1.484514673,1.484514673,1.,1.,1.,1.,1.,1.,1.,1.,1.,  0001439P0002151
1.,1.,1.,1.,1.,1.,1.,1.,1.,1.,1.,1.,1.,1.,1.,1.,0.109755666,     0001439P0002152
4.766162299,0.,0.116936033,4.78760668,0.,0.131146429,            0001439P0002153
4.830598836,0.,0.151920293,4.89544506,0.,0.172061495,            0001439P0002154
4.960699278,0.,0.191479867,5.026403796,0.,0.210086115,           0001439P0002155
5.092594733,0.,0.227792264,5.159300496,0.,0.244512119,           0001439P0002156
5.226541107,0.,0.260161832,5.294327387,0.,0.274660555,           0001439P0002157
5.362660311,0.,0.287931158,5.431530504,0.,0.29990102,            0001439P0002158
5.500917933,0.,0.310502859,5.570791854,0.,0.319675587,           0001439P0002159
5.641111026,0.,0.327365155,5.711824247,0.,0.333525356,           0001439P0002160
5.78287121,0.,0.338118564,5.854183684,0.,0.341116353,            0001439P0002161
5.925686986,0.,0.342500017,5.997301733,0.,0.342260813,           0001439P0002162
6.068945725,0.,0.34040045,6.140536156,0.,0.336929833,            0001439P0002163
6.211991083,0.,0.333558894,6.25948618,0.,0.331612558,            0001439P0002164
6.283185307,0.,0.,1.484514673,0.,0.,1.;                          0001439P0002165
102,3,1443,1447,1451;                                            0001441P0002166
100,0.,0.,0.,0.157602151,-0.123132295,0.2,-5.551115123E-17;      0001443P0002167
124,0.,0.,-1.,-2.622508809,0.121869343,-0.992546152,0.,          0001445P0002168
0.415273922,-0.992546152,-0.121869343,0.,-3.447508809;           0001445P0002169
100,0.,0.,0.,2.970427372E-03,-0.19997794,0.2,4.440892099E-16;    0001447P0002170
124,-0.992546152,-1.474305743E-02,0.120974291,-2.622508809,      0001449P0002171
0.121869343,-0.120072567,0.985256536,0.415273922,                0001449P0002172
1.067895772E-14,0.992655641,0.120974291,-3.447508809;            0001449P0002173
100,0.,0.,0.,1.723492783E-02,-0.199256009,0.2,0.;                0001451P0002174
124,0.,0.996252163,-8.649640171E-02,-2.622508809,0.707106781,    0001453P0002175
-6.11621922E-02,-0.70445666,0.415273922,-0.707106781,            0001453P0002176
-6.11621922E-02,-0.70445666,-3.447508809;                        0001453P0002177
144,1457,1,0,1465;                                               0001455P0002178
120,1461,1463,4.798670634,6.283185307;                           0001457P0002179
124,-0.992546152,8.585167065E-02,-8.649640171E-02,-2.56611328,   0001459P0002180
0.121869343,0.699205747,-0.70445666,0.874578644,2.570166302E-14, 0001459P0002181
-0.709747007,-0.70445666,-2.988204087;                           0001459P0002182
110,0.,0.,1.,0.,0.,0.;                                           0001461P0002183
110,0.2,0.,8.315436146E-02,0.2,0.,0.651998551;                   0001463P0002184
142,0,1457,1467,1477,3;                                          0001465P0002185
102,4,1469,1471,1473,1475;                                       0001467P0002186
110,3.719973101E-13,6.283185307,0.,3.714178396E-13,4.798670634,  0001469P0002187
0.;                                                              0001469P0002188
110,-5.794705827E-16,4.798670634,0.,1.,4.798670634,0.;           0001471P0002189
110,1.,4.798670634,0.,1.,6.283185307,0.;                         0001473P0002190
110,1.,6.283185307,0.,5.218891959E-13,6.283185307,0.;            0001475P0002191
102,4,1479,1483,1485,1489;                                       0001477P0002192
100,0.,0.,0.,0.2,0.,1.723492783E-02,0.199256009;                 0001479P0002193
124,-0.992546152,8.585167065E-02,-8.649640171E-02,-2.573305833,  0001481P0002194
0.121869343,0.699205747,-0.70445666,0.816,2.570166302E-14,       0001481P0002195
-0.709747007,-0.70445666,-3.046782731;                           0001481P0002196
110,-2.573305833,0.957421356,-3.188204087,-2.622508809,          0001483P0002197
0.556695278,-3.588930165;                                        0001483P0002198
100,0.,0.,0.,0.2,0.,1.723492783E-02,0.199256009;                 0001485P0002199
124,0.,-0.996252163,8.649640171E-02,-2.622508809,0.707106781,    0001487P0002200
6.11621922E-02,0.70445666,0.415273922,-0.707106781,              0001487P0002201
6.11621922E-02,0.70445666,-3.447508809;                          0001487P0002202
110,-2.821018039,0.439647791,-3.447508809,-2.771815064,          0001489P0002203
0.840373869,-3.046782731;                                        0001489P0002204
144,1493,1,0,1495;                                               0001491P0002205
108,-0.992546152,0.121869343,0.,2.853570186,0,-2.875,0.,-3.7,0.; 0001493P0002206
142,0,1493,0,1497,2;                                             0001495P0002207
102,5,1499,1501,1503,1505,1507;                                  0001497P0002208
110,-2.875,0.,3.50149077,-2.771815064,0.840373869,3.398305833;   0001499P0002209
110,-2.771815064,0.840373869,3.398305833,-2.771815064,           0001501P0002210
0.840373869,-3.046782731;                                        0001501P0002211
110,-2.771815064,0.840373869,-3.046782731,-2.821018039,          0001503P0002212
0.439647791,-3.447508809;                                        0001503P0002213
110,-2.821018039,0.439647791,-3.447508809,-2.875,0.,-3.50149077; 0001505P0002214
110,-2.875,0.,-3.50149077,-2.875,0.,3.50149077;                  0001507P0002215
144,1511,1,0,1513;                                               0001509P0002216
108,-0.,0.707106781,-0.707106781,2.931399863,0,-3.45,1.016,      0001511P0002217
-3.129625443,0.;                                                 0001511P0002218
142,0,1511,0,1515,2;                                             0001513P0002219
102,4,1517,1519,1521,1523;                                       0001515P0002220
110,-2.573305833,0.957421356,-3.188204087,2.573305833,           0001517P0002221
0.957421356,-3.188204087;                                        0001517P0002222
110,2.573305833,0.957421356,-3.188204087,2.622508809,            0001519P0002223
0.556695278,-3.588930165;                                        0001519P0002224
110,2.622508809,0.556695278,-3.588930165,-2.622508809,           0001521P0002225
0.556695278,-3.588930165;                                        0001521P0002226
110,-2.622508809,0.556695278,-3.588930165,-2.573305833,          0001523P0002227
0.957421356,-3.188204087;                                        0001523P0002228
144,1527,1,0,1535;                                               0001525P0002229
120,1531,1533,0.,3.141592654;                                    0001527P0002230
124,-1.,0.,0.,1.875,0.,0.,-1.,1.02,0.,1.,0.,-2.1925;             0001529P0002231
110,0.,0.,1.,0.,0.,0.;                                           0001531P0002232
110,0.508,0.,4.E-03,0.508,0.,4.4E-02;                            0001533P0002233
142,0,1527,1537,1547,3;                                          0001535P0002234
102,4,1539,1541,1543,1545;                                       0001537P0002235
110,-3.487868498E-14,1.776356839E-15,0.,1.,1.785238624E-15,0.;   0001539P0002236
110,1.,1.776356839E-15,0.,1.,3.141592654,0.;                     0001541P0002237
110,1.,3.141592654,0.,-1.743934249E-14,3.141592654,0.;           0001543P0002238
110,-1.743934249E-14,3.141592654,0.,-3.487868498E-14,            0001545P0002239
1.776356839E-15,0.;                                              0001545P0002240
102,4,1549,1551,1555,1557;                                       0001547P0002241
110,1.367,1.016,-2.1925,1.367,0.976,-2.1925;                     0001549P0002242
100,0.,0.,0.,0.508,0.,-0.508,0.;                                 0001551P0002243
124,-1.,0.,0.,1.875,0.,0.,-1.,0.976,0.,-1.,0.,-2.1925;           0001553P0002244
110,2.383,0.976,-2.1925,2.383,1.016,-2.1925;                     0001555P0002245
100,0.,0.,0.,-0.508,0.,0.508,0.;                                 0001557P0002246
124,-1.,0.,0.,1.875,0.,0.,1.,1.016,0.,1.,0.,-2.1925;             0001559P0002247
144,1563,1,0,1571;                                               0001561P0002248
120,1567,1569,3.141592654,6.283185307;                           0001563P0002249
124,-1.,0.,0.,1.875,0.,0.,-1.,1.02,0.,1.,0.,-2.1925;             0001565P0002250
110,0.,0.,1.,0.,0.,0.;                                           0001567P0002251
110,0.508,0.,4.E-03,0.508,0.,4.4E-02;                            0001569P0002252
142,0,1563,1573,1583,3;                                          0001571P0002253
102,4,1575,1577,1579,1581;                                       0001573P0002254
110,-1.743934249E-14,3.141592654,0.,1.,3.141592654,0.;           0001575P0002255
110,1.,3.141592654,0.,1.,6.283185307,0.;                         0001577P0002256
110,1.,6.283185307,0.,0.,6.283185307,0.;                         0001579P0002257
110,6.310887242E-30,6.283185307,0.,-1.743934249E-14,3.141592654, 0001581P0002258
0.;                                                              0001581P0002259
102,4,1585,1587,1591,1593;                                       0001583P0002260
110,2.383,1.016,-2.1925,2.383,0.976,-2.1925;                     0001585P0002261
100,0.,0.,0.,-0.508,0.,0.508,0.;                                 0001587P0002262
124,-1.,0.,-0.,1.875,0.,0.,-1.,0.976,0.,-1.,0.,-2.1925;          0001589P0002263
110,1.367,0.976,-2.1925,1.367,1.016,-2.1925;                     0001591P0002264
100,0.,0.,0.,-0.508,0.,0.508,0.;                                 0001593P0002265
124,1.,0.,0.,1.875,0.,0.,1.,1.016,0.,-1.,0.,-2.1925;             0001595P0002266
144,1599,1,0,1609;                                               0001597P0002267
120,1603,1605,3.141592654,6.283185307;                           0001599P0002268
124,-1.,0.,0.,1.875,0.,0.,-1.,4.1818,0.,1.,0.,-2.1925;           0001601P0002269
110,0.,0.,1.,0.,0.,0.;                                           0001603P0002270
100,0.,0.,0.,0.508,3.2058,1.98747929E-16,3.2458;                 0001605P0002271
124,1.,0.,0.,0.,0.,0.,-1.,0.,0.,1.,-0.,0.;                       0001607P0002272
142,0,1599,1611,1619,3;                                          0001609P0002273
102,3,1613,1615,1617;                                            0001611P0002274
126,24,3,0,0,1,0,0.,0.,0.,0.,0.142799666,0.285599332,            0001613P0002275
0.428398998,0.571198664,0.71399833,0.856797996,0.999597663,      0001613P0002276
1.142397329,1.285196995,1.427996661,1.570796327,1.713595993,     0001613P0002277
1.856395659,1.999195325,2.141994991,2.284794657,2.427594323,     0001613P0002278
2.570393989,2.713193655,2.855993321,2.998792988,3.141592654,     0001613P0002279
3.141592654,3.141592654,3.141592654,1.,1.,1.,1.,1.,1.,1.,1.,1.,  0001613P0002280
1.,1.,1.,1.,1.,1.,1.,1.,1.,1.,1.,1.,1.,1.,1.,1.,1.413640266,     0001613P0002281
6.283185307,0.,1.413640266,6.235585418,0.,1.413640266,           0001613P0002282
6.140385641,0.,1.413640266,5.997585975,0.,1.413640266,           0001613P0002283
5.854786309,0.,1.413640266,5.711986643,0.,1.413640266,           0001613P0002284
5.569186977,0.,1.413640266,5.426387311,0.,1.413640266,           0001613P0002285
5.283587645,0.,1.413640266,5.140787979,0.,1.413640266,           0001613P0002286
4.997988313,0.,1.413640266,4.855188646,0.,1.413640266,           0001613P0002287
4.71238898,0.,1.413640266,4.569589314,0.,1.413640266,            0001613P0002288
4.426789648,0.,1.413640266,4.283989982,0.,1.413640266,           0001613P0002289
4.141190316,0.,1.413640266,3.99839065,0.,1.413640266,            0001613P0002290
3.855590984,0.,1.413640266,3.712791318,0.,1.413640266,           0001613P0002291
3.569991652,0.,1.413640266,3.427191986,0.,1.413640266,           0001613P0002292
3.28439232,0.,1.413640266,3.189192542,0.,1.413640266,            0001613P0002293
3.141592654,0.,0.,3.141592654,0.,0.,1.;                          0001613P0002294
126,24,3,0,0,1,0,0.,0.,0.,0.,7.14345729E-03,1.428691458E-02,     0001615P0002295
2.143037187E-02,2.857382916E-02,3.571728645E-02,4.286074374E-02, 0001615P0002296
5.000420103E-02,5.714765832E-02,6.429111561E-02,7.14345729E-02,  0001615P0002297
7.857803018E-02,8.572148747E-02,9.286494476E-02,0.100008402,     0001615P0002298
0.107151859,0.114295317,0.121438774,0.128582231,0.135725689,     0001615P0002299
0.142869146,0.150012603,0.15715606,0.15715606,0.15715606,        0001615P0002300
0.15715606,1.,1.,1.,1.,1.,1.,1.,1.,1.,1.,1.,1.,1.,1.,1.,1.,1.,   0001615P0002301
1.,1.,1.,1.,1.,1.,1.,1.,1.413640266,3.141592654,0.,1.416021419,  0001615P0002302
3.141592654,0.,1.420783724,3.141592654,0.,1.427927181,           0001615P0002303
3.141592654,0.,1.435070638,3.141592654,0.,1.442214096,           0001615P0002304
3.141592654,0.,1.449357553,3.141592654,0.,1.45650101,            0001615P0002305
3.141592654,0.,1.463644467,3.141592654,0.,1.470787925,           0001615P0002306
3.141592654,0.,1.477931382,3.141592654,0.,1.485074839,           0001615P0002307
3.141592654,0.,1.492218297,3.141592654,0.,1.499361754,           0001615P0002308
3.141592654,0.,1.506505211,3.141592654,0.,1.513648668,           0001615P0002309
3.141592654,0.,1.520792126,3.141592654,0.,1.527935583,           0001615P0002310
3.141592654,0.,1.53507904,3.141592654,0.,1.542222498,            0001615P0002311
3.141592654,0.,1.549365955,3.141592654,0.,1.556509412,           0001615P0002312
3.141592654,0.,1.56365287,3.141592654,0.,1.568415174,            0001615P0002313
3.141592654,0.,1.570796327,3.141592654,0.,0.,0.15715606,0.,0.,   0001615P0002314
1.;                                                              0001615P0002315
110,1.570796327,6.283185307,0.,1.413640266,6.283185307,0.;       0001617P0002316
102,3,1621,1625,1629;                                            0001619P0002317
100,0.,0.,0.,0.508,0.,-0.508,0.;                                 0001621P0002318
124,-1.,0.,0.,1.875,0.,0.,1.,0.976,0.,1.,0.,-2.1925;             0001623P0002319
100,0.,0.,0.,3.2458,0.,3.2058,0.508;                             0001625P0002320
124,0.156509951,-0.987676382,0.,1.875,-0.987676382,-0.156509951, 0001627P0002321
0.,4.1818,0.,-0.,-1.,-2.1925;                                    0001627P0002322
100,0.,0.,0.,3.2058,-0.508,3.2458,-8.881784197E-16;              0001629P0002323
124,-0.156509951,-0.987676382,0.,1.875,-0.987676382,0.156509951, 0001631P0002324
0.,4.1818,0.,0.,-1.,-2.1925;                                     0001631P0002325
144,1635,1,0,1645;                                               0001633P0002326
120,1639,1641,0.,3.141592654;                                    0001635P0002327
124,-1.,0.,0.,1.875,0.,0.,-1.,4.1818,0.,1.,0.,-2.1925;           0001637P0002328
110,0.,0.,1.,0.,0.,0.;                                           0001639P0002329
100,0.,0.,0.,0.508,3.2058,1.98747929E-16,3.2458;                 0001641P0002330
124,1.,0.,0.,0.,0.,0.,-1.,0.,0.,1.,-0.,0.;                       0001643P0002331
142,0,1635,1647,1655,3;                                          0001645P0002332
102,3,1649,1651,1653;                                            0001647P0002333
126,24,3,0,0,1,0,0.,0.,0.,0.,7.14345729E-03,1.428691458E-02,     0001649P0002334
2.143037187E-02,2.857382916E-02,3.571728645E-02,4.286074374E-02, 0001649P0002335
5.000420103E-02,5.714765832E-02,6.429111561E-02,7.14345729E-02,  0001649P0002336
7.857803018E-02,8.572148747E-02,9.286494476E-02,0.100008402,     0001649P0002337
0.107151859,0.114295317,0.121438774,0.128582231,0.135725689,     0001649P0002338
0.142869146,0.150012603,0.15715606,0.15715606,0.15715606,        0001649P0002339
0.15715606,1.,1.,1.,1.,1.,1.,1.,1.,1.,1.,1.,1.,1.,1.,1.,1.,1.,   0001649P0002340
1.,1.,1.,1.,1.,1.,1.,1.,1.570796327,3.141592654,0.,1.568415174,  0001649P0002341
3.141592654,0.,1.56365287,3.141592654,0.,1.556509412,            0001649P0002342
3.141592654,0.,1.549365955,3.141592654,0.,1.542222498,           0001649P0002343
3.141592654,0.,1.53507904,3.141592654,0.,1.527935583,            0001649P0002344
3.141592654,0.,1.520792126,3.141592654,0.,1.513648668,           0001649P0002345
3.141592654,0.,1.506505211,3.141592654,0.,1.499361754,           0001649P0002346
3.141592654,0.,1.492218297,3.141592654,0.,1.485074839,           0001649P0002347
3.141592654,0.,1.477931382,3.141592654,0.,1.470787925,           0001649P0002348
3.141592654,0.,1.463644467,3.141592654,0.,1.45650101,            0001649P0002349
3.141592654,0.,1.449357553,3.141592654,0.,1.442214096,           0001649P0002350
3.141592654,0.,1.435070638,3.141592654,0.,1.427927181,           0001649P0002351
3.141592654,0.,1.420783724,3.141592654,0.,1.416021419,           0001649P0002352
3.141592654,0.,1.413640266,3.141592654,0.,0.,0.15715606,0.,0.,   0001649P0002353
1.;                                                              0001649P0002354
110,1.413640266,3.141592654,0.,1.413640266,1.776356839E-15,0.;   0001651P0002355
110,1.413640266,1.776356839E-15,0.,1.570796327,1.811252495E-15,  0001653P0002356
0.;                                                              0001653P0002357
102,3,1657,1661,1665;                                            0001655P0002358
100,0.,0.,0.,3.2058,-0.508,3.2458,-8.881784197E-16;              0001657P0002359
124,0.156509951,0.987676382,-0.,1.875,-0.987676382,0.156509951,  0001659P0002360
0.,4.1818,0.,0.,1.,-2.1925;                                      0001659P0002361
100,0.,0.,0.,-0.508,0.,0.508,0.;                                 0001661P0002362
124,-1.,0.,0.,1.875,0.,0.,1.,0.976,0.,1.,0.,-2.1925;             0001663P0002363
100,0.,0.,0.,3.2458,0.,3.2058,0.508;                             0001665P0002364
124,-0.156509951,0.987676382,0.,1.875,-0.987676382,-0.156509951, 0001667P0002365
0.,4.1818,0.,0.,1.,-2.1925;                                      0001667P0002366
402,14,1671,1711,1727,1767,1783,1819,1835,1851,1867,1903,1939,   0001669P0002367
1955,1971,1987,0,1,4505;                                         0001669P0002368
144,1673,1,0,1675;                                               0001671P0002369
108,-1.,-0.,-0.,-1.7,0,1.7,-1.43,4.86,0.;                        0001673P0002370
142,0,1673,0,1677,2;                                             0001675P0002371
102,12,1679,1683,1685,1687,1689,1693,1695,1699,1701,1703,1705,   0001677P0002372
1709;                                                            0001677P0002373
100,0.,0.,0.,0.414,0.,0.254883851,0.326236452;                   0001679P0002374
124,0.,0.,-1.,1.7,-0.559192903,-0.829037573,0.,-1.228153501,     0001681P0002375
-0.829037573,0.559192903,0.,5.223227048;                         0001681P0002376
110,1.7,-1.641145018,5.194347868,1.7,-1.68,5.75;                 0001683P0002377
110,1.7,-1.68,5.75,1.7,-1.426618731,5.767718144;                 0001685P0002378
110,1.7,-1.426618731,5.767718144,1.7,-1.387763749,5.212066012;   0001687P0002379
100,0.,0.,0.,0.16,0.,9.850583605E-02,0.126081721;                0001689P0002380
124,0.,0.,1.,1.7,-0.99756405,6.975647374E-02,0.,-1.228153501,    0001691P0002381
-6.975647374E-02,-0.99756405,0.,5.223227048;                     0001691P0002382
110,1.7,-1.317624366,5.090581036,1.7,-0.182494138,4.32492603;    0001693P0002383
100,0.,0.,0.,0.414,0.,0.231505862,0.343221555;                   0001695P0002384
124,0.,0.,-1.,1.7,0.559192903,0.829037573,0.,-0.414,0.829037573, 0001697P0002385
-0.559192903,0.,3.981704475;                                     0001697P0002386
110,1.7,0.,3.981704475,1.7,0.,3.75;                              0001699P0002387
110,1.7,0.,3.75,1.7,-0.254,3.75;                                 0001701P0002388
110,1.7,-0.254,3.75,1.7,-0.254,3.981704475;                      0001703P0002389
100,0.,0.,0.,0.16,0.,8.947086456E-02,0.132646012;                0001705P0002390
124,0.,0.,1.,1.7,1.,0.,0.,-0.414,0.,1.,0.,3.981704475;           0001707P0002391
110,1.7,-0.324529135,4.114350487,1.7,-1.459659363,4.880005493;   0001709P0002392
144,1713,1,0,1715;                                               0001711P0002393
108,0.,-0.559192903,-0.829037573,-3.229476751,0,1.7,             0001713P0002394
-1.627059701,4.992918446,0.;                                     0001713P0002395
142,0,1713,0,1717,2;                                             0001715P0002396
102,4,1719,1721,1723,1725;                                       0001717P0002397
110,2.11,-1.459659363,4.880005493,1.7,-1.459659363,4.880005493;  0001719P0002398
110,1.7,-1.459659363,4.880005493,1.7,-0.324529135,4.114350487;   0001721P0002399
110,1.7,-0.324529135,4.114350487,2.11,-0.324529135,4.114350487;  0001723P0002400
110,2.11,-0.324529135,4.114350487,2.11,-1.459659363,4.880005493; 0001725P0002401
144,1729,1,0,1731;                                               0001727P0002402
108,1.,0.,0.,2.11,0,2.11,-1.43,4.86,0.;                          0001729P0002403
142,0,1729,0,1733,2;                                             0001731P0002404
102,12,1735,1739,1741,1743,1745,1749,1751,1755,1757,1759,1761,   0001733P0002405
1765;                                                            0001733P0002406
100,0.,0.,0.,9.850583605E-02,-0.126081721,0.16,0.;               0001735P0002407
124,0.,0.,-1.,2.11,-0.99756405,-6.975647374E-02,0.,-1.228153501, 0001737P0002408
-6.975647374E-02,0.99756405,-0.,5.223227048;                     0001737P0002409
110,2.11,-1.387763749,5.212066012,2.11,-1.426618731,5.767718144; 0001739P0002410
110,2.11,-1.426618731,5.767718144,2.11,-1.68,5.75;               0001741P0002411
110,2.11,-1.68,5.75,2.11,-1.641145018,5.194347868;               0001743P0002412
100,0.,0.,0.,0.254883851,-0.326236452,0.414,0.;                  0001745P0002413
124,0.,0.,1.,2.11,-0.559192903,0.829037573,-0.,-1.228153501,     0001747P0002414
-0.829037573,-0.559192903,0.,5.223227048;                        0001747P0002415
110,2.11,-1.459659363,4.880005493,2.11,-0.324529135,4.114350487; 0001749P0002416
100,0.,0.,0.,8.947086456E-02,-0.132646012,0.16,0.;               0001751P0002417
124,0.,0.,-1.,2.11,1.,0.,0.,-0.414,0.,-1.,-0.,3.981704475;       0001753P0002418
110,2.11,-0.254,3.981704475,2.11,-0.254,3.75;                    0001755P0002419
110,2.11,-0.254,3.75,2.11,0.,3.75;                               0001757P0002420
110,2.11,0.,3.75,2.11,0.,3.981704475;                            0001759P0002421
100,0.,0.,0.,0.231505862,-0.343221555,0.414,0.;                  0001761P0002422
124,0.,0.,1.,2.11,0.559192903,-0.829037573,-0.,-0.414,           0001763P0002423
0.829037573,0.559192903,0.,3.981704475;                          0001763P0002424
110,2.11,-0.182494138,4.32492603,2.11,-1.317624366,5.090581036;  0001765P0002425
144,1769,1,0,1771;                                               0001767P0002426
108,0.,0.559192903,0.829037573,3.483476751,0,1.7,-1.287965003,   0001769P0002427
5.070575543,0.;                                                  0001769P0002428
142,0,1769,0,1773,2;                                             0001771P0002429
102,4,1775,1777,1779,1781;                                       0001773P0002430
110,1.7,-1.317624366,5.090581036,2.11,-1.317624366,5.090581036;  0001775P0002431
110,2.11,-1.317624366,5.090581036,2.11,-0.182494138,4.32492603;  0001777P0002432
110,2.11,-0.182494138,4.32492603,1.7,-0.182494138,4.32492603;    0001779P0002433
110,1.7,-0.182494138,4.32492603,1.7,-1.317624366,5.090581036;    0001781P0002434
144,1785,1,0,1793;                                               0001783P0002435
120,1789,1791,5.305800926,6.283185307;                           0001785P0002436
124,0.,0.,-1.,1.7,0.559192903,0.829037573,0.,-0.414,0.829037573, 0001787P0002437
-0.559192903,0.,3.981704475;                                     0001787P0002438
110,0.,0.,1.,0.,0.,0.;                                           0001789P0002439
110,0.414,0.,-0.41,0.414,0.,0.;                                  0001791P0002440
142,0,1785,1795,1805,3;                                          0001793P0002441
102,4,1797,1799,1801,1803;                                       0001795P0002442
110,0.,6.283185307,0.,-5.293242165E-16,5.305800926,0.;           0001797P0002443
110,-7.771561172E-16,5.305800926,0.,1.,5.305800926,0.;           0001799P0002444
110,1.,5.305800926,0.,1.,6.283185307,0.;                         0001801P0002445
110,1.,6.283185307,0.,-2.220446049E-16,6.283185307,0.;           0001803P0002446
102,4,1807,1811,1813,1817;                                       0001805P0002447
100,0.,0.,0.,0.414,0.,0.231505862,0.343221555;                   0001807P0002448
124,0.,0.,-1.,2.11,0.559192903,0.829037573,0.,-0.414,            0001809P0002449
0.829037573,-0.559192903,0.,3.981704475;                         0001809P0002450
110,2.11,0.,3.981704475,1.7,0.,3.981704475;                      0001811P0002451
100,0.,0.,0.,0.231505862,-0.343221555,0.414,0.;                  0001813P0002452
124,0.,0.,1.,1.7,0.559192903,-0.829037573,-0.,-0.414,            0001815P0002453
0.829037573,0.559192903,0.,3.981704475;                          0001815P0002454
110,1.7,-0.182494138,4.32492603,2.11,-0.182494138,4.32492603;    0001817P0002455
144,1821,1,0,1823;                                               0001819P0002456
108,0.,1.,0.,0.,0,1.7,0.,3.75,0.;                                0001821P0002457
142,0,1821,0,1825,2;                                             0001823P0002458
102,4,1827,1829,1831,1833;                                       0001825P0002459
110,1.7,0.,3.981704475,2.11,0.,3.981704475;                      0001827P0002460
110,2.11,0.,3.981704475,2.11,0.,3.75;                            0001829P0002461
110,2.11,0.,3.75,1.7,0.,3.75;                                    0001831P0002462
110,1.7,0.,3.75,1.7,0.,3.981704475;                              0001833P0002463
144,1837,1,0,1839;                                               0001835P0002464
108,0.,0.,-1.,-3.75,0,1.7,-0.254,3.75,0.;                        0001837P0002465
142,0,1837,0,1841,2;                                             0001839P0002466
102,4,1843,1845,1847,1849;                                       0001841P0002467
110,1.7,0.,3.75,2.11,0.,3.75;                                    0001843P0002468
110,2.11,0.,3.75,2.11,-0.254,3.75;                               0001845P0002469
110,2.11,-0.254,3.75,1.7,-0.254,3.75;                            0001847P0002470
110,1.7,-0.254,3.75,1.7,0.,3.75;                                 0001849P0002471
144,1853,1,0,1855;                                               0001851P0002472
108,0.,-1.,0.,0.254,0,1.7,-0.254,4.066777984,0.;                 0001853P0002473
142,0,1853,0,1857,2;                                             0001855P0002474
102,4,1859,1861,1863,1865;                                       0001857P0002475
110,1.7,-0.254,3.75,2.11,-0.254,3.75;                            0001859P0002476
110,2.11,-0.254,3.75,2.11,-0.254,3.981704475;                    0001861P0002477
110,2.11,-0.254,3.981704475,1.7,-0.254,3.981704475;              0001863P0002478
110,1.7,-0.254,3.981704475,1.7,-0.254,3.75;                      0001865P0002479
144,1869,1,0,1877;                                               0001867P0002480
120,1873,1875,0.,0.977384381;                                    0001869P0002481
124,0.,0.,1.,1.7,1.,0.,0.,-0.414,0.,-1.,0.,3.981704475;          0001871P0002482
110,0.,0.,1.,0.,0.,0.;                                           0001873P0002483
110,0.16,0.,0.,0.16,0.,0.41;                                     0001875P0002484
142,0,1869,1879,1889,3;                                          0001877P0002485
102,4,1881,1883,1885,1887;                                       0001879P0002486
110,1.,1.776356839E-15,0.,1.,0.977384381,0.;                     0001881P0002487
110,1.,0.977384381,0.,-2.873474318E-15,0.977384381,0.;           0001883P0002488
110,-2.873474318E-15,0.977384381,0.,-3.402798535E-15,            0001885P0002489
1.776356839E-15,0.;                                              0001885P0002490
110,-3.402798535E-15,1.776356839E-15,0.,1.,1.867395127E-15,0.;   0001887P0002491
102,4,1891,1895,1897,1901;                                       0001889P0002492
100,0.,0.,0.,0.16,0.,8.947086456E-02,0.132646012;                0001891P0002493
124,0.,0.,1.,2.11,1.,0.,0.,-0.414,0.,1.,0.,3.981704475;          0001893P0002494
110,2.11,-0.324529135,4.114350487,1.7,-0.324529135,4.114350487;  0001895P0002495
100,0.,0.,0.,8.947086456E-02,-0.132646012,0.16,0.;               0001897P0002496
124,0.,0.,-1.,1.7,1.,0.,0.,-0.414,0.,-1.,-0.,3.981704475;        0001899P0002497
110,1.7,-0.254,3.981704475,2.11,-0.254,3.981704475;              0001901P0002498
144,1905,1,0,1913;                                               0001903P0002499
120,1909,1911,0.,0.907571211;                                    0001905P0002500
124,0.,0.,1.,1.7,-0.99756405,-6.975647374E-02,0.,-1.228153501,   0001907P0002501
-6.975647374E-02,0.99756405,0.,5.223227048;                      0001907P0002502
110,0.,0.,1.,0.,0.,0.;                                           0001909P0002503
110,0.16,0.,0.,0.16,0.,0.41;                                     0001911P0002504
142,0,1905,1915,1925,3;                                          0001913P0002505
102,4,1917,1919,1921,1923;                                       0001915P0002506
110,1.,1.776356839E-15,0.,1.,0.907571211,0.;                     0001917P0002507
110,1.,0.907571211,0.,-2.911283191E-15,0.907571211,0.;           0001919P0002508
110,-2.911283191E-15,0.907571211,0.,-3.402798535E-15,            0001921P0002509
1.776356839E-15,0.;                                              0001921P0002510
110,-3.402798535E-15,1.776356839E-15,0.,1.,1.867395127E-15,0.;   0001923P0002511
102,4,1927,1931,1933,1937;                                       0001925P0002512
100,0.,0.,0.,0.16,0.,9.850583605E-02,0.126081721;                0001927P0002513
124,0.,0.,1.,2.11,-0.99756405,6.975647374E-02,0.,-1.228153501,   0001929P0002514
-6.975647374E-02,-0.99756405,0.,5.223227048;                     0001929P0002515
110,2.11,-1.317624366,5.090581036,1.7,-1.317624366,5.090581036;  0001931P0002516
100,0.,0.,0.,9.850583605E-02,-0.126081721,0.16,0.;               0001933P0002517
124,0.,0.,-1.,1.7,-0.99756405,-6.975647374E-02,0.,-1.228153501,  0001935P0002518
-6.975647374E-02,0.99756405,-0.,5.223227048;                     0001935P0002519
110,1.7,-1.387763749,5.212066012,2.11,-1.387763749,5.212066012;  0001937P0002520
144,1941,1,0,1943;                                               0001939P0002521
108,0.,0.99756405,6.975647374E-02,-1.02080788,0,1.7,             0001941P0002522
-1.382320148,5.134218893,0.;                                     0001941P0002523
142,0,1941,0,1945,2;                                             0001943P0002524
102,4,1947,1949,1951,1953;                                       0001945P0002525
110,1.7,-1.426618731,5.767718144,2.11,-1.426618731,5.767718144;  0001947P0002526
110,2.11,-1.426618731,5.767718144,2.11,-1.387763749,5.212066012; 0001949P0002527
110,2.11,-1.387763749,5.212066012,1.7,-1.387763749,5.212066012;  0001951P0002528
110,1.7,-1.387763749,5.212066012,1.7,-1.426618731,5.767718144;   0001953P0002529
144,1957,1,0,1959;                                               0001955P0002530
108,0.,-6.975647374E-02,0.99756405,5.853184165,0,1.7,            0001957P0002531
-1.426618731,5.767718144,0.;                                     0001957P0002532
142,0,1957,0,1961,2;                                             0001959P0002533
102,4,1963,1965,1967,1969;                                       0001961P0002534
110,1.7,-1.68,5.75,2.11,-1.68,5.75;                              0001963P0002535
110,2.11,-1.68,5.75,2.11,-1.426618731,5.767718144;               0001965P0002536
110,2.11,-1.426618731,5.767718144,1.7,-1.426618731,5.767718144;  0001967P0002537
110,1.7,-1.426618731,5.767718144,1.7,-1.68,5.75;                 0001969P0002538
144,1973,1,0,1975;                                               0001971P0002539
108,0.,-0.99756405,-6.975647374E-02,1.27480788,0,1.7,-1.68,5.75, 0001973P0002540
0.;                                                              0001973P0002541
142,0,1973,0,1977,2;                                             0001975P0002542
102,4,1979,1981,1983,1985;                                       0001977P0002543
110,1.7,-1.641145018,5.194347868,2.11,-1.641145018,5.194347868;  0001979P0002544
110,2.11,-1.641145018,5.194347868,2.11,-1.68,5.75;               0001981P0002545
110,2.11,-1.68,5.75,1.7,-1.68,5.75;                              0001983P0002546
110,1.7,-1.68,5.75,1.7,-1.641145018,5.194347868;                 0001985P0002547
144,1989,1,0,1997;                                               0001987P0002548
120,1993,1995,5.375614096,6.283185307;                           0001989P0002549
124,0.,0.,-1.,1.7,-0.559192903,-0.829037573,0.,-1.228153501,     0001991P0002550
-0.829037573,0.559192903,0.,5.223227048;                         0001991P0002551
110,0.,0.,1.,0.,0.,0.;                                           0001993P0002552
110,0.414,0.,-0.41,0.414,0.,0.;                                  0001995P0002553
142,0,1989,1999,2009,3;                                          0001997P0002554
102,4,2001,2003,2005,2007;                                       0001999P0002555
110,0.,6.283185307,0.,-4.915153439E-16,5.375614096,0.;           0002001P0002556
110,-7.771561172E-16,5.375614096,0.,1.,5.375614096,0.;           0002003P0002557
110,1.,5.375614096,0.,1.,6.283185307,0.;                         0002005P0002558
110,1.,6.283185307,0.,-2.220446049E-16,6.283185307,0.;           0002007P0002559
102,4,2011,2015,2017,2021;                                       0002009P0002560
100,0.,0.,0.,0.414,0.,0.254883851,0.326236452;                   0002011P0002561
124,0.,0.,-1.,2.11,-0.559192903,-0.829037573,0.,-1.228153501,    0002013P0002562
-0.829037573,0.559192903,0.,5.223227048;                         0002013P0002563
110,2.11,-1.641145018,5.194347868,1.7,-1.641145018,5.194347868;  0002015P0002564
100,0.,0.,0.,0.254883851,-0.326236452,0.414,0.;                  0002017P0002565
124,0.,0.,1.,1.7,-0.559192903,0.829037573,-0.,-1.228153501,      0002019P0002566
-0.829037573,-0.559192903,0.,5.223227048;                        0002019P0002567
110,1.7,-1.459659363,4.880005493,2.11,-1.459659363,4.880005493;  0002021P0002568
402,14,2025,2065,2081,2121,2137,2173,2189,2205,2221,2257,2293,   0002023P0002569
2309,2325,2341,0,1,4521;                                         0002023P0002570
144,2027,1,0,2029;                                               0002025P0002571
108,-1.,-0.,-0.,-0.43,0,0.43,-1.43,4.86,0.;                      0002027P0002572
142,0,2027,0,2031,2;                                             0002029P0002573
102,12,2033,2037,2039,2041,2043,2047,2049,2053,2055,2057,2059,   0002031P0002574
2063;                                                            0002031P0002575
100,0.,0.,0.,0.414,0.,0.254883851,0.326236452;                   0002033P0002576
124,0.,0.,-1.,0.43,-0.559192903,-0.829037573,0.,-1.228153501,    0002035P0002577
-0.829037573,0.559192903,0.,5.223227048;                         0002035P0002578
110,0.43,-1.641145018,5.194347868,0.43,-1.68,5.75;               0002037P0002579
110,0.43,-1.68,5.75,0.43,-1.426618731,5.767718144;               0002039P0002580
110,0.43,-1.426618731,5.767718144,0.43,-1.387763749,5.212066012; 0002041P0002581
100,0.,0.,0.,0.16,0.,9.850583605E-02,0.126081721;                0002043P0002582
124,0.,0.,1.,0.43,-0.99756405,6.975647374E-02,0.,-1.228153501,   0002045P0002583
-6.975647374E-02,-0.99756405,0.,5.223227048;                     0002045P0002584
110,0.43,-1.317624366,5.090581036,0.43,-0.182494138,4.32492603;  0002047P0002585
100,0.,0.,0.,0.414,0.,0.231505862,0.343221555;                   0002049P0002586
124,0.,0.,-1.,0.43,0.559192903,0.829037573,0.,-0.414,            0002051P0002587
0.829037573,-0.559192903,0.,3.981704475;                         0002051P0002588
110,0.43,0.,3.981704475,0.43,0.,3.75;                            0002053P0002589
110,0.43,0.,3.75,0.43,-0.254,3.75;                               0002055P0002590
110,0.43,-0.254,3.75,0.43,-0.254,3.981704475;                    0002057P0002591
100,0.,0.,0.,0.16,0.,8.947086456E-02,0.132646012;                0002059P0002592
124,0.,0.,1.,0.43,1.,0.,0.,-0.414,0.,1.,0.,3.981704475;          0002061P0002593
110,0.43,-0.324529135,4.114350487,0.43,-1.459659363,4.880005493; 0002063P0002594
144,2067,1,0,2069;                                               0002065P0002595
108,0.,-0.559192903,-0.829037573,-3.229476751,0,0.43,            0002067P0002596
-1.627059701,4.992918446,0.;                                     0002067P0002597
142,0,2067,0,2071,2;                                             0002069P0002598
102,4,2073,2075,2077,2079;                                       0002071P0002599
110,0.84,-1.459659363,4.880005493,0.43,-1.459659363,4.880005493; 0002073P0002600
110,0.43,-1.459659363,4.880005493,0.43,-0.324529135,4.114350487; 0002075P0002601
110,0.43,-0.324529135,4.114350487,0.84,-0.324529135,4.114350487; 0002077P0002602
110,0.84,-0.324529135,4.114350487,0.84,-1.459659363,4.880005493; 0002079P0002603
144,2083,1,0,2085;                                               0002081P0002604
108,1.,0.,0.,0.84,0,0.84,-1.43,4.86,0.;                          0002083P0002605
142,0,2083,0,2087,2;                                             0002085P0002606
102,12,2089,2093,2095,2097,2099,2103,2105,2109,2111,2113,2115,   0002087P0002607
2119;                                                            0002087P0002608
100,0.,0.,0.,9.850583605E-02,-0.126081721,0.16,0.;               0002089P0002609
124,0.,0.,-1.,0.84,-0.99756405,-6.975647374E-02,0.,-1.228153501, 0002091P0002610
-6.975647374E-02,0.99756405,-0.,5.223227048;                     0002091P0002611
110,0.84,-1.387763749,5.212066012,0.84,-1.426618731,5.767718144; 0002093P0002612
110,0.84,-1.426618731,5.767718144,0.84,-1.68,5.75;               0002095P0002613
110,0.84,-1.68,5.75,0.84,-1.641145018,5.194347868;               0002097P0002614
100,0.,0.,0.,0.254883851,-0.326236452,0.414,0.;                  0002099P0002615
124,0.,0.,1.,0.84,-0.559192903,0.829037573,-0.,-1.228153501,     0002101P0002616
-0.829037573,-0.559192903,0.,5.223227048;                        0002101P0002617
110,0.84,-1.459659363,4.880005493,0.84,-0.324529135,4.114350487; 0002103P0002618
100,0.,0.,0.,8.947086456E-02,-0.132646012,0.16,0.;               0002105P0002619
124,0.,0.,-1.,0.84,1.,0.,0.,-0.414,0.,-1.,-0.,3.981704475;       0002107P0002620
110,0.84,-0.254,3.981704475,0.84,-0.254,3.75;                    0002109P0002621
110,0.84,-0.254,3.75,0.84,0.,3.75;                               0002111P0002622
110,0.84,0.,3.75,0.84,0.,3.981704475;                            0002113P0002623
100,0.,0.,0.,0.231505862,-0.343221555,0.414,0.;                  0002115P0002624
124,0.,0.,1.,0.84,0.559192903,-0.829037573,-0.,-0.414,           0002117P0002625
0.829037573,0.559192903,0.,3.981704475;                          0002117P0002626
110,0.84,-0.182494138,4.32492603,0.84,-1.317624366,5.090581036;  0002119P0002627
144,2123,1,0,2125;                                               0002121P0002628
108,0.,0.559192903,0.829037573,3.483476751,0,0.43,-1.287965003,  0002123P0002629
5.070575543,0.;                                                  0002123P0002630
142,0,2123,0,2127,2;                                             0002125P0002631
102,4,2129,2131,2133,2135;                                       0002127P0002632
110,0.43,-1.317624366,5.090581036,0.84,-1.317624366,5.090581036; 0002129P0002633
110,0.84,-1.317624366,5.090581036,0.84,-0.182494138,4.32492603;  0002131P0002634
110,0.84,-0.182494138,4.32492603,0.43,-0.182494138,4.32492603;   0002133P0002635
110,0.43,-0.182494138,4.32492603,0.43,-1.317624366,5.090581036;  0002135P0002636
144,2139,1,0,2147;                                               0002137P0002637
120,2143,2145,5.305800926,6.283185307;                           0002139P0002638
124,0.,0.,-1.,0.43,0.559192903,0.829037573,0.,-0.414,            0002141P0002639
0.829037573,-0.559192903,0.,3.981704475;                         0002141P0002640
110,0.,0.,1.,0.,0.,0.;                                           0002143P0002641
110,0.414,0.,-0.41,0.414,0.,0.;                                  0002145P0002642
142,0,2139,2149,2159,3;                                          0002147P0002643
102,4,2151,2153,2155,2157;                                       0002149P0002644
110,0.,6.283185307,0.,-5.293242165E-16,5.305800926,0.;           0002151P0002645
110,-7.771561172E-16,5.305800926,0.,1.,5.305800926,0.;           0002153P0002646
110,1.,5.305800926,0.,1.,6.283185307,0.;                         0002155P0002647
110,1.,6.283185307,0.,-2.220446049E-16,6.283185307,0.;           0002157P0002648
102,4,2161,2165,2167,2171;                                       0002159P0002649
100,0.,0.,0.,0.414,0.,0.231505862,0.343221555;                   0002161P0002650
124,0.,0.,-1.,0.84,0.559192903,0.829037573,0.,-0.414,            0002163P0002651
0.829037573,-0.559192903,0.,3.981704475;                         0002163P0002652
110,0.84,0.,3.981704475,0.43,0.,3.981704475;                     0002165P0002653
100,0.,0.,0.,0.231505862,-0.343221555,0.414,0.;                  0002167P0002654
124,0.,0.,1.,0.43,0.559192903,-0.829037573,-0.,-0.414,           0002169P0002655
0.829037573,0.559192903,0.,3.981704475;                          0002169P0002656
110,0.43,-0.182494138,4.32492603,0.84,-0.182494138,4.32492603;   0002171P0002657
144,2175,1,0,2177;                                               0002173P0002658
108,0.,1.,0.,0.,0,0.43,0.,3.75,0.;                               0002175P0002659
142,0,2175,0,2179,2;                                             0002177P0002660
102,4,2181,2183,2185,2187;                                       0002179P0002661
110,0.43,0.,3.981704475,0.84,0.,3.981704475;                     0002181P0002662
110,0.84,0.,3.981704475,0.84,0.,3.75;                            0002183P0002663
110,0.84,0.,3.75,0.43,0.,3.75;                                   0002185P0002664
110,0.43,0.,3.75,0.43,0.,3.981704475;                            0002187P0002665
144,2191,1,0,2193;                                               0002189P0002666
108,0.,0.,-1.,-3.75,0,0.43,-0.254,3.75,0.;                       0002191P0002667
142,0,2191,0,2195,2;                                             0002193P0002668
102,4,2197,2199,2201,2203;                                       0002195P0002669
110,0.43,0.,3.75,0.84,0.,3.75;                                   0002197P0002670
110,0.84,0.,3.75,0.84,-0.254,3.75;                               0002199P0002671
110,0.84,-0.254,3.75,0.43,-0.254,3.75;                           0002201P0002672
110,0.43,-0.254,3.75,0.43,0.,3.75;                               0002203P0002673
144,2207,1,0,2209;                                               0002205P0002674
108,0.,-1.,0.,0.254,0,0.43,-0.254,4.066777984,0.;                0002207P0002675
142,0,2207,0,2211,2;                                             0002209P0002676
102,4,2213,2215,2217,2219;                                       0002211P0002677
110,0.43,-0.254,3.75,0.84,-0.254,3.75;                           0002213P0002678
110,0.84,-0.254,3.75,0.84,-0.254,3.981704475;                    0002215P0002679
110,0.84,-0.254,3.981704475,0.43,-0.254,3.981704475;             0002217P0002680
110,0.43,-0.254,3.981704475,0.43,-0.254,3.75;                    0002219P0002681
144,2223,1,0,2231;                                               0002221P0002682
120,2227,2229,0.,0.977384381;                                    0002223P0002683
124,0.,0.,1.,0.43,1.,0.,0.,-0.414,0.,-1.,0.,3.981704475;         0002225P0002684
110,0.,0.,1.,0.,0.,0.;                                           0002227P0002685
110,0.16,0.,0.,0.16,0.,0.41;                                     0002229P0002686
142,0,2223,2233,2243,3;                                          0002231P0002687
102,4,2235,2237,2239,2241;                                       0002233P0002688
110,1.,1.776356839E-15,0.,1.,0.977384381,0.;                     0002235P0002689
110,1.,0.977384381,0.,-2.873474318E-15,0.977384381,0.;           0002237P0002690
110,-2.873474318E-15,0.977384381,0.,-3.402798535E-15,            0002239P0002691
1.776356839E-15,0.;                                              0002239P0002692
110,-3.402798535E-15,1.776356839E-15,0.,1.,1.867395127E-15,0.;   0002241P0002693
102,4,2245,2249,2251,2255;                                       0002243P0002694
100,0.,0.,0.,0.16,0.,8.947086456E-02,0.132646012;                0002245P0002695
124,0.,0.,1.,0.84,1.,0.,0.,-0.414,0.,1.,0.,3.981704475;          0002247P0002696
110,0.84,-0.324529135,4.114350487,0.43,-0.324529135,4.114350487; 0002249P0002697
100,0.,0.,0.,8.947086456E-02,-0.132646012,0.16,0.;               0002251P0002698
124,0.,0.,-1.,0.43,1.,0.,0.,-0.414,0.,-1.,-0.,3.981704475;       0002253P0002699
110,0.43,-0.254,3.981704475,0.84,-0.254,3.981704475;             0002255P0002700
144,2259,1,0,2267;                                               0002257P0002701
120,2263,2265,0.,0.907571211;                                    0002259P0002702
124,0.,0.,1.,0.43,-0.99756405,-6.975647374E-02,0.,-1.228153501,  0002261P0002703
-6.975647374E-02,0.99756405,0.,5.223227048;                      0002261P0002704
110,0.,0.,1.,0.,0.,0.;                                           0002263P0002705
110,0.16,0.,0.,0.16,0.,0.41;                                     0002265P0002706
142,0,2259,2269,2279,3;                                          0002267P0002707
102,4,2271,2273,2275,2277;                                       0002269P0002708
110,1.,1.776356839E-15,0.,1.,0.907571211,0.;                     0002271P0002709
110,1.,0.907571211,0.,-2.911283191E-15,0.907571211,0.;           0002273P0002710
110,-2.911283191E-15,0.907571211,0.,-3.402798535E-15,            0002275P0002711
1.776356839E-15,0.;                                              0002275P0002712
110,-3.402798535E-15,1.776356839E-15,0.,1.,1.867395127E-15,0.;   0002277P0002713
102,4,2281,2285,2287,2291;                                       0002279P0002714
100,0.,0.,0.,0.16,0.,9.850583605E-02,0.126081721;                0002281P0002715
124,0.,0.,1.,0.84,-0.99756405,6.975647374E-02,0.,-1.228153501,   0002283P0002716
-6.975647374E-02,-0.99756405,0.,5.223227048;                     0002283P0002717
110,0.84,-1.317624366,5.090581036,0.43,-1.317624366,5.090581036; 0002285P0002718
100,0.,0.,0.,9.850583605E-02,-0.126081721,0.16,0.;               0002287P0002719
124,0.,0.,-1.,0.43,-0.99756405,-6.975647374E-02,0.,-1.228153501, 0002289P0002720
-6.975647374E-02,0.99756405,-0.,5.223227048;                     0002289P0002721
110,0.43,-1.387763749,5.212066012,0.84,-1.387763749,5.212066012; 0002291P0002722
144,2295,1,0,2297;                                               0002293P0002723
108,0.,0.99756405,6.975647374E-02,-1.02080788,0,0.43,            0002295P0002724
-1.382320148,5.134218893,0.;                                     0002295P0002725
142,0,2295,0,2299,2;                                             0002297P0002726
102,4,2301,2303,2305,2307;                                       0002299P0002727
110,0.43,-1.426618731,5.767718144,0.84,-1.426618731,5.767718144; 0002301P0002728
110,0.84,-1.426618731,5.767718144,0.84,-1.387763749,5.212066012; 0002303P0002729
110,0.84,-1.387763749,5.212066012,0.43,-1.387763749,5.212066012; 0002305P0002730
110,0.43,-1.387763749,5.212066012,0.43,-1.426618731,5.767718144; 0002307P0002731
144,2311,1,0,2313;                                               0002309P0002732
108,0.,-6.975647374E-02,0.99756405,5.853184165,0,0.43,           0002311P0002733
-1.426618731,5.767718144,0.;                                     0002311P0002734
142,0,2311,0,2315,2;                                             0002313P0002735
102,4,2317,2319,2321,2323;                                       0002315P0002736
110,0.43,-1.68,5.75,0.84,-1.68,5.75;                             0002317P0002737
110,0.84,-1.68,5.75,0.84,-1.426618731,5.767718144;               0002319P0002738
110,0.84,-1.426618731,5.767718144,0.43,-1.426618731,5.767718144; 0002321P0002739
110,0.43,-1.426618731,5.767718144,0.43,-1.68,5.75;               0002323P0002740
144,2327,1,0,2329;                                               0002325P0002741
108,0.,-0.99756405,-6.975647374E-02,1.27480788,0,0.43,-1.68,     0002327P0002742
5.75,0.;                                                         0002327P0002743
142,0,2327,0,2331,2;                                             0002329P0002744
102,4,2333,2335,2337,2339;                                       0002331P0002745
110,0.43,-1.641145018,5.194347868,0.84,-1.641145018,5.194347868; 0002333P0002746
110,0.84,-1.641145018,5.194347868,0.84,-1.68,5.75;               0002335P0002747
110,0.84,-1.68,5.75,0.43,-1.68,5.75;                             0002337P0002748
110,0.43,-1.68,5.75,0.43,-1.641145018,5.194347868;               0002339P0002749
144,2343,1,0,2351;                                               0002341P0002750
120,2347,2349,5.375614096,6.283185307;                           0002343P0002751
124,0.,0.,-1.,0.43,-0.559192903,-0.829037573,0.,-1.228153501,    0002345P0002752
-0.829037573,0.559192903,0.,5.223227048;                         0002345P0002753
110,0.,0.,1.,0.,0.,0.;                                           0002347P0002754
110,0.414,0.,-0.41,0.414,0.,0.;                                  0002349P0002755
142,0,2343,2353,2363,3;                                          0002351P0002756
102,4,2355,2357,2359,2361;                                       0002353P0002757
110,0.,6.283185307,0.,-4.915153439E-16,5.375614096,0.;           0002355P0002758
110,-7.771561172E-16,5.375614096,0.,1.,5.375614096,0.;           0002357P0002759
110,1.,5.375614096,0.,1.,6.283185307,0.;                         0002359P0002760
110,1.,6.283185307,0.,-2.220446049E-16,6.283185307,0.;           0002361P0002761
102,4,2365,2369,2371,2375;                                       0002363P0002762
100,0.,0.,0.,0.414,0.,0.254883851,0.326236452;                   0002365P0002763
124,0.,0.,-1.,0.84,-0.559192903,-0.829037573,0.,-1.228153501,    0002367P0002764
-0.829037573,0.559192903,0.,5.223227048;                         0002367P0002765
110,0.84,-1.641145018,5.194347868,0.43,-1.641145018,5.194347868; 0002369P0002766
100,0.,0.,0.,0.254883851,-0.326236452,0.414,0.;                  0002371P0002767
124,0.,0.,1.,0.43,-0.559192903,0.829037573,-0.,-1.228153501,     0002373P0002768
-0.829037573,-0.559192903,0.,5.223227048;                        0002373P0002769
110,0.43,-1.459659363,4.880005493,0.84,-1.459659363,4.880005493; 0002375P0002770
402,14,2379,2419,2435,2475,2491,2527,2543,2559,2575,2611,2647,   0002377P0002771
2663,2679,2695,0,1,4509;                                         0002377P0002772
144,2381,1,0,2383;                                               0002379P0002773
108,-1.,-0.,-0.,0.84,0,-0.84,-1.43,4.86,0.;                      0002381P0002774
142,0,2381,0,2385,2;                                             0002383P0002775
102,12,2387,2391,2393,2395,2397,2401,2403,2407,2409,2411,2413,   0002385P0002776
2417;                                                            0002385P0002777
100,0.,0.,0.,0.414,0.,0.254883851,0.326236452;                   0002387P0002778
124,0.,0.,-1.,-0.84,-0.559192903,-0.829037573,0.,-1.228153501,   0002389P0002779
-0.829037573,0.559192903,0.,5.223227048;                         0002389P0002780
110,-0.84,-1.641145018,5.194347868,-0.84,-1.68,5.75;             0002391P0002781
110,-0.84,-1.68,5.75,-0.84,-1.426618731,5.767718144;             0002393P0002782
110,-0.84,-1.426618731,5.767718144,-0.84,-1.387763749,           0002395P0002783
5.212066012;                                                     0002395P0002784
100,0.,0.,0.,0.16,0.,9.850583605E-02,0.126081721;                0002397P0002785
124,0.,0.,1.,-0.84,-0.99756405,6.975647374E-02,0.,-1.228153501,  0002399P0002786
-6.975647374E-02,-0.99756405,0.,5.223227048;                     0002399P0002787
110,-0.84,-1.317624366,5.090581036,-0.84,-0.182494138,           0002401P0002788
4.32492603;                                                      0002401P0002789
100,0.,0.,0.,0.414,0.,0.231505862,0.343221555;                   0002403P0002790
124,0.,0.,-1.,-0.84,0.559192903,0.829037573,0.,-0.414,           0002405P0002791
0.829037573,-0.559192903,0.,3.981704475;                         0002405P0002792
110,-0.84,0.,3.981704475,-0.84,0.,3.75;                          0002407P0002793
110,-0.84,0.,3.75,-0.84,-0.254,3.75;                             0002409P0002794
110,-0.84,-0.254,3.75,-0.84,-0.254,3.981704475;                  0002411P0002795
100,0.,0.,0.,0.16,0.,8.947086456E-02,0.132646012;                0002413P0002796
124,0.,0.,1.,-0.84,1.,0.,0.,-0.414,0.,1.,0.,3.981704475;         0002415P0002797
110,-0.84,-0.324529135,4.114350487,-0.84,-1.459659363,           0002417P0002798
4.880005493;                                                     0002417P0002799
144,2421,1,0,2423;                                               0002419P0002800
108,0.,-0.559192903,-0.829037573,-3.229476751,0,-0.84,           0002421P0002801
-1.627059701,4.992918446,0.;                                     0002421P0002802
142,0,2421,0,2425,2;                                             0002423P0002803
102,4,2427,2429,2431,2433;                                       0002425P0002804
110,-0.43,-1.459659363,4.880005493,-0.84,-1.459659363,           0002427P0002805
4.880005493;                                                     0002427P0002806
110,-0.84,-1.459659363,4.880005493,-0.84,-0.324529135,           0002429P0002807
4.114350487;                                                     0002429P0002808
110,-0.84,-0.324529135,4.114350487,-0.43,-0.324529135,           0002431P0002809
4.114350487;                                                     0002431P0002810
110,-0.43,-0.324529135,4.114350487,-0.43,-1.459659363,           0002433P0002811
4.880005493;                                                     0002433P0002812
144,2437,1,0,2439;                                               0002435P0002813
108,1.,0.,0.,-0.43,0,-0.43,-1.43,4.86,0.;                        0002437P0002814
142,0,2437,0,2441,2;                                             0002439P0002815
102,12,2443,2447,2449,2451,2453,2457,2459,2463,2465,2467,2469,   0002441P0002816
2473;                                                            0002441P0002817
100,0.,0.,0.,9.850583605E-02,-0.126081721,0.16,0.;               0002443P0002818
124,0.,0.,-1.,-0.43,-0.99756405,-6.975647374E-02,0.,             0002445P0002819
-1.228153501,-6.975647374E-02,0.99756405,-0.,5.223227048;        0002445P0002820
110,-0.43,-1.387763749,5.212066012,-0.43,-1.426618731,           0002447P0002821
5.767718144;                                                     0002447P0002822
110,-0.43,-1.426618731,5.767718144,-0.43,-1.68,5.75;             0002449P0002823
110,-0.43,-1.68,5.75,-0.43,-1.641145018,5.194347868;             0002451P0002824
100,0.,0.,0.,0.254883851,-0.326236452,0.414,0.;                  0002453P0002825
124,0.,0.,1.,-0.43,-0.559192903,0.829037573,-0.,-1.228153501,    0002455P0002826
-0.829037573,-0.559192903,0.,5.223227048;                        0002455P0002827
110,-0.43,-1.459659363,4.880005493,-0.43,-0.324529135,           0002457P0002828
4.114350487;                                                     0002457P0002829
100,0.,0.,0.,8.947086456E-02,-0.132646012,0.16,0.;               0002459P0002830
124,0.,0.,-1.,-0.43,1.,0.,0.,-0.414,0.,-1.,-0.,3.981704475;      0002461P0002831
110,-0.43,-0.254,3.981704475,-0.43,-0.254,3.75;                  0002463P0002832
110,-0.43,-0.254,3.75,-0.43,0.,3.75;                             0002465P0002833
110,-0.43,0.,3.75,-0.43,0.,3.981704475;                          0002467P0002834
100,0.,0.,0.,0.231505862,-0.343221555,0.414,0.;                  0002469P0002835
124,0.,0.,1.,-0.43,0.559192903,-0.829037573,-0.,-0.414,          0002471P0002836
0.829037573,0.559192903,0.,3.981704475;                          0002471P0002837
110,-0.43,-0.182494138,4.32492603,-0.43,-1.317624366,            0002473P0002838
5.090581036;                                                     0002473P0002839
144,2477,1,0,2479;                                               0002475P0002840
108,0.,0.559192903,0.829037573,3.483476751,0,-0.84,-1.287965003, 0002477P0002841
5.070575543,0.;                                                  0002477P0002842
142,0,2477,0,2481,2;                                             0002479P0002843
102,4,2483,2485,2487,2489;                                       0002481P0002844
110,-0.84,-1.317624366,5.090581036,-0.43,-1.317624366,           0002483P0002845
5.090581036;                                                     0002483P0002846
110,-0.43,-1.317624366,5.090581036,-0.43,-0.182494138,           0002485P0002847
4.32492603;                                                      0002485P0002848
110,-0.43,-0.182494138,4.32492603,-0.84,-0.182494138,4.32492603; 0002487P0002849
110,-0.84,-0.182494138,4.32492603,-0.84,-1.317624366,            0002489P0002850
5.090581036;                                                     0002489P0002851
144,2493,1,0,2501;                                               0002491P0002852
120,2497,2499,5.305800926,6.283185307;                           0002493P0002853
124,0.,0.,-1.,-0.84,0.559192903,0.829037573,0.,-0.414,           0002495P0002854
0.829037573,-0.559192903,0.,3.981704475;                         0002495P0002855
110,0.,0.,1.,0.,0.,0.;                                           0002497P0002856
110,0.414,0.,-0.41,0.414,0.,0.;                                  0002499P0002857
142,0,2493,2503,2513,3;                                          0002501P0002858
102,4,2505,2507,2509,2511;                                       0002503P0002859
110,0.,6.283185307,0.,-5.293242165E-16,5.305800926,0.;           0002505P0002860
110,-7.771561172E-16,5.305800926,0.,1.,5.305800926,0.;           0002507P0002861
110,1.,5.305800926,0.,1.,6.283185307,0.;                         0002509P0002862
110,1.,6.283185307,0.,-2.220446049E-16,6.283185307,0.;           0002511P0002863
102,4,2515,2519,2521,2525;                                       0002513P0002864
100,0.,0.,0.,0.414,0.,0.231505862,0.343221555;                   0002515P0002865
124,0.,0.,-1.,-0.43,0.559192903,0.829037573,0.,-0.414,           0002517P0002866
0.829037573,-0.559192903,0.,3.981704475;                         0002517P0002867
110,-0.43,0.,3.981704475,-0.84,0.,3.981704475;                   0002519P0002868
100,0.,0.,0.,0.231505862,-0.343221555,0.414,0.;                  0002521P0002869
124,0.,0.,1.,-0.84,0.559192903,-0.829037573,-0.,-0.414,          0002523P0002870
0.829037573,0.559192903,0.,3.981704475;                          0002523P0002871
110,-0.84,-0.182494138,4.32492603,-0.43,-0.182494138,4.32492603; 0002525P0002872
144,2529,1,0,2531;                                               0002527P0002873
108,0.,1.,0.,0.,0,-0.84,0.,3.75,0.;                              0002529P0002874
142,0,2529,0,2533,2;                                             0002531P0002875
102,4,2535,2537,2539,2541;                                       0002533P0002876
110,-0.84,0.,3.981704475,-0.43,0.,3.981704475;                   0002535P0002877
110,-0.43,0.,3.981704475,-0.43,0.,3.75;                          0002537P0002878
110,-0.43,0.,3.75,-0.84,0.,3.75;                                 0002539P0002879
110,-0.84,0.,3.75,-0.84,0.,3.981704475;                          0002541P0002880
144,2545,1,0,2547;                                               0002543P0002881
108,0.,0.,-1.,-3.75,0,-0.84,-0.254,3.75,0.;                      0002545P0002882
142,0,2545,0,2549,2;                                             0002547P0002883
102,4,2551,2553,2555,2557;                                       0002549P0002884
110,-0.84,0.,3.75,-0.43,0.,3.75;                                 0002551P0002885
110,-0.43,0.,3.75,-0.43,-0.254,3.75;                             0002553P0002886
110,-0.43,-0.254,3.75,-0.84,-0.254,3.75;                         0002555P0002887
110,-0.84,-0.254,3.75,-0.84,0.,3.75;                             0002557P0002888
144,2561,1,0,2563;                                               0002559P0002889
108,0.,-1.,0.,0.254,0,-0.84,-0.254,4.066777984,0.;               0002561P0002890
142,0,2561,0,2565,2;                                             0002563P0002891
102,4,2567,2569,2571,2573;                                       0002565P0002892
110,-0.84,-0.254,3.75,-0.43,-0.254,3.75;                         0002567P0002893
110,-0.43,-0.254,3.75,-0.43,-0.254,3.981704475;                  0002569P0002894
110,-0.43,-0.254,3.981704475,-0.84,-0.254,3.981704475;           0002571P0002895
110,-0.84,-0.254,3.981704475,-0.84,-0.254,3.75;                  0002573P0002896
144,2577,1,0,2585;                                               0002575P0002897
120,2581,2583,0.,0.977384381;                                    0002577P0002898
124,0.,0.,1.,-0.84,1.,0.,0.,-0.414,0.,-1.,0.,3.981704475;        0002579P0002899
110,0.,0.,1.,0.,0.,0.;                                           0002581P0002900
110,0.16,0.,0.,0.16,0.,0.41;                                     0002583P0002901
142,0,2577,2587,2597,3;                                          0002585P0002902
102,4,2589,2591,2593,2595;                                       0002587P0002903
110,1.,1.776356839E-15,0.,1.,0.977384381,0.;                     0002589P0002904
110,1.,0.977384381,0.,-2.873474318E-15,0.977384381,0.;           0002591P0002905
110,-2.873474318E-15,0.977384381,0.,-3.402798535E-15,            0002593P0002906
1.776356839E-15,0.;                                              0002593P0002907
110,-3.402798535E-15,1.776356839E-15,0.,1.,1.867395127E-15,0.;   0002595P0002908
102,4,2599,2603,2605,2609;                                       0002597P0002909
100,0.,0.,0.,0.16,0.,8.947086456E-02,0.132646012;                0002599P0002910
124,0.,0.,1.,-0.43,1.,0.,0.,-0.414,0.,1.,0.,3.981704475;         0002601P0002911
110,-0.43,-0.324529135,4.114350487,-0.84,-0.324529135,           0002603P0002912
4.114350487;                                                     0002603P0002913
100,0.,0.,0.,8.947086456E-02,-0.132646012,0.16,0.;               0002605P0002914
124,0.,0.,-1.,-0.84,1.,0.,0.,-0.414,0.,-1.,-0.,3.981704475;      0002607P0002915
110,-0.84,-0.254,3.981704475,-0.43,-0.254,3.981704475;           0002609P0002916
144,2613,1,0,2621;                                               0002611P0002917
120,2617,2619,0.,0.907571211;                                    0002613P0002918
124,0.,0.,1.,-0.84,-0.99756405,-6.975647374E-02,0.,-1.228153501, 0002615P0002919
-6.975647374E-02,0.99756405,0.,5.223227048;                      0002615P0002920
110,0.,0.,1.,0.,0.,0.;                                           0002617P0002921
110,0.16,0.,0.,0.16,0.,0.41;                                     0002619P0002922
142,0,2613,2623,2633,3;                                          0002621P0002923
102,4,2625,2627,2629,2631;                                       0002623P0002924
110,1.,1.776356839E-15,0.,1.,0.907571211,0.;                     0002625P0002925
110,1.,0.907571211,0.,-2.911283191E-15,0.907571211,0.;           0002627P0002926
110,-2.911283191E-15,0.907571211,0.,-3.402798535E-15,            0002629P0002927
1.776356839E-15,0.;                                              0002629P0002928
110,-3.402798535E-15,1.776356839E-15,0.,1.,1.867395127E-15,0.;   0002631P0002929
102,4,2635,2639,2641,2645;                                       0002633P0002930
100,0.,0.,0.,0.16,0.,9.850583605E-02,0.126081721;                0002635P0002931
124,0.,0.,1.,-0.43,-0.99756405,6.975647374E-02,0.,-1.228153501,  0002637P0002932
-6.975647374E-02,-0.99756405,0.,5.223227048;                     0002637P0002933
110,-0.43,-1.317624366,5.090581036,-0.84,-1.317624366,           0002639P0002934
5.090581036;                                                     0002639P0002935
100,0.,0.,0.,9.850583605E-02,-0.126081721,0.16,0.;               0002641P0002936
124,0.,0.,-1.,-0.84,-0.99756405,-6.975647374E-02,0.,             0002643P0002937
-1.228153501,-6.975647374E-02,0.99756405,-0.,5.223227048;        0002643P0002938
110,-0.84,-1.387763749,5.212066012,-0.43,-1.387763749,           0002645P0002939
5.212066012;                                                     0002645P0002940
144,2649,1,0,2651;                                               0002647P0002941
108,0.,0.99756405,6.975647374E-02,-1.02080788,0,-0.84,           0002649P0002942
-1.382320148,5.134218893,0.;                                     0002649P0002943
142,0,2649,0,2653,2;                                             0002651P0002944
102,4,2655,2657,2659,2661;                                       0002653P0002945
110,-0.84,-1.426618731,5.767718144,-0.43,-1.426618731,           0002655P0002946
5.767718144;                                                     0002655P0002947
110,-0.43,-1.426618731,5.767718144,-0.43,-1.387763749,           0002657P0002948
5.212066012;                                                     0002657P0002949
110,-0.43,-1.387763749,5.212066012,-0.84,-1.387763749,           0002659P0002950
5.212066012;                                                     0002659P0002951
110,-0.84,-1.387763749,5.212066012,-0.84,-1.426618731,           0002661P0002952
5.767718144;                                                     0002661P0002953
144,2665,1,0,2667;                                               0002663P0002954
108,0.,-6.975647374E-02,0.99756405,5.853184165,0,-0.84,          0002665P0002955
-1.426618731,5.767718144,0.;                                     0002665P0002956
142,0,2665,0,2669,2;                                             0002667P0002957
102,4,2671,2673,2675,2677;                                       0002669P0002958
110,-0.84,-1.68,5.75,-0.43,-1.68,5.75;                           0002671P0002959
110,-0.43,-1.68,5.75,-0.43,-1.426618731,5.767718144;             0002673P0002960
110,-0.43,-1.426618731,5.767718144,-0.84,-1.426618731,           0002675P0002961
5.767718144;                                                     0002675P0002962
110,-0.84,-1.426618731,5.767718144,-0.84,-1.68,5.75;             0002677P0002963
144,2681,1,0,2683;                                               0002679P0002964
108,0.,-0.99756405,-6.975647374E-02,1.27480788,0,-0.84,-1.68,    0002681P0002965
5.75,0.;                                                         0002681P0002966
142,0,2681,0,2685,2;                                             0002683P0002967
102,4,2687,2689,2691,2693;                                       0002685P0002968
110,-0.84,-1.641145018,5.194347868,-0.43,-1.641145018,           0002687P0002969
5.194347868;                                                     0002687P0002970
110,-0.43,-1.641145018,5.194347868,-0.43,-1.68,5.75;             0002689P0002971
110,-0.43,-1.68,5.75,-0.84,-1.68,5.75;                           0002691P0002972
110,-0.84,-1.68,5.75,-0.84,-1.641145018,5.194347868;             0002693P0002973
144,2697,1,0,2705;                                               0002695P0002974
120,2701,2703,5.375614096,6.283185307;                           0002697P0002975
124,0.,0.,-1.,-0.84,-0.559192903,-0.829037573,0.,-1.228153501,   0002699P0002976
-0.829037573,0.559192903,0.,5.223227048;                         0002699P0002977
110,0.,0.,1.,0.,0.,0.;                                           0002701P0002978
110,0.414,0.,-0.41,0.414,0.,0.;                                  0002703P0002979
142,0,2697,2707,2717,3;                                          0002705P0002980
102,4,2709,2711,2713,2715;                                       0002707P0002981
110,0.,6.283185307,0.,-4.915153439E-16,5.375614096,0.;           0002709P0002982
110,-7.771561172E-16,5.375614096,0.,1.,5.375614096,0.;           0002711P0002983
110,1.,5.375614096,0.,1.,6.283185307,0.;                         0002713P0002984
110,1.,6.283185307,0.,-2.220446049E-16,6.283185307,0.;           0002715P0002985
102,4,2719,2723,2725,2729;                                       0002717P0002986
100,0.,0.,0.,0.414,0.,0.254883851,0.326236452;                   0002719P0002987
124,0.,0.,-1.,-0.43,-0.559192903,-0.829037573,0.,-1.228153501,   0002721P0002988
-0.829037573,0.559192903,0.,5.223227048;                         0002721P0002989
110,-0.43,-1.641145018,5.194347868,-0.84,-1.641145018,           0002723P0002990
5.194347868;                                                     0002723P0002991
100,0.,0.,0.,0.254883851,-0.326236452,0.414,0.;                  0002725P0002992
124,0.,0.,1.,-0.84,-0.559192903,0.829037573,-0.,-1.228153501,    0002727P0002993
-0.829037573,-0.559192903,0.,5.223227048;                        0002727P0002994
110,-0.84,-1.459659363,4.880005493,-0.43,-1.459659363,           0002729P0002995
4.880005493;                                                     0002729P0002996
402,14,2733,2773,2789,2829,2845,2881,2897,2913,2929,2965,3001,   0002731P0002997
3017,3033,3049,0,1,4515;                                         0002731P0002998
144,2735,1,0,2737;                                               0002733P0002999
108,-1.,-0.,-0.,2.11,0,-2.11,-1.43,4.86,0.;                      0002735P0003000
142,0,2735,0,2739,2;                                             0002737P0003001
102,12,2741,2745,2747,2749,2751,2755,2757,2761,2763,2765,2767,   0002739P0003002
2771;                                                            0002739P0003003
100,0.,0.,0.,0.414,0.,0.254883851,0.326236452;                   0002741P0003004
124,0.,0.,-1.,-2.11,-0.559192903,-0.829037573,0.,-1.228153501,   0002743P0003005
-0.829037573,0.559192903,0.,5.223227048;                         0002743P0003006
110,-2.11,-1.641145018,5.194347868,-2.11,-1.68,5.75;             0002745P0003007
110,-2.11,-1.68,5.75,-2.11,-1.426618731,5.767718144;             0002747P0003008
110,-2.11,-1.426618731,5.767718144,-2.11,-1.387763749,           0002749P0003009
5.212066012;                                                     0002749P0003010
100,0.,0.,0.,0.16,0.,9.850583605E-02,0.126081721;                0002751P0003011
124,0.,0.,1.,-2.11,-0.99756405,6.975647374E-02,0.,-1.228153501,  0002753P0003012
-6.975647374E-02,-0.99756405,0.,5.223227048;                     0002753P0003013
110,-2.11,-1.317624366,5.090581036,-2.11,-0.182494138,           0002755P0003014
4.32492603;                                                      0002755P0003015
100,0.,0.,0.,0.414,0.,0.231505862,0.343221555;                   0002757P0003016
124,0.,0.,-1.,-2.11,0.559192903,0.829037573,0.,-0.414,           0002759P0003017
0.829037573,-0.559192903,0.,3.981704475;                         0002759P0003018
110,-2.11,0.,3.981704475,-2.11,0.,3.75;                          0002761P0003019
110,-2.11,0.,3.75,-2.11,-0.254,3.75;                             0002763P0003020
110,-2.11,-0.254,3.75,-2.11,-0.254,3.981704475;                  0002765P0003021
100,0.,0.,0.,0.16,0.,8.947086456E-02,0.132646012;                0002767P0003022
124,0.,0.,1.,-2.11,1.,0.,0.,-0.414,0.,1.,0.,3.981704475;         0002769P0003023
110,-2.11,-0.324529135,4.114350487,-2.11,-1.459659363,           0002771P0003024
4.880005493;                                                     0002771P0003025
144,2775,1,0,2777;                                               0002773P0003026
108,0.,-0.559192903,-0.829037573,-3.229476751,0,-2.11,           0002775P0003027
-1.627059701,4.992918446,0.;                                     0002775P0003028
142,0,2775,0,2779,2;                                             0002777P0003029
102,4,2781,2783,2785,2787;                                       0002779P0003030
110,-1.7,-1.459659363,4.880005493,-2.11,-1.459659363,            0002781P0003031
4.880005493;                                                     0002781P0003032
110,-2.11,-1.459659363,4.880005493,-2.11,-0.324529135,           0002783P0003033
4.114350487;                                                     0002783P0003034
110,-2.11,-0.324529135,4.114350487,-1.7,-0.324529135,            0002785P0003035
4.114350487;                                                     0002785P0003036
110,-1.7,-0.324529135,4.114350487,-1.7,-1.459659363,4.880005493; 0002787P0003037
144,2791,1,0,2793;                                               0002789P0003038
108,1.,0.,0.,-1.7,0,-1.7,-1.43,4.86,0.;                          0002791P0003039
142,0,2791,0,2795,2;                                             0002793P0003040
102,12,2797,2801,2803,2805,2807,2811,2813,2817,2819,2821,2823,   0002795P0003041
2827;                                                            0002795P0003042
100,0.,0.,0.,9.850583605E-02,-0.126081721,0.16,0.;               0002797P0003043
124,0.,0.,-1.,-1.7,-0.99756405,-6.975647374E-02,0.,-1.228153501, 0002799P0003044
-6.975647374E-02,0.99756405,-0.,5.223227048;                     0002799P0003045
110,-1.7,-1.387763749,5.212066012,-1.7,-1.426618731,5.767718144; 0002801P0003046
110,-1.7,-1.426618731,5.767718144,-1.7,-1.68,5.75;               0002803P0003047
110,-1.7,-1.68,5.75,-1.7,-1.641145018,5.194347868;               0002805P0003048
100,0.,0.,0.,0.254883851,-0.326236452,0.414,0.;                  0002807P0003049
124,0.,0.,1.,-1.7,-0.559192903,0.829037573,-0.,-1.228153501,     0002809P0003050
-0.829037573,-0.559192903,0.,5.223227048;                        0002809P0003051
110,-1.7,-1.459659363,4.880005493,-1.7,-0.324529135,4.114350487; 0002811P0003052
100,0.,0.,0.,8.947086456E-02,-0.132646012,0.16,0.;               0002813P0003053
124,0.,0.,-1.,-1.7,1.,0.,0.,-0.414,0.,-1.,-0.,3.981704475;       0002815P0003054
110,-1.7,-0.254,3.981704475,-1.7,-0.254,3.75;                    0002817P0003055
110,-1.7,-0.254,3.75,-1.7,0.,3.75;                               0002819P0003056
110,-1.7,0.,3.75,-1.7,0.,3.981704475;                            0002821P0003057
100,0.,0.,0.,0.231505862,-0.343221555,0.414,0.;                  0002823P0003058
124,0.,0.,1.,-1.7,0.559192903,-0.829037573,-0.,-0.414,           0002825P0003059
0.829037573,0.559192903,0.,3.981704475;                          0002825P0003060
110,-1.7,-0.182494138,4.32492603,-1.7,-1.317624366,5.090581036;  0002827P0003061
144,2831,1,0,2833;                                               0002829P0003062
108,0.,0.559192903,0.829037573,3.483476751,0,-2.11,-1.287965003, 0002831P0003063
5.070575543,0.;                                                  0002831P0003064
142,0,2831,0,2835,2;                                             0002833P0003065
102,4,2837,2839,2841,2843;                                       0002835P0003066
110,-2.11,-1.317624366,5.090581036,-1.7,-1.317624366,            0002837P0003067
5.090581036;                                                     0002837P0003068
110,-1.7,-1.317624366,5.090581036,-1.7,-0.182494138,4.32492603;  0002839P0003069
110,-1.7,-0.182494138,4.32492603,-2.11,-0.182494138,4.32492603;  0002841P0003070
110,-2.11,-0.182494138,4.32492603,-2.11,-1.317624366,            0002843P0003071
5.090581036;                                                     0002843P0003072
144,2847,1,0,2855;                                               0002845P0003073
120,2851,2853,5.305800926,6.283185307;                           0002847P0003074
124,0.,0.,-1.,-2.11,0.559192903,0.829037573,0.,-0.414,           0002849P0003075
0.829037573,-0.559192903,0.,3.981704475;                         0002849P0003076
110,0.,0.,1.,0.,0.,0.;                                           0002851P0003077
110,0.414,0.,-0.41,0.414,0.,0.;                                  0002853P0003078
142,0,2847,2857,2867,3;                                          0002855P0003079
102,4,2859,2861,2863,2865;                                       0002857P0003080
110,0.,6.283185307,0.,-5.293242165E-16,5.305800926,0.;           0002859P0003081
110,-7.771561172E-16,5.305800926,0.,1.,5.305800926,0.;           0002861P0003082
110,1.,5.305800926,0.,1.,6.283185307,0.;                         0002863P0003083
110,1.,6.283185307,0.,-2.220446049E-16,6.283185307,0.;           0002865P0003084
102,4,2869,2873,2875,2879;                                       0002867P0003085
100,0.,0.,0.,0.414,0.,0.231505862,0.343221555;                   0002869P0003086
124,0.,0.,-1.,-1.7,0.559192903,0.829037573,0.,-0.414,            0002871P0003087
0.829037573,-0.559192903,0.,3.981704475;                         0002871P0003088
110,-1.7,0.,3.981704475,-2.11,0.,3.981704475;                    0002873P0003089
100,0.,0.,0.,0.231505862,-0.343221555,0.414,0.;                  0002875P0003090
124,0.,0.,1.,-2.11,0.559192903,-0.829037573,-0.,-0.414,          0002877P0003091
0.829037573,0.559192903,0.,3.981704475;                          0002877P0003092
110,-2.11,-0.182494138,4.32492603,-1.7,-0.182494138,4.32492603;  0002879P0003093
144,2883,1,0,2885;                                               0002881P0003094
108,0.,1.,0.,0.,0,-2.11,0.,3.75,0.;                              0002883P0003095
142,0,2883,0,2887,2;                                             0002885P0003096
102,4,2889,2891,2893,2895;                                       0002887P0003097
110,-2.11,0.,3.981704475,-1.7,0.,3.981704475;                    0002889P0003098
110,-1.7,0.,3.981704475,-1.7,0.,3.75;                            0002891P0003099
110,-1.7,0.,3.75,-2.11,0.,3.75;                                  0002893P0003100
110,-2.11,0.,3.75,-2.11,0.,3.981704475;                          0002895P0003101
144,2899,1,0,2901;                                               0002897P0003102
108,0.,0.,-1.,-3.75,0,-2.11,-0.254,3.75,0.;                      0002899P0003103
142,0,2899,0,2903,2;                                             0002901P0003104
102,4,2905,2907,2909,2911;                                       0002903P0003105
110,-2.11,0.,3.75,-1.7,0.,3.75;                                  0002905P0003106
110,-1.7,0.,3.75,-1.7,-0.254,3.75;                               0002907P0003107
110,-1.7,-0.254,3.75,-2.11,-0.254,3.75;                          0002909P0003108
110,-2.11,-0.254,3.75,-2.11,0.,3.75;                             0002911P0003109
144,2915,1,0,2917;                                               0002913P0003110
108,0.,-1.,0.,0.254,0,-2.11,-0.254,4.066777984,0.;               0002915P0003111
142,0,2915,0,2919,2;                                             0002917P0003112
102,4,2921,2923,2925,2927;                                       0002919P0003113
110,-2.11,-0.254,3.75,-1.7,-0.254,3.75;                          0002921P0003114
110,-1.7,-0.254,3.75,-1.7,-0.254,3.981704475;                    0002923P0003115
110,-1.7,-0.254,3.981704475,-2.11,-0.254,3.981704475;            0002925P0003116
110,-2.11,-0.254,3.981704475,-2.11,-0.254,3.75;                  0002927P0003117
144,2931,1,0,2939;                                               0002929P0003118
120,2935,2937,0.,0.977384381;                                    0002931P0003119
124,0.,0.,1.,-2.11,1.,0.,0.,-0.414,0.,-1.,0.,3.981704475;        0002933P0003120
110,0.,0.,1.,0.,0.,0.;                                           0002935P0003121
110,0.16,0.,0.,0.16,0.,0.41;                                     0002937P0003122
142,0,2931,2941,2951,3;                                          0002939P0003123
102,4,2943,2945,2947,2949;                                       0002941P0003124
110,1.,1.776356839E-15,0.,1.,0.977384381,0.;                     0002943P0003125
110,1.,0.977384381,0.,-2.873474318E-15,0.977384381,0.;           0002945P0003126
110,-2.873474318E-15,0.977384381,0.,-3.402798535E-15,            0002947P0003127
1.776356839E-15,0.;                                              0002947P0003128
110,-3.402798535E-15,1.776356839E-15,0.,1.,1.867395127E-15,0.;   0002949P0003129
102,4,2953,2957,2959,2963;                                       0002951P0003130
100,0.,0.,0.,0.16,0.,8.947086456E-02,0.132646012;                0002953P0003131
124,0.,0.,1.,-1.7,1.,0.,0.,-0.414,0.,1.,0.,3.981704475;          0002955P0003132
110,-1.7,-0.324529135,4.114350487,-2.11,-0.324529135,            0002957P0003133
4.114350487;                                                     0002957P0003134
100,0.,0.,0.,8.947086456E-02,-0.132646012,0.16,0.;               0002959P0003135
124,0.,0.,-1.,-2.11,1.,0.,0.,-0.414,0.,-1.,-0.,3.981704475;      0002961P0003136
110,-2.11,-0.254,3.981704475,-1.7,-0.254,3.981704475;            0002963P0003137
144,2967,1,0,2975;                                               0002965P0003138
120,2971,2973,0.,0.907571211;                                    0002967P0003139
124,0.,0.,1.,-2.11,-0.99756405,-6.975647374E-02,0.,-1.228153501, 0002969P0003140
-6.975647374E-02,0.99756405,0.,5.223227048;                      0002969P0003141
110,0.,0.,1.,0.,0.,0.;                                           0002971P0003142
110,0.16,0.,0.,0.16,0.,0.41;                                     0002973P0003143
142,0,2967,2977,2987,3;                                          0002975P0003144
102,4,2979,2981,2983,2985;                                       0002977P0003145
110,1.,1.776356839E-15,0.,1.,0.907571211,0.;                     0002979P0003146
110,1.,0.907571211,0.,-2.911283191E-15,0.907571211,0.;           0002981P0003147
110,-2.911283191E-15,0.907571211,0.,-3.402798535E-15,            0002983P0003148
1.776356839E-15,0.;                                              0002983P0003149
110,-3.402798535E-15,1.776356839E-15,0.,1.,1.867395127E-15,0.;   0002985P0003150
102,4,2989,2993,2995,2999;                                       0002987P0003151
100,0.,0.,0.,0.16,0.,9.850583605E-02,0.126081721;                0002989P0003152
124,0.,0.,1.,-1.7,-0.99756405,6.975647374E-02,0.,-1.228153501,   0002991P0003153
-6.975647374E-02,-0.99756405,0.,5.223227048;                     0002991P0003154
110,-1.7,-1.317624366,5.090581036,-2.11,-1.317624366,            0002993P0003155
5.090581036;                                                     0002993P0003156
100,0.,0.,0.,9.850583605E-02,-0.126081721,0.16,0.;               0002995P0003157
124,0.,0.,-1.,-2.11,-0.99756405,-6.975647374E-02,0.,             0002997P0003158
-1.228153501,-6.975647374E-02,0.99756405,-0.,5.223227048;        0002997P0003159
110,-2.11,-1.387763749,5.212066012,-1.7,-1.387763749,            0002999P0003160
5.212066012;                                                     0002999P0003161
144,3003,1,0,3005;                                               0003001P0003162
108,0.,0.99756405,6.975647374E-02,-1.02080788,0,-2.11,           0003003P0003163
-1.382320148,5.134218893,0.;                                     0003003P0003164
142,0,3003,0,3007,2;                                             0003005P0003165
102,4,3009,3011,3013,3015;                                       0003007P0003166
110,-2.11,-1.426618731,5.767718144,-1.7,-1.426618731,            0003009P0003167
5.767718144;                                                     0003009P0003168
110,-1.7,-1.426618731,5.767718144,-1.7,-1.387763749,5.212066012; 0003011P0003169
110,-1.7,-1.387763749,5.212066012,-2.11,-1.387763749,            0003013P0003170
5.212066012;                                                     0003013P0003171
110,-2.11,-1.387763749,5.212066012,-2.11,-1.426618731,           0003015P0003172
5.767718144;                                                     0003015P0003173
144,3019,1,0,3021;                                               0003017P0003174
108,0.,-6.975647374E-02,0.99756405,5.853184165,0,-2.11,          0003019P0003175
-1.426618731,5.767718144,0.;                                     0003019P0003176
142,0,3019,0,3023,2;                                             0003021P0003177
102,4,3025,3027,3029,3031;                                       0003023P0003178
110,-2.11,-1.68,5.75,-1.7,-1.68,5.75;                            0003025P0003179
110,-1.7,-1.68,5.75,-1.7,-1.426618731,5.767718144;               0003027P0003180
110,-1.7,-1.426618731,5.767718144,-2.11,-1.426618731,            0003029P0003181
5.767718144;                                                     0003029P0003182
110,-2.11,-1.426618731,5.767718144,-2.11,-1.68,5.75;             0003031P0003183
144,3035,1,0,3037;                                               0003033P0003184
108,0.,-0.99756405,-6.975647374E-02,1.27480788,0,-2.11,-1.68,    0003035P0003185
5.75,0.;                                                         0003035P0003186
142,0,3035,0,3039,2;                                             0003037P0003187
102,4,3041,3043,3045,3047;                                       0003039P0003188
110,-2.11,-1.641145018,5.194347868,-1.7,-1.641145018,            0003041P0003189
5.194347868;                                                     0003041P0003190
110,-1.7,-1.641145018,5.194347868,-1.7,-1.68,5.75;               0003043P0003191
110,-1.7,-1.68,5.75,-2.11,-1.68,5.75;                            0003045P0003192
110,-2.11,-1.68,5.75,-2.11,-1.641145018,5.194347868;             0003047P0003193
144,3051,1,0,3059;                                               0003049P0003194
120,3055,3057,5.375614096,6.283185307;                           0003051P0003195
124,0.,0.,-1.,-2.11,-0.559192903,-0.829037573,0.,-1.228153501,   0003053P0003196
-0.829037573,0.559192903,0.,5.223227048;                         0003053P0003197
110,0.,0.,1.,0.,0.,0.;                                           0003055P0003198
110,0.414,0.,-0.41,0.414,0.,0.;                                  0003057P0003199
142,0,3051,3061,3071,3;                                          0003059P0003200
102,4,3063,3065,3067,3069;                                       0003061P0003201
110,0.,6.283185307,0.,-4.915153439E-16,5.375614096,0.;           0003063P0003202
110,-7.771561172E-16,5.375614096,0.,1.,5.375614096,0.;           0003065P0003203
110,1.,5.375614096,0.,1.,6.283185307,0.;                         0003067P0003204
110,1.,6.283185307,0.,-2.220446049E-16,6.283185307,0.;           0003069P0003205
102,4,3073,3077,3079,3083;                                       0003071P0003206
100,0.,0.,0.,0.414,0.,0.254883851,0.326236452;                   0003073P0003207
124,0.,0.,-1.,-1.7,-0.559192903,-0.829037573,0.,-1.228153501,    0003075P0003208
-0.829037573,0.559192903,0.,5.223227048;                         0003075P0003209
110,-1.7,-1.641145018,5.194347868,-2.11,-1.641145018,            0003077P0003210
5.194347868;                                                     0003077P0003211
100,0.,0.,0.,0.254883851,-0.326236452,0.414,0.;                  0003079P0003212
124,0.,0.,1.,-2.11,-0.559192903,0.829037573,-0.,-1.228153501,    0003081P0003213
-0.829037573,-0.559192903,0.,5.223227048;                        0003081P0003214
110,-2.11,-1.459659363,4.880005493,-1.7,-1.459659363,            0003083P0003215
4.880005493;                                                     0003083P0003216
402,14,3087,3127,3143,3183,3199,3235,3251,3267,3283,3319,3355,   0003085P0003217
3371,3387,3403,0,1,4511;                                         0003085P0003218
144,3089,1,0,3091;                                               0003087P0003219
108,1.,-0.,-0.,2.11,0,2.11,-1.43,-4.86,0.;                       0003089P0003220
142,0,3089,0,3093,2;                                             0003091P0003221
102,12,3095,3099,3101,3103,3105,3109,3111,3115,3117,3119,3121,   0003093P0003222
3125;                                                            0003093P0003223
100,0.,0.,0.,0.414,0.,0.254883851,0.326236452;                   0003095P0003224
124,0.,0.,1.,2.11,-0.559192903,-0.829037573,0.,-1.228153501,     0003097P0003225
0.829037573,-0.559192903,0.,-5.223227048;                        0003097P0003226
110,2.11,-1.641145018,-5.194347868,2.11,-1.68,-5.75;             0003099P0003227
110,2.11,-1.68,-5.75,2.11,-1.426618731,-5.767718144;             0003101P0003228
110,2.11,-1.426618731,-5.767718144,2.11,-1.387763749,            0003103P0003229
-5.212066012;                                                    0003103P0003230
100,0.,0.,0.,0.16,0.,9.850583605E-02,0.126081721;                0003105P0003231
124,-0.,0.,-1.,2.11,-0.99756405,6.975647374E-02,0.,-1.228153501, 0003107P0003232
6.975647374E-02,0.99756405,0.,-5.223227048;                      0003107P0003233
110,2.11,-1.317624366,-5.090581036,2.11,-0.182494138,            0003109P0003234
-4.32492603;                                                     0003109P0003235
100,0.,0.,0.,0.414,0.,0.231505862,0.343221555;                   0003111P0003236
124,0.,0.,1.,2.11,0.559192903,0.829037573,0.,-0.414,             0003113P0003237
-0.829037573,0.559192903,0.,-3.981704475;                        0003113P0003238
110,2.11,0.,-3.981704475,2.11,0.,-3.75;                          0003115P0003239
110,2.11,0.,-3.75,2.11,-0.254,-3.75;                             0003117P0003240
110,2.11,-0.254,-3.75,2.11,-0.254,-3.981704475;                  0003119P0003241
100,0.,0.,0.,0.16,0.,8.947086456E-02,0.132646012;                0003121P0003242
124,0.,0.,-1.,2.11,1.,0.,0.,-0.414,0.,-1.,0.,-3.981704475;       0003123P0003243
110,2.11,-0.324529135,-4.114350487,2.11,-1.459659363,            0003125P0003244
-4.880005493;                                                    0003125P0003245
144,3129,1,0,3131;                                               0003127P0003246
108,-0.,-0.559192903,0.829037573,-3.229476751,0,2.11,            0003129P0003247
-1.627059701,-4.992918446,0.;                                    0003129P0003248
142,0,3129,0,3133,2;                                             0003131P0003249
102,4,3135,3137,3139,3141;                                       0003133P0003250
110,1.7,-1.459659363,-4.880005493,2.11,-1.459659363,             0003135P0003251
-4.880005493;                                                    0003135P0003252
110,2.11,-1.459659363,-4.880005493,2.11,-0.324529135,            0003137P0003253
-4.114350487;                                                    0003137P0003254
110,2.11,-0.324529135,-4.114350487,1.7,-0.324529135,             0003139P0003255
-4.114350487;                                                    0003139P0003256
110,1.7,-0.324529135,-4.114350487,1.7,-1.459659363,-4.880005493; 0003141P0003257
144,3145,1,0,3147;                                               0003143P0003258
108,-1.,0.,0.,-1.7,0,1.7,-1.43,-4.86,0.;                         0003145P0003259
142,0,3145,0,3149,2;                                             0003147P0003260
102,12,3151,3155,3157,3159,3161,3165,3167,3171,3173,3175,3177,   0003149P0003261
3181;                                                            0003149P0003262
100,0.,0.,0.,9.850583605E-02,-0.126081721,0.16,0.;               0003151P0003263
124,0.,0.,1.,1.7,-0.99756405,-6.975647374E-02,-0.,-1.228153501,  0003153P0003264
6.975647374E-02,-0.99756405,0.,-5.223227048;                     0003153P0003265
110,1.7,-1.387763749,-5.212066012,1.7,-1.426618731,-5.767718144; 0003155P0003266
110,1.7,-1.426618731,-5.767718144,1.7,-1.68,-5.75;               0003157P0003267
110,1.7,-1.68,-5.75,1.7,-1.641145018,-5.194347868;               0003159P0003268
100,0.,0.,0.,0.254883851,-0.326236452,0.414,0.;                  0003161P0003269
124,0.,0.,-1.,1.7,-0.559192903,0.829037573,0.,-1.228153501,      0003163P0003270
0.829037573,0.559192903,-0.,-5.223227048;                        0003163P0003271
110,1.7,-1.459659363,-4.880005493,1.7,-0.324529135,-4.114350487; 0003165P0003272
100,0.,0.,0.,8.947086456E-02,-0.132646012,0.16,0.;               0003167P0003273
124,0.,0.,1.,1.7,1.,0.,-0.,-0.414,0.,1.,0.,-3.981704475;         0003169P0003274
110,1.7,-0.254,-3.981704475,1.7,-0.254,-3.75;                    0003171P0003275
110,1.7,-0.254,-3.75,1.7,0.,-3.75;                               0003173P0003276
110,1.7,0.,-3.75,1.7,0.,-3.981704475;                            0003175P0003277
100,0.,0.,0.,0.231505862,-0.343221555,0.414,0.;                  0003177P0003278
124,0.,0.,-1.,1.7,0.559192903,-0.829037573,0.,-0.414,            0003179P0003279
-0.829037573,-0.559192903,0.,-3.981704475;                       0003179P0003280
110,1.7,-0.182494138,-4.32492603,1.7,-1.317624366,-5.090581036;  0003181P0003281
144,3185,1,0,3187;                                               0003183P0003282
108,0.,0.559192903,-0.829037573,3.483476751,0,2.11,-1.287965003, 0003185P0003283
-5.070575543,0.;                                                 0003185P0003284
142,0,3185,0,3189,2;                                             0003187P0003285
102,4,3191,3193,3195,3197;                                       0003189P0003286
110,2.11,-1.317624366,-5.090581036,1.7,-1.317624366,             0003191P0003287
-5.090581036;                                                    0003191P0003288
110,1.7,-1.317624366,-5.090581036,1.7,-0.182494138,-4.32492603;  0003193P0003289
110,1.7,-0.182494138,-4.32492603,2.11,-0.182494138,-4.32492603;  0003195P0003290
110,2.11,-0.182494138,-4.32492603,2.11,-1.317624366,             0003197P0003291
-5.090581036;                                                    0003197P0003292
144,3201,1,0,3209;                                               0003199P0003293
120,3205,3207,5.305800926,6.283185307;                           0003201P0003294
124,0.,0.,1.,2.11,0.559192903,0.829037573,0.,-0.414,             0003203P0003295
-0.829037573,0.559192903,0.,-3.981704475;                        0003203P0003296
110,0.,0.,1.,0.,0.,0.;                                           0003205P0003297
110,0.414,0.,-0.41,0.414,0.,0.;                                  0003207P0003298
142,0,3201,3211,3221,3;                                          0003209P0003299
102,4,3213,3215,3217,3219;                                       0003211P0003300
110,0.,6.283185307,0.,-5.293242165E-16,5.305800926,0.;           0003213P0003301
110,-7.771561172E-16,5.305800926,0.,1.,5.305800926,0.;           0003215P0003302
110,1.,5.305800926,0.,1.,6.283185307,0.;                         0003217P0003303
110,1.,6.283185307,0.,-2.220446049E-16,6.283185307,0.;           0003219P0003304
102,4,3223,3227,3229,3233;                                       0003221P0003305
100,0.,0.,0.,0.414,0.,0.231505862,0.343221555;                   0003223P0003306
124,0.,0.,1.,1.7,0.559192903,0.829037573,0.,-0.414,-0.829037573, 0003225P0003307
0.559192903,0.,-3.981704475;                                     0003225P0003308
110,1.7,0.,-3.981704475,2.11,0.,-3.981704475;                    0003227P0003309
100,0.,0.,0.,0.231505862,-0.343221555,0.414,0.;                  0003229P0003310
124,0.,0.,-1.,2.11,0.559192903,-0.829037573,0.,-0.414,           0003231P0003311
-0.829037573,-0.559192903,0.,-3.981704475;                       0003231P0003312
110,2.11,-0.182494138,-4.32492603,1.7,-0.182494138,-4.32492603;  0003233P0003313
144,3237,1,0,3239;                                               0003235P0003314
108,0.,1.,0.,0.,0,2.11,0.,-3.75,0.;                              0003237P0003315
142,0,3237,0,3241,2;                                             0003239P0003316
102,4,3243,3245,3247,3249;                                       0003241P0003317
110,2.11,0.,-3.981704475,1.7,0.,-3.981704475;                    0003243P0003318
110,1.7,0.,-3.981704475,1.7,0.,-3.75;                            0003245P0003319
110,1.7,0.,-3.75,2.11,0.,-3.75;                                  0003247P0003320
110,2.11,0.,-3.75,2.11,0.,-3.981704475;                          0003249P0003321
144,3253,1,0,3255;                                               0003251P0003322
108,0.,0.,1.,-3.75,0,2.11,-0.254,-3.75,0.;                       0003253P0003323
142,0,3253,0,3257,2;                                             0003255P0003324
102,4,3259,3261,3263,3265;                                       0003257P0003325
110,2.11,0.,-3.75,1.7,0.,-3.75;                                  0003259P0003326
110,1.7,0.,-3.75,1.7,-0.254,-3.75;                               0003261P0003327
110,1.7,-0.254,-3.75,2.11,-0.254,-3.75;                          0003263P0003328
110,2.11,-0.254,-3.75,2.11,0.,-3.75;                             0003265P0003329
144,3269,1,0,3271;                                               0003267P0003330
108,0.,-1.,0.,0.254,0,2.11,-0.254,-4.066777984,0.;               0003269P0003331
142,0,3269,0,3273,2;                                             0003271P0003332
102,4,3275,3277,3279,3281;                                       0003273P0003333
110,2.11,-0.254,-3.75,1.7,-0.254,-3.75;                          0003275P0003334
110,1.7,-0.254,-3.75,1.7,-0.254,-3.981704475;                    0003277P0003335
110,1.7,-0.254,-3.981704475,2.11,-0.254,-3.981704475;            0003279P0003336
110,2.11,-0.254,-3.981704475,2.11,-0.254,-3.75;                  0003281P0003337
144,3285,1,0,3293;                                               0003283P0003338
120,3289,3291,0.,0.977384381;                                    0003285P0003339
124,0.,0.,-1.,2.11,1.,0.,0.,-0.414,0.,1.,0.,-3.981704475;        0003287P0003340
110,0.,0.,1.,0.,0.,0.;                                           0003289P0003341
110,0.16,0.,0.,0.16,0.,0.41;                                     0003291P0003342
142,0,3285,3295,3305,3;                                          0003293P0003343
102,4,3297,3299,3301,3303;                                       0003295P0003344
110,1.,1.776356839E-15,0.,1.,0.977384381,0.;                     0003297P0003345
110,1.,0.977384381,0.,-2.873474318E-15,0.977384381,0.;           0003299P0003346
110,-2.873474318E-15,0.977384381,0.,-3.402798535E-15,            0003301P0003347
1.776356839E-15,0.;                                              0003301P0003348
110,-3.402798535E-15,1.776356839E-15,0.,1.,1.867395127E-15,0.;   0003303P0003349
102,4,3307,3311,3313,3317;                                       0003305P0003350
100,0.,0.,0.,0.16,0.,8.947086456E-02,0.132646012;                0003307P0003351
124,0.,0.,-1.,1.7,1.,0.,0.,-0.414,0.,-1.,0.,-3.981704475;        0003309P0003352
110,1.7,-0.324529135,-4.114350487,2.11,-0.324529135,             0003311P0003353
-4.114350487;                                                    0003311P0003354
100,0.,0.,0.,8.947086456E-02,-0.132646012,0.16,0.;               0003313P0003355
124,0.,0.,1.,2.11,1.,0.,-0.,-0.414,0.,1.,0.,-3.981704475;        0003315P0003356
110,2.11,-0.254,-3.981704475,1.7,-0.254,-3.981704475;            0003317P0003357
144,3321,1,0,3329;                                               0003319P0003358
120,3325,3327,0.,0.907571211;                                    0003321P0003359
124,-0.,0.,-1.,2.11,-0.99756405,-6.975647374E-02,0.,             0003323P0003360
-1.228153501,6.975647374E-02,-0.99756405,0.,-5.223227048;        0003323P0003361
110,0.,0.,1.,0.,0.,0.;                                           0003325P0003362
110,0.16,0.,0.,0.16,0.,0.41;                                     0003327P0003363
142,0,3321,3331,3341,3;                                          0003329P0003364
102,4,3333,3335,3337,3339;                                       0003331P0003365
110,1.,1.776356839E-15,0.,1.,0.907571211,0.;                     0003333P0003366
110,1.,0.907571211,0.,-2.911283191E-15,0.907571211,0.;           0003335P0003367
110,-2.911283191E-15,0.907571211,0.,-3.402798535E-15,            0003337P0003368
1.776356839E-15,0.;                                              0003337P0003369
110,-3.402798535E-15,1.776356839E-15,0.,1.,1.867395127E-15,0.;   0003339P0003370
102,4,3343,3347,3349,3353;                                       0003341P0003371
100,0.,0.,0.,0.16,0.,9.850583605E-02,0.126081721;                0003343P0003372
124,-0.,0.,-1.,1.7,-0.99756405,6.975647374E-02,0.,-1.228153501,  0003345P0003373
6.975647374E-02,0.99756405,0.,-5.223227048;                      0003345P0003374
110,1.7,-1.317624366,-5.090581036,2.11,-1.317624366,             0003347P0003375
-5.090581036;                                                    0003347P0003376
100,0.,0.,0.,9.850583605E-02,-0.126081721,0.16,0.;               0003349P0003377
124,0.,0.,1.,2.11,-0.99756405,-6.975647374E-02,-0.,-1.228153501, 0003351P0003378
6.975647374E-02,-0.99756405,0.,-5.223227048;                     0003351P0003379
110,2.11,-1.387763749,-5.212066012,1.7,-1.387763749,             0003353P0003380
-5.212066012;                                                    0003353P0003381
144,3357,1,0,3359;                                               0003355P0003382
108,0.,0.99756405,-6.975647374E-02,-1.02080788,0,2.11,           0003357P0003383
-1.382320148,-5.134218893,0.;                                    0003357P0003384
142,0,3357,0,3361,2;                                             0003359P0003385
102,4,3363,3365,3367,3369;                                       0003361P0003386
110,2.11,-1.426618731,-5.767718144,1.7,-1.426618731,             0003363P0003387
-5.767718144;                                                    0003363P0003388
110,1.7,-1.426618731,-5.767718144,1.7,-1.387763749,-5.212066012; 0003365P0003389
110,1.7,-1.387763749,-5.212066012,2.11,-1.387763749,             0003367P0003390
-5.212066012;                                                    0003367P0003391
110,2.11,-1.387763749,-5.212066012,2.11,-1.426618731,            0003369P0003392
-5.767718144;                                                    0003369P0003393
144,3373,1,0,3375;                                               0003371P0003394
108,0.,-6.975647374E-02,-0.99756405,5.853184165,0,2.11,          0003373P0003395
-1.426618731,-5.767718144,0.;                                    0003373P0003396
142,0,3373,0,3377,2;                                             0003375P0003397
102,4,3379,3381,3383,3385;                                       0003377P0003398
110,2.11,-1.68,-5.75,1.7,-1.68,-5.75;                            0003379P0003399
110,1.7,-1.68,-5.75,1.7,-1.426618731,-5.767718144;               0003381P0003400
110,1.7,-1.426618731,-5.767718144,2.11,-1.426618731,             0003383P0003401
-5.767718144;                                                    0003383P0003402
110,2.11,-1.426618731,-5.767718144,2.11,-1.68,-5.75;             0003385P0003403
144,3389,1,0,3391;                                               0003387P0003404
108,-0.,-0.99756405,6.975647374E-02,1.27480788,0,2.11,-1.68,     0003389P0003405
-5.75,0.;                                                        0003389P0003406
142,0,3389,0,3393,2;                                             0003391P0003407
102,4,3395,3397,3399,3401;                                       0003393P0003408
110,2.11,-1.641145018,-5.194347868,1.7,-1.641145018,             0003395P0003409
-5.194347868;                                                    0003395P0003410
110,1.7,-1.641145018,-5.194347868,1.7,-1.68,-5.75;               0003397P0003411
110,1.7,-1.68,-5.75,2.11,-1.68,-5.75;                            0003399P0003412
110,2.11,-1.68,-5.75,2.11,-1.641145018,-5.194347868;             0003401P0003413
144,3405,1,0,3413;                                               0003403P0003414
120,3409,3411,5.375614096,6.283185307;                           0003405P0003415
124,0.,0.,1.,2.11,-0.559192903,-0.829037573,0.,-1.228153501,     0003407P0003416
0.829037573,-0.559192903,0.,-5.223227048;                        0003407P0003417
110,0.,0.,1.,0.,0.,0.;                                           0003409P0003418
110,0.414,0.,-0.41,0.414,0.,0.;                                  0003411P0003419
142,0,3405,3415,3425,3;                                          0003413P0003420
102,4,3417,3419,3421,3423;                                       0003415P0003421
110,0.,6.283185307,0.,-4.915153439E-16,5.375614096,0.;           0003417P0003422
110,-7.771561172E-16,5.375614096,0.,1.,5.375614096,0.;           0003419P0003423
110,1.,5.375614096,0.,1.,6.283185307,0.;                         0003421P0003424
110,1.,6.283185307,0.,-2.220446049E-16,6.283185307,0.;           0003423P0003425
102,4,3427,3431,3433,3437;                                       0003425P0003426
100,0.,0.,0.,0.414,0.,0.254883851,0.326236452;                   0003427P0003427
124,0.,0.,1.,1.7,-0.559192903,-0.829037573,0.,-1.228153501,      0003429P0003428
0.829037573,-0.559192903,0.,-5.223227048;                        0003429P0003429
110,1.7,-1.641145018,-5.194347868,2.11,-1.641145018,             0003431P0003430
-5.194347868;                                                    0003431P0003431
100,0.,0.,0.,0.254883851,-0.326236452,0.414,0.;                  0003433P0003432
124,0.,0.,-1.,2.11,-0.559192903,0.829037573,0.,-1.228153501,     0003435P0003433
0.829037573,0.559192903,-0.,-5.223227048;                        0003435P0003434
110,2.11,-1.459659363,-4.880005493,1.7,-1.459659363,             0003437P0003435
-4.880005493;                                                    0003437P0003436
402,14,3441,3481,3497,3537,3553,3589,3605,3621,3637,3673,3709,   0003439P0003437
3725,3741,3757,0,1,4507;                                         0003439P0003438
144,3443,1,0,3445;                                               0003441P0003439
108,1.,-0.,-0.,0.84,0,0.84,-1.43,-4.86,0.;                       0003443P0003440
142,0,3443,0,3447,2;                                             0003445P0003441
102,12,3449,3453,3455,3457,3459,3463,3465,3469,3471,3473,3475,   0003447P0003442
3479;                                                            0003447P0003443
100,0.,0.,0.,0.414,0.,0.254883851,0.326236452;                   0003449P0003444
124,0.,0.,1.,0.84,-0.559192903,-0.829037573,0.,-1.228153501,     0003451P0003445
0.829037573,-0.559192903,0.,-5.223227048;                        0003451P0003446
110,0.84,-1.641145018,-5.194347868,0.84,-1.68,-5.75;             0003453P0003447
110,0.84,-1.68,-5.75,0.84,-1.426618731,-5.767718144;             0003455P0003448
110,0.84,-1.426618731,-5.767718144,0.84,-1.387763749,            0003457P0003449
-5.212066012;                                                    0003457P0003450
100,0.,0.,0.,0.16,0.,9.850583605E-02,0.126081721;                0003459P0003451
124,-0.,0.,-1.,0.84,-0.99756405,6.975647374E-02,0.,-1.228153501, 0003461P0003452
6.975647374E-02,0.99756405,0.,-5.223227048;                      0003461P0003453
110,0.84,-1.317624366,-5.090581036,0.84,-0.182494138,            0003463P0003454
-4.32492603;                                                     0003463P0003455
100,0.,0.,0.,0.414,0.,0.231505862,0.343221555;                   0003465P0003456
124,0.,0.,1.,0.84,0.559192903,0.829037573,0.,-0.414,             0003467P0003457
-0.829037573,0.559192903,0.,-3.981704475;                        0003467P0003458
110,0.84,0.,-3.981704475,0.84,0.,-3.75;                          0003469P0003459
110,0.84,0.,-3.75,0.84,-0.254,-3.75;                             0003471P0003460
110,0.84,-0.254,-3.75,0.84,-0.254,-3.981704475;                  0003473P0003461
100,0.,0.,0.,0.16,0.,8.947086456E-02,0.132646012;                0003475P0003462
124,0.,0.,-1.,0.84,1.,0.,0.,-0.414,0.,-1.,0.,-3.981704475;       0003477P0003463
110,0.84,-0.324529135,-4.114350487,0.84,-1.459659363,            0003479P0003464
-4.880005493;                                                    0003479P0003465
144,3483,1,0,3485;                                               0003481P0003466
108,-0.,-0.559192903,0.829037573,-3.229476751,0,0.84,            0003483P0003467
-1.627059701,-4.992918446,0.;                                    0003483P0003468
142,0,3483,0,3487,2;                                             0003485P0003469
102,4,3489,3491,3493,3495;                                       0003487P0003470
110,0.43,-1.459659363,-4.880005493,0.84,-1.459659363,            0003489P0003471
-4.880005493;                                                    0003489P0003472
110,0.84,-1.459659363,-4.880005493,0.84,-0.324529135,            0003491P0003473
-4.114350487;                                                    0003491P0003474
110,0.84,-0.324529135,-4.114350487,0.43,-0.324529135,            0003493P0003475
-4.114350487;                                                    0003493P0003476
110,0.43,-0.324529135,-4.114350487,0.43,-1.459659363,            0003495P0003477
-4.880005493;                                                    0003495P0003478
144,3499,1,0,3501;                                               0003497P0003479
108,-1.,0.,0.,-0.43,0,0.43,-1.43,-4.86,0.;                       0003499P0003480
142,0,3499,0,3503,2;                                             0003501P0003481
102,12,3505,3509,3511,3513,3515,3519,3521,3525,3527,3529,3531,   0003503P0003482
3535;                                                            0003503P0003483
100,0.,0.,0.,9.850583605E-02,-0.126081721,0.16,0.;               0003505P0003484
124,0.,0.,1.,0.43,-0.99756405,-6.975647374E-02,-0.,-1.228153501, 0003507P0003485
6.975647374E-02,-0.99756405,0.,-5.223227048;                     0003507P0003486
110,0.43,-1.387763749,-5.212066012,0.43,-1.426618731,            0003509P0003487
-5.767718144;                                                    0003509P0003488
110,0.43,-1.426618731,-5.767718144,0.43,-1.68,-5.75;             0003511P0003489
110,0.43,-1.68,-5.75,0.43,-1.641145018,-5.194347868;             0003513P0003490
100,0.,0.,0.,0.254883851,-0.326236452,0.414,0.;                  0003515P0003491
124,0.,0.,-1.,0.43,-0.559192903,0.829037573,0.,-1.228153501,     0003517P0003492
0.829037573,0.559192903,-0.,-5.223227048;                        0003517P0003493
110,0.43,-1.459659363,-4.880005493,0.43,-0.324529135,            0003519P0003494
-4.114350487;                                                    0003519P0003495
100,0.,0.,0.,8.947086456E-02,-0.132646012,0.16,0.;               0003521P0003496
124,0.,0.,1.,0.43,1.,0.,-0.,-0.414,0.,1.,0.,-3.981704475;        0003523P0003497
110,0.43,-0.254,-3.981704475,0.43,-0.254,-3.75;                  0003525P0003498
110,0.43,-0.254,-3.75,0.43,0.,-3.75;                             0003527P0003499
110,0.43,0.,-3.75,0.43,0.,-3.981704475;                          0003529P0003500
100,0.,0.,0.,0.231505862,-0.343221555,0.414,0.;                  0003531P0003501
124,0.,0.,-1.,0.43,0.559192903,-0.829037573,0.,-0.414,           0003533P0003502
-0.829037573,-0.559192903,0.,-3.981704475;                       0003533P0003503
110,0.43,-0.182494138,-4.32492603,0.43,-1.317624366,             0003535P0003504
-5.090581036;                                                    0003535P0003505
144,3539,1,0,3541;                                               0003537P0003506
108,0.,0.559192903,-0.829037573,3.483476751,0,0.84,-1.287965003, 0003539P0003507
-5.070575543,0.;                                                 0003539P0003508
142,0,3539,0,3543,2;                                             0003541P0003509
102,4,3545,3547,3549,3551;                                       0003543P0003510
110,0.84,-1.317624366,-5.090581036,0.43,-1.317624366,            0003545P0003511
-5.090581036;                                                    0003545P0003512
110,0.43,-1.317624366,-5.090581036,0.43,-0.182494138,            0003547P0003513
-4.32492603;                                                     0003547P0003514
110,0.43,-0.182494138,-4.32492603,0.84,-0.182494138,-4.32492603; 0003549P0003515
110,0.84,-0.182494138,-4.32492603,0.84,-1.317624366,             0003551P0003516
-5.090581036;                                                    0003551P0003517
144,3555,1,0,3563;                                               0003553P0003518
120,3559,3561,5.305800926,6.283185307;                           0003555P0003519
124,0.,0.,1.,0.84,0.559192903,0.829037573,0.,-0.414,             0003557P0003520
-0.829037573,0.559192903,0.,-3.981704475;                        0003557P0003521
110,0.,0.,1.,0.,0.,0.;                                           0003559P0003522
110,0.414,0.,-0.41,0.414,0.,0.;                                  0003561P0003523
142,0,3555,3565,3575,3;                                          0003563P0003524
102,4,3567,3569,3571,3573;                                       0003565P0003525
110,0.,6.283185307,0.,-5.293242165E-16,5.305800926,0.;           0003567P0003526
110,-7.771561172E-16,5.305800926,0.,1.,5.305800926,0.;           0003569P0003527
110,1.,5.305800926,0.,1.,6.283185307,0.;                         0003571P0003528
110,1.,6.283185307,0.,-2.220446049E-16,6.283185307,0.;           0003573P0003529
102,4,3577,3581,3583,3587;                                       0003575P0003530
100,0.,0.,0.,0.414,0.,0.231505862,0.343221555;                   0003577P0003531
124,0.,0.,1.,0.43,0.559192903,0.829037573,0.,-0.414,             0003579P0003532
-0.829037573,0.559192903,0.,-3.981704475;                        0003579P0003533
110,0.43,0.,-3.981704475,0.84,0.,-3.981704475;                   0003581P0003534
100,0.,0.,0.,0.231505862,-0.343221555,0.414,0.;                  0003583P0003535
124,0.,0.,-1.,0.84,0.559192903,-0.829037573,0.,-0.414,           0003585P0003536
-0.829037573,-0.559192903,0.,-3.981704475;                       0003585P0003537
110,0.84,-0.182494138,-4.32492603,0.43,-0.182494138,-4.32492603; 0003587P0003538
144,3591,1,0,3593;                                               0003589P0003539
108,0.,1.,0.,0.,0,0.84,0.,-3.75,0.;                              0003591P0003540
142,0,3591,0,3595,2;                                             0003593P0003541
102,4,3597,3599,3601,3603;                                       0003595P0003542
110,0.84,0.,-3.981704475,0.43,0.,-3.981704475;                   0003597P0003543
110,0.43,0.,-3.981704475,0.43,0.,-3.75;                          0003599P0003544
110,0.43,0.,-3.75,0.84,0.,-3.75;                                 0003601P0003545
110,0.84,0.,-3.75,0.84,0.,-3.981704475;                          0003603P0003546
144,3607,1,0,3609;                                               0003605P0003547
108,0.,0.,1.,-3.75,0,0.84,-0.254,-3.75,0.;                       0003607P0003548
142,0,3607,0,3611,2;                                             0003609P0003549
102,4,3613,3615,3617,3619;                                       0003611P0003550
110,0.84,0.,-3.75,0.43,0.,-3.75;                                 0003613P0003551
110,0.43,0.,-3.75,0.43,-0.254,-3.75;                             0003615P0003552
110,0.43,-0.254,-3.75,0.84,-0.254,-3.75;                         0003617P0003553
110,0.84,-0.254,-3.75,0.84,0.,-3.75;                             0003619P0003554
144,3623,1,0,3625;                                               0003621P0003555
108,0.,-1.,0.,0.254,0,0.84,-0.254,-4.066777984,0.;               0003623P0003556
142,0,3623,0,3627,2;                                             0003625P0003557
102,4,3629,3631,3633,3635;                                       0003627P0003558
110,0.84,-0.254,-3.75,0.43,-0.254,-3.75;                         0003629P0003559
110,0.43,-0.254,-3.75,0.43,-0.254,-3.981704475;                  0003631P0003560
110,0.43,-0.254,-3.981704475,0.84,-0.254,-3.981704475;           0003633P0003561
110,0.84,-0.254,-3.981704475,0.84,-0.254,-3.75;                  0003635P0003562
144,3639,1,0,3647;                                               0003637P0003563
120,3643,3645,0.,0.977384381;                                    0003639P0003564
124,0.,0.,-1.,0.84,1.,0.,0.,-0.414,0.,1.,0.,-3.981704475;        0003641P0003565
110,0.,0.,1.,0.,0.,0.;                                           0003643P0003566
110,0.16,0.,0.,0.16,0.,0.41;                                     0003645P0003567
142,0,3639,3649,3659,3;                                          0003647P0003568
102,4,3651,3653,3655,3657;                                       0003649P0003569
110,1.,1.776356839E-15,0.,1.,0.977384381,0.;                     0003651P0003570
110,1.,0.977384381,0.,-2.873474318E-15,0.977384381,0.;           0003653P0003571
110,-2.873474318E-15,0.977384381,0.,-3.402798535E-15,            0003655P0003572
1.776356839E-15,0.;                                              0003655P0003573
110,-3.402798535E-15,1.776356839E-15,0.,1.,1.867395127E-15,0.;   0003657P0003574
102,4,3661,3665,3667,3671;                                       0003659P0003575
100,0.,0.,0.,0.16,0.,8.947086456E-02,0.132646012;                0003661P0003576
124,0.,0.,-1.,0.43,1.,0.,0.,-0.414,0.,-1.,0.,-3.981704475;       0003663P0003577
110,0.43,-0.324529135,-4.114350487,0.84,-0.324529135,            0003665P0003578
-4.114350487;                                                    0003665P0003579
100,0.,0.,0.,8.947086456E-02,-0.132646012,0.16,0.;               0003667P0003580
124,0.,0.,1.,0.84,1.,0.,-0.,-0.414,0.,1.,0.,-3.981704475;        0003669P0003581
110,0.84,-0.254,-3.981704475,0.43,-0.254,-3.981704475;           0003671P0003582
144,3675,1,0,3683;                                               0003673P0003583
120,3679,3681,0.,0.907571211;                                    0003675P0003584
124,-0.,0.,-1.,0.84,-0.99756405,-6.975647374E-02,0.,             0003677P0003585
-1.228153501,6.975647374E-02,-0.99756405,0.,-5.223227048;        0003677P0003586
110,0.,0.,1.,0.,0.,0.;                                           0003679P0003587
110,0.16,0.,0.,0.16,0.,0.41;                                     0003681P0003588
142,0,3675,3685,3695,3;                                          0003683P0003589
102,4,3687,3689,3691,3693;                                       0003685P0003590
110,1.,1.776356839E-15,0.,1.,0.907571211,0.;                     0003687P0003591
110,1.,0.907571211,0.,-2.911283191E-15,0.907571211,0.;           0003689P0003592
110,-2.911283191E-15,0.907571211,0.,-3.402798535E-15,            0003691P0003593
1.776356839E-15,0.;                                              0003691P0003594
110,-3.402798535E-15,1.776356839E-15,0.,1.,1.867395127E-15,0.;   0003693P0003595
102,4,3697,3701,3703,3707;                                       0003695P0003596
100,0.,0.,0.,0.16,0.,9.850583605E-02,0.126081721;                0003697P0003597
124,-0.,0.,-1.,0.43,-0.99756405,6.975647374E-02,0.,-1.228153501, 0003699P0003598
6.975647374E-02,0.99756405,0.,-5.223227048;                      0003699P0003599
110,0.43,-1.317624366,-5.090581036,0.84,-1.317624366,            0003701P0003600
-5.090581036;                                                    0003701P0003601
100,0.,0.,0.,9.850583605E-02,-0.126081721,0.16,0.;               0003703P0003602
124,0.,0.,1.,0.84,-0.99756405,-6.975647374E-02,-0.,-1.228153501, 0003705P0003603
6.975647374E-02,-0.99756405,0.,-5.223227048;                     0003705P0003604
110,0.84,-1.387763749,-5.212066012,0.43,-1.387763749,            0003707P0003605
-5.212066012;                                                    0003707P0003606
144,3711,1,0,3713;                                               0003709P0003607
108,0.,0.99756405,-6.975647374E-02,-1.02080788,0,0.84,           0003711P0003608
-1.382320148,-5.134218893,0.;                                    0003711P0003609
142,0,3711,0,3715,2;                                             0003713P0003610
102,4,3717,3719,3721,3723;                                       0003715P0003611
110,0.84,-1.426618731,-5.767718144,0.43,-1.426618731,            0003717P0003612
-5.767718144;                                                    0003717P0003613
110,0.43,-1.426618731,-5.767718144,0.43,-1.387763749,            0003719P0003614
-5.212066012;                                                    0003719P0003615
110,0.43,-1.387763749,-5.212066012,0.84,-1.387763749,            0003721P0003616
-5.212066012;                                                    0003721P0003617
110,0.84,-1.387763749,-5.212066012,0.84,-1.426618731,            0003723P0003618
-5.767718144;                                                    0003723P0003619
144,3727,1,0,3729;                                               0003725P0003620
108,0.,-6.975647374E-02,-0.99756405,5.853184165,0,0.84,          0003727P0003621
-1.426618731,-5.767718144,0.;                                    0003727P0003622
142,0,3727,0,3731,2;                                             0003729P0003623
102,4,3733,3735,3737,3739;                                       0003731P0003624
110,0.84,-1.68,-5.75,0.43,-1.68,-5.75;                           0003733P0003625
110,0.43,-1.68,-5.75,0.43,-1.426618731,-5.767718144;             0003735P0003626
110,0.43,-1.426618731,-5.767718144,0.84,-1.426618731,            0003737P0003627
-5.767718144;                                                    0003737P0003628
110,0.84,-1.426618731,-5.767718144,0.84,-1.68,-5.75;             0003739P0003629
144,3743,1,0,3745;                                               0003741P0003630
108,-0.,-0.99756405,6.975647374E-02,1.27480788,0,0.84,-1.68,     0003743P0003631
-5.75,0.;                                                        0003743P0003632
142,0,3743,0,3747,2;                                             0003745P0003633
102,4,3749,3751,3753,3755;                                       0003747P0003634
110,0.84,-1.641145018,-5.194347868,0.43,-1.641145018,            0003749P0003635
-5.194347868;                                                    0003749P0003636
110,0.43,-1.641145018,-5.194347868,0.43,-1.68,-5.75;             0003751P0003637
110,0.43,-1.68,-5.75,0.84,-1.68,-5.75;                           0003753P0003638
110,0.84,-1.68,-5.75,0.84,-1.641145018,-5.194347868;             0003755P0003639
144,3759,1,0,3767;                                               0003757P0003640
120,3763,3765,5.375614096,6.283185307;                           0003759P0003641
124,0.,0.,1.,0.84,-0.559192903,-0.829037573,0.,-1.228153501,     0003761P0003642
0.829037573,-0.559192903,0.,-5.223227048;                        0003761P0003643
110,0.,0.,1.,0.,0.,0.;                                           0003763P0003644
110,0.414,0.,-0.41,0.414,0.,0.;                                  0003765P0003645
142,0,3759,3769,3779,3;                                          0003767P0003646
102,4,3771,3773,3775,3777;                                       0003769P0003647
110,0.,6.283185307,0.,-4.915153439E-16,5.375614096,0.;           0003771P0003648
110,-7.771561172E-16,5.375614096,0.,1.,5.375614096,0.;           0003773P0003649
110,1.,5.375614096,0.,1.,6.283185307,0.;                         0003775P0003650
110,1.,6.283185307,0.,-2.220446049E-16,6.283185307,0.;           0003777P0003651
102,4,3781,3785,3787,3791;                                       0003779P0003652
100,0.,0.,0.,0.414,0.,0.254883851,0.326236452;                   0003781P0003653
124,0.,0.,1.,0.43,-0.559192903,-0.829037573,0.,-1.228153501,     0003783P0003654
0.829037573,-0.559192903,0.,-5.223227048;                        0003783P0003655
110,0.43,-1.641145018,-5.194347868,0.84,-1.641145018,            0003785P0003656
-5.194347868;                                                    0003785P0003657
100,0.,0.,0.,0.254883851,-0.326236452,0.414,0.;                  0003787P0003658
124,0.,0.,-1.,0.84,-0.559192903,0.829037573,0.,-1.228153501,     0003789P0003659
0.829037573,0.559192903,-0.,-5.223227048;                        0003789P0003660
110,0.84,-1.459659363,-4.880005493,0.43,-1.459659363,            0003791P0003661
-4.880005493;                                                    0003791P0003662
402,14,3795,3835,3851,3891,3907,3943,3959,3975,3991,4027,4063,   0003793P0003663
4079,4095,4111,0,1,4517;                                         0003793P0003664
144,3797,1,0,3799;                                               0003795P0003665
108,1.,-0.,-0.,-0.43,0,-0.43,-1.43,-4.86,0.;                     0003797P0003666
142,0,3797,0,3801,2;                                             0003799P0003667
102,12,3803,3807,3809,3811,3813,3817,3819,3823,3825,3827,3829,   0003801P0003668
3833;                                                            0003801P0003669
100,0.,0.,0.,0.414,0.,0.254883851,0.326236452;                   0003803P0003670
124,0.,0.,1.,-0.43,-0.559192903,-0.829037573,0.,-1.228153501,    0003805P0003671
0.829037573,-0.559192903,0.,-5.223227048;                        0003805P0003672
110,-0.43,-1.641145018,-5.194347868,-0.43,-1.68,-5.75;           0003807P0003673
110,-0.43,-1.68,-5.75,-0.43,-1.426618731,-5.767718144;           0003809P0003674
110,-0.43,-1.426618731,-5.767718144,-0.43,-1.387763749,          0003811P0003675
-5.212066012;                                                    0003811P0003676
100,0.,0.,0.,0.16,0.,9.850583605E-02,0.126081721;                0003813P0003677
124,-0.,0.,-1.,-0.43,-0.99756405,6.975647374E-02,0.,             0003815P0003678
-1.228153501,6.975647374E-02,0.99756405,0.,-5.223227048;         0003815P0003679
110,-0.43,-1.317624366,-5.090581036,-0.43,-0.182494138,          0003817P0003680
-4.32492603;                                                     0003817P0003681
100,0.,0.,0.,0.414,0.,0.231505862,0.343221555;                   0003819P0003682
124,0.,0.,1.,-0.43,0.559192903,0.829037573,0.,-0.414,            0003821P0003683
-0.829037573,0.559192903,0.,-3.981704475;                        0003821P0003684
110,-0.43,0.,-3.981704475,-0.43,0.,-3.75;                        0003823P0003685
110,-0.43,0.,-3.75,-0.43,-0.254,-3.75;                           0003825P0003686
110,-0.43,-0.254,-3.75,-0.43,-0.254,-3.981704475;                0003827P0003687
100,0.,0.,0.,0.16,0.,8.947086456E-02,0.132646012;                0003829P0003688
124,0.,0.,-1.,-0.43,1.,0.,0.,-0.414,0.,-1.,0.,-3.981704475;      0003831P0003689
110,-0.43,-0.324529135,-4.114350487,-0.43,-1.459659363,          0003833P0003690
-4.880005493;                                                    0003833P0003691
144,3837,1,0,3839;                                               0003835P0003692
108,-0.,-0.559192903,0.829037573,-3.229476751,0,-0.43,           0003837P0003693
-1.627059701,-4.992918446,0.;                                    0003837P0003694
142,0,3837,0,3841,2;                                             0003839P0003695
102,4,3843,3845,3847,3849;                                       0003841P0003696
110,-0.84,-1.459659363,-4.880005493,-0.43,-1.459659363,          0003843P0003697
-4.880005493;                                                    0003843P0003698
110,-0.43,-1.459659363,-4.880005493,-0.43,-0.324529135,          0003845P0003699
-4.114350487;                                                    0003845P0003700
110,-0.43,-0.324529135,-4.114350487,-0.84,-0.324529135,          0003847P0003701
-4.114350487;                                                    0003847P0003702
110,-0.84,-0.324529135,-4.114350487,-0.84,-1.459659363,          0003849P0003703
-4.880005493;                                                    0003849P0003704
144,3853,1,0,3855;                                               0003851P0003705
108,-1.,0.,0.,0.84,0,-0.84,-1.43,-4.86,0.;                       0003853P0003706
142,0,3853,0,3857,2;                                             0003855P0003707
102,12,3859,3863,3865,3867,3869,3873,3875,3879,3881,3883,3885,   0003857P0003708
3889;                                                            0003857P0003709
100,0.,0.,0.,9.850583605E-02,-0.126081721,0.16,0.;               0003859P0003710
124,0.,0.,1.,-0.84,-0.99756405,-6.975647374E-02,-0.,             0003861P0003711
-1.228153501,6.975647374E-02,-0.99756405,0.,-5.223227048;        0003861P0003712
110,-0.84,-1.387763749,-5.212066012,-0.84,-1.426618731,          0003863P0003713
-5.767718144;                                                    0003863P0003714
110,-0.84,-1.426618731,-5.767718144,-0.84,-1.68,-5.75;           0003865P0003715
110,-0.84,-1.68,-5.75,-0.84,-1.641145018,-5.194347868;           0003867P0003716
100,0.,0.,0.,0.254883851,-0.326236452,0.414,0.;                  0003869P0003717
124,0.,0.,-1.,-0.84,-0.559192903,0.829037573,0.,-1.228153501,    0003871P0003718
0.829037573,0.559192903,-0.,-5.223227048;                        0003871P0003719
110,-0.84,-1.459659363,-4.880005493,-0.84,-0.324529135,          0003873P0003720
-4.114350487;                                                    0003873P0003721
100,0.,0.,0.,8.947086456E-02,-0.132646012,0.16,0.;               0003875P0003722
124,0.,0.,1.,-0.84,1.,0.,-0.,-0.414,0.,1.,0.,-3.981704475;       0003877P0003723
110,-0.84,-0.254,-3.981704475,-0.84,-0.254,-3.75;                0003879P0003724
110,-0.84,-0.254,-3.75,-0.84,0.,-3.75;                           0003881P0003725
110,-0.84,0.,-3.75,-0.84,0.,-3.981704475;                        0003883P0003726
100,0.,0.,0.,0.231505862,-0.343221555,0.414,0.;                  0003885P0003727
124,0.,0.,-1.,-0.84,0.559192903,-0.829037573,0.,-0.414,          0003887P0003728
-0.829037573,-0.559192903,0.,-3.981704475;                       0003887P0003729
110,-0.84,-0.182494138,-4.32492603,-0.84,-1.317624366,           0003889P0003730
-5.090581036;                                                    0003889P0003731
144,3893,1,0,3895;                                               0003891P0003732
108,0.,0.559192903,-0.829037573,3.483476751,0,-0.43,             0003893P0003733
-1.287965003,-5.070575543,0.;                                    0003893P0003734
142,0,3893,0,3897,2;                                             0003895P0003735
102,4,3899,3901,3903,3905;                                       0003897P0003736
110,-0.43,-1.317624366,-5.090581036,-0.84,-1.317624366,          0003899P0003737
-5.090581036;                                                    0003899P0003738
110,-0.84,-1.317624366,-5.090581036,-0.84,-0.182494138,          0003901P0003739
-4.32492603;                                                     0003901P0003740
110,-0.84,-0.182494138,-4.32492603,-0.43,-0.182494138,           0003903P0003741
-4.32492603;                                                     0003903P0003742
110,-0.43,-0.182494138,-4.32492603,-0.43,-1.317624366,           0003905P0003743
-5.090581036;                                                    0003905P0003744
144,3909,1,0,3917;                                               0003907P0003745
120,3913,3915,5.305800926,6.283185307;                           0003909P0003746
124,0.,0.,1.,-0.43,0.559192903,0.829037573,0.,-0.414,            0003911P0003747
-0.829037573,0.559192903,0.,-3.981704475;                        0003911P0003748
110,0.,0.,1.,0.,0.,0.;                                           0003913P0003749
110,0.414,0.,-0.41,0.414,0.,0.;                                  0003915P0003750
142,0,3909,3919,3929,3;                                          0003917P0003751
102,4,3921,3923,3925,3927;                                       0003919P0003752
110,0.,6.283185307,0.,-5.293242165E-16,5.305800926,0.;           0003921P0003753
110,-7.771561172E-16,5.305800926,0.,1.,5.305800926,0.;           0003923P0003754
110,1.,5.305800926,0.,1.,6.283185307,0.;                         0003925P0003755
110,1.,6.283185307,0.,-2.220446049E-16,6.283185307,0.;           0003927P0003756
102,4,3931,3935,3937,3941;                                       0003929P0003757
100,0.,0.,0.,0.414,0.,0.231505862,0.343221555;                   0003931P0003758
124,0.,0.,1.,-0.84,0.559192903,0.829037573,0.,-0.414,            0003933P0003759
-0.829037573,0.559192903,0.,-3.981704475;                        0003933P0003760
110,-0.84,0.,-3.981704475,-0.43,0.,-3.981704475;                 0003935P0003761
100,0.,0.,0.,0.231505862,-0.343221555,0.414,0.;                  0003937P0003762
124,0.,0.,-1.,-0.43,0.559192903,-0.829037573,0.,-0.414,          0003939P0003763
-0.829037573,-0.559192903,0.,-3.981704475;                       0003939P0003764
110,-0.43,-0.182494138,-4.32492603,-0.84,-0.182494138,           0003941P0003765
-4.32492603;                                                     0003941P0003766
144,3945,1,0,3947;                                               0003943P0003767
108,0.,1.,0.,0.,0,-0.43,0.,-3.75,0.;                             0003945P0003768
142,0,3945,0,3949,2;                                             0003947P0003769
102,4,3951,3953,3955,3957;                                       0003949P0003770
110,-0.43,0.,-3.981704475,-0.84,0.,-3.981704475;                 0003951P0003771
110,-0.84,0.,-3.981704475,-0.84,0.,-3.75;                        0003953P0003772
110,-0.84,0.,-3.75,-0.43,0.,-3.75;                               0003955P0003773
110,-0.43,0.,-3.75,-0.43,0.,-3.981704475;                        0003957P0003774
144,3961,1,0,3963;                                               0003959P0003775
108,0.,0.,1.,-3.75,0,-0.43,-0.254,-3.75,0.;                      0003961P0003776
142,0,3961,0,3965,2;                                             0003963P0003777
102,4,3967,3969,3971,3973;                                       0003965P0003778
110,-0.43,0.,-3.75,-0.84,0.,-3.75;                               0003967P0003779
110,-0.84,0.,-3.75,-0.84,-0.254,-3.75;                           0003969P0003780
110,-0.84,-0.254,-3.75,-0.43,-0.254,-3.75;                       0003971P0003781
110,-0.43,-0.254,-3.75,-0.43,0.,-3.75;                           0003973P0003782
144,3977,1,0,3979;                                               0003975P0003783
108,0.,-1.,0.,0.254,0,-0.43,-0.254,-4.066777984,0.;              0003977P0003784
142,0,3977,0,3981,2;                                             0003979P0003785
102,4,3983,3985,3987,3989;                                       0003981P0003786
110,-0.43,-0.254,-3.75,-0.84,-0.254,-3.75;                       0003983P0003787
110,-0.84,-0.254,-3.75,-0.84,-0.254,-3.981704475;                0003985P0003788
110,-0.84,-0.254,-3.981704475,-0.43,-0.254,-3.981704475;         0003987P0003789
110,-0.43,-0.254,-3.981704475,-0.43,-0.254,-3.75;                0003989P0003790
144,3993,1,0,4001;                                               0003991P0003791
120,3997,3999,0.,0.977384381;                                    0003993P0003792
124,0.,0.,-1.,-0.43,1.,0.,0.,-0.414,0.,1.,0.,-3.981704475;       0003995P0003793
110,0.,0.,1.,0.,0.,0.;                                           0003997P0003794
110,0.16,0.,0.,0.16,0.,0.41;                                     0003999P0003795
142,0,3993,4003,4013,3;                                          0004001P0003796
102,4,4005,4007,4009,4011;                                       0004003P0003797
110,1.,1.776356839E-15,0.,1.,0.977384381,0.;                     0004005P0003798
110,1.,0.977384381,0.,-2.873474318E-15,0.977384381,0.;           0004007P0003799
110,-2.873474318E-15,0.977384381,0.,-3.402798535E-15,            0004009P0003800
1.776356839E-15,0.;                                              0004009P0003801
110,-3.402798535E-15,1.776356839E-15,0.,1.,1.867395127E-15,0.;   0004011P0003802
102,4,4015,4019,4021,4025;                                       0004013P0003803
100,0.,0.,0.,0.16,0.,8.947086456E-02,0.132646012;                0004015P0003804
124,0.,0.,-1.,-0.84,1.,0.,0.,-0.414,0.,-1.,0.,-3.981704475;      0004017P0003805
110,-0.84,-0.324529135,-4.114350487,-0.43,-0.324529135,          0004019P0003806
-4.114350487;                                                    0004019P0003807
100,0.,0.,0.,8.947086456E-02,-0.132646012,0.16,0.;               0004021P0003808
124,0.,0.,1.,-0.43,1.,0.,-0.,-0.414,0.,1.,0.,-3.981704475;       0004023P0003809
110,-0.43,-0.254,-3.981704475,-0.84,-0.254,-3.981704475;         0004025P0003810
144,4029,1,0,4037;                                               0004027P0003811
120,4033,4035,0.,0.907571211;                                    0004029P0003812
124,-0.,0.,-1.,-0.43,-0.99756405,-6.975647374E-02,0.,            0004031P0003813
-1.228153501,6.975647374E-02,-0.99756405,0.,-5.223227048;        0004031P0003814
110,0.,0.,1.,0.,0.,0.;                                           0004033P0003815
110,0.16,0.,0.,0.16,0.,0.41;                                     0004035P0003816
142,0,4029,4039,4049,3;                                          0004037P0003817
102,4,4041,4043,4045,4047;                                       0004039P0003818
110,1.,1.776356839E-15,0.,1.,0.907571211,0.;                     0004041P0003819
110,1.,0.907571211,0.,-2.911283191E-15,0.907571211,0.;           0004043P0003820
110,-2.911283191E-15,0.907571211,0.,-3.402798535E-15,            0004045P0003821
1.776356839E-15,0.;                                              0004045P0003822
110,-3.402798535E-15,1.776356839E-15,0.,1.,1.867395127E-15,0.;   0004047P0003823
102,4,4051,4055,4057,4061;                                       0004049P0003824
100,0.,0.,0.,0.16,0.,9.850583605E-02,0.126081721;                0004051P0003825
124,-0.,0.,-1.,-0.84,-0.99756405,6.975647374E-02,0.,             0004053P0003826
-1.228153501,6.975647374E-02,0.99756405,0.,-5.223227048;         0004053P0003827
110,-0.84,-1.317624366,-5.090581036,-0.43,-1.317624366,          0004055P0003828
-5.090581036;                                                    0004055P0003829
100,0.,0.,0.,9.850583605E-02,-0.126081721,0.16,0.;               0004057P0003830
124,0.,0.,1.,-0.43,-0.99756405,-6.975647374E-02,-0.,             0004059P0003831
-1.228153501,6.975647374E-02,-0.99756405,0.,-5.223227048;        0004059P0003832
110,-0.43,-1.387763749,-5.212066012,-0.84,-1.387763749,          0004061P0003833
-5.212066012;                                                    0004061P0003834
144,4065,1,0,4067;                                               0004063P0003835
108,0.,0.99756405,-6.975647374E-02,-1.02080788,0,-0.43,          0004065P0003836
-1.382320148,-5.134218893,0.;                                    0004065P0003837
142,0,4065,0,4069,2;                                             0004067P0003838
102,4,4071,4073,4075,4077;                                       0004069P0003839
110,-0.43,-1.426618731,-5.767718144,-0.84,-1.426618731,          0004071P0003840
-5.767718144;                                                    0004071P0003841
110,-0.84,-1.426618731,-5.767718144,-0.84,-1.387763749,          0004073P0003842
-5.212066012;                                                    0004073P0003843
110,-0.84,-1.387763749,-5.212066012,-0.43,-1.387763749,          0004075P0003844
-5.212066012;                                                    0004075P0003845
110,-0.43,-1.387763749,-5.212066012,-0.43,-1.426618731,          0004077P0003846
-5.767718144;                                                    0004077P0003847
144,4081,1,0,4083;                                               0004079P0003848
108,0.,-6.975647374E-02,-0.99756405,5.853184165,0,-0.43,         0004081P0003849
-1.426618731,-5.767718144,0.;                                    0004081P0003850
142,0,4081,0,4085,2;                                             0004083P0003851
102,4,4087,4089,4091,4093;                                       0004085P0003852
110,-0.43,-1.68,-5.75,-0.84,-1.68,-5.75;                         0004087P0003853
110,-0.84,-1.68,-5.75,-0.84,-1.426618731,-5.767718144;           0004089P0003854
110,-0.84,-1.426618731,-5.767718144,-0.43,-1.426618731,          0004091P0003855
-5.767718144;                                                    0004091P0003856
110,-0.43,-1.426618731,-5.767718144,-0.43,-1.68,-5.75;           0004093P0003857
144,4097,1,0,4099;                                               0004095P0003858
108,-0.,-0.99756405,6.975647374E-02,1.27480788,0,-0.43,-1.68,    0004097P0003859
-5.75,0.;                                                        0004097P0003860
142,0,4097,0,4101,2;                                             0004099P0003861
102,4,4103,4105,4107,4109;                                       0004101P0003862
110,-0.43,-1.641145018,-5.194347868,-0.84,-1.641145018,          0004103P0003863
-5.194347868;                                                    0004103P0003864
110,-0.84,-1.641145018,-5.194347868,-0.84,-1.68,-5.75;           0004105P0003865
110,-0.84,-1.68,-5.75,-0.43,-1.68,-5.75;                         0004107P0003866
110,-0.43,-1.68,-5.75,-0.43,-1.641145018,-5.194347868;           0004109P0003867
144,4113,1,0,4121;                                               0004111P0003868
120,4117,4119,5.375614096,6.283185307;                           0004113P0003869
124,0.,0.,1.,-0.43,-0.559192903,-0.829037573,0.,-1.228153501,    0004115P0003870
0.829037573,-0.559192903,0.,-5.223227048;                        0004115P0003871
110,0.,0.,1.,0.,0.,0.;                                           0004117P0003872
110,0.414,0.,-0.41,0.414,0.,0.;                                  0004119P0003873
142,0,4113,4123,4133,3;                                          0004121P0003874
102,4,4125,4127,4129,4131;                                       0004123P0003875
110,0.,6.283185307,0.,-4.915153439E-16,5.375614096,0.;           0004125P0003876
110,-7.771561172E-16,5.375614096,0.,1.,5.375614096,0.;           0004127P0003877
110,1.,5.375614096,0.,1.,6.283185307,0.;                         0004129P0003878
110,1.,6.283185307,0.,-2.220446049E-16,6.283185307,0.;           0004131P0003879
102,4,4135,4139,4141,4145;                                       0004133P0003880
100,0.,0.,0.,0.414,0.,0.254883851,0.326236452;                   0004135P0003881
124,0.,0.,1.,-0.84,-0.559192903,-0.829037573,0.,-1.228153501,    0004137P0003882
0.829037573,-0.559192903,0.,-5.223227048;                        0004137P0003883
110,-0.84,-1.641145018,-5.194347868,-0.43,-1.641145018,          0004139P0003884
-5.194347868;                                                    0004139P0003885
100,0.,0.,0.,0.254883851,-0.326236452,0.414,0.;                  0004141P0003886
124,0.,0.,-1.,-0.43,-0.559192903,0.829037573,0.,-1.228153501,    0004143P0003887
0.829037573,0.559192903,-0.,-5.223227048;                        0004143P0003888
110,-0.43,-1.459659363,-4.880005493,-0.84,-1.459659363,          0004145P0003889
-4.880005493;                                                    0004145P0003890
402,14,4149,4189,4205,4245,4261,4297,4313,4329,4345,4381,4417,   0004147P0003891
4433,4449,4465,0,1,4519;                                         0004147P0003892
144,4151,1,0,4153;                                               0004149P0003893
108,1.,-0.,-0.,-1.705,0,-1.705,-1.43,-4.86,0.;                   0004151P0003894
142,0,4151,0,4155,2;                                             0004153P0003895
102,12,4157,4161,4163,4165,4167,4171,4173,4177,4179,4181,4183,   0004155P0003896
4187;                                                            0004155P0003897
100,0.,0.,0.,0.414,0.,0.254883851,0.326236452;                   0004157P0003898
124,0.,0.,1.,-1.705,-0.559192903,-0.829037573,0.,-1.228153501,   0004159P0003899
0.829037573,-0.559192903,0.,-5.223227048;                        0004159P0003900
110,-1.705,-1.641145018,-5.194347868,-1.705,-1.68,-5.75;         0004161P0003901
110,-1.705,-1.68,-5.75,-1.705,-1.426618731,-5.767718144;         0004163P0003902
110,-1.705,-1.426618731,-5.767718144,-1.705,-1.387763749,        0004165P0003903
-5.212066012;                                                    0004165P0003904
100,0.,0.,0.,0.16,0.,9.850583605E-02,0.126081721;                0004167P0003905
124,-0.,0.,-1.,-1.705,-0.99756405,6.975647374E-02,0.,            0004169P0003906
-1.228153501,6.975647374E-02,0.99756405,0.,-5.223227048;         0004169P0003907
110,-1.705,-1.317624366,-5.090581036,-1.705,-0.182494138,        0004171P0003908
-4.32492603;                                                     0004171P0003909
100,0.,0.,0.,0.414,0.,0.231505862,0.343221555;                   0004173P0003910
124,0.,0.,1.,-1.705,0.559192903,0.829037573,0.,-0.414,           0004175P0003911
-0.829037573,0.559192903,0.,-3.981704475;                        0004175P0003912
110,-1.705,0.,-3.981704475,-1.705,0.,-3.75;                      0004177P0003913
110,-1.705,0.,-3.75,-1.705,-0.254,-3.75;                         0004179P0003914
110,-1.705,-0.254,-3.75,-1.705,-0.254,-3.981704475;              0004181P0003915
100,0.,0.,0.,0.16,0.,8.947086456E-02,0.132646012;                0004183P0003916
124,0.,0.,-1.,-1.705,1.,0.,0.,-0.414,0.,-1.,0.,-3.981704475;     0004185P0003917
110,-1.705,-0.324529135,-4.114350487,-1.705,-1.459659363,        0004187P0003918
-4.880005493;                                                    0004187P0003919
144,4191,1,0,4193;                                               0004189P0003920
108,-0.,-0.559192903,0.829037573,-3.229476751,0,-1.705,          0004191P0003921
-1.627059701,-4.992918446,0.;                                    0004191P0003922
142,0,4191,0,4195,2;                                             0004193P0003923
102,4,4197,4199,4201,4203;                                       0004195P0003924
110,-2.115,-1.459659363,-4.880005493,-1.705,-1.459659363,        0004197P0003925
-4.880005493;                                                    0004197P0003926
110,-1.705,-1.459659363,-4.880005493,-1.705,-0.324529135,        0004199P0003927
-4.114350487;                                                    0004199P0003928
110,-1.705,-0.324529135,-4.114350487,-2.115,-0.324529135,        0004201P0003929
-4.114350487;                                                    0004201P0003930
110,-2.115,-0.324529135,-4.114350487,-2.115,-1.459659363,        0004203P0003931
-4.880005493;                                                    0004203P0003932
144,4207,1,0,4209;                                               0004205P0003933
108,-1.,0.,0.,2.115,0,-2.115,-1.43,-4.86,0.;                     0004207P0003934
142,0,4207,0,4211,2;                                             0004209P0003935
102,12,4213,4217,4219,4221,4223,4227,4229,4233,4235,4237,4239,   0004211P0003936
4243;                                                            0004211P0003937
100,0.,0.,0.,9.850583605E-02,-0.126081721,0.16,0.;               0004213P0003938
124,0.,0.,1.,-2.115,-0.99756405,-6.975647374E-02,-0.,            0004215P0003939
-1.228153501,6.975647374E-02,-0.99756405,0.,-5.223227048;        0004215P0003940
110,-2.115,-1.387763749,-5.212066012,-2.115,-1.426618731,        0004217P0003941
-5.767718144;                                                    0004217P0003942
110,-2.115,-1.426618731,-5.767718144,-2.115,-1.68,-5.75;         0004219P0003943
110,-2.115,-1.68,-5.75,-2.115,-1.641145018,-5.194347868;         0004221P0003944
100,0.,0.,0.,0.254883851,-0.326236452,0.414,0.;                  0004223P0003945
124,0.,0.,-1.,-2.115,-0.559192903,0.829037573,0.,-1.228153501,   0004225P0003946
0.829037573,0.559192903,-0.,-5.223227048;                        0004225P0003947
110,-2.115,-1.459659363,-4.880005493,-2.115,-0.324529135,        0004227P0003948
-4.114350487;                                                    0004227P0003949
100,0.,0.,0.,8.947086456E-02,-0.132646012,0.16,0.;               0004229P0003950
124,0.,0.,1.,-2.115,1.,0.,-0.,-0.414,0.,1.,0.,-3.981704475;      0004231P0003951
110,-2.115,-0.254,-3.981704475,-2.115,-0.254,-3.75;              0004233P0003952
110,-2.115,-0.254,-3.75,-2.115,0.,-3.75;                         0004235P0003953
110,-2.115,0.,-3.75,-2.115,0.,-3.981704475;                      0004237P0003954
100,0.,0.,0.,0.231505862,-0.343221555,0.414,0.;                  0004239P0003955
124,0.,0.,-1.,-2.115,0.559192903,-0.829037573,0.,-0.414,         0004241P0003956
-0.829037573,-0.559192903,0.,-3.981704475;                       0004241P0003957
110,-2.115,-0.182494138,-4.32492603,-2.115,-1.317624366,         0004243P0003958
-5.090581036;                                                    0004243P0003959
144,4247,1,0,4249;                                               0004245P0003960
108,0.,0.559192903,-0.829037573,3.483476751,0,-1.705,            0004247P0003961
-1.287965003,-5.070575543,0.;                                    0004247P0003962
142,0,4247,0,4251,2;                                             0004249P0003963
102,4,4253,4255,4257,4259;                                       0004251P0003964
110,-1.705,-1.317624366,-5.090581036,-2.115,-1.317624366,        0004253P0003965
-5.090581036;                                                    0004253P0003966
110,-2.115,-1.317624366,-5.090581036,-2.115,-0.182494138,        0004255P0003967
-4.32492603;                                                     0004255P0003968
110,-2.115,-0.182494138,-4.32492603,-1.705,-0.182494138,         0004257P0003969
-4.32492603;                                                     0004257P0003970
110,-1.705,-0.182494138,-4.32492603,-1.705,-1.317624366,         0004259P0003971
-5.090581036;                                                    0004259P0003972
144,4263,1,0,4271;                                               0004261P0003973
120,4267,4269,5.305800926,6.283185307;                           0004263P0003974
124,0.,0.,1.,-1.705,0.559192903,0.829037573,0.,-0.414,           0004265P0003975
-0.829037573,0.559192903,0.,-3.981704475;                        0004265P0003976
110,0.,0.,1.,0.,0.,0.;                                           0004267P0003977
110,0.414,0.,-0.41,0.414,0.,0.;                                  0004269P0003978
142,0,4263,4273,4283,3;                                          0004271P0003979
102,4,4275,4277,4279,4281;                                       0004273P0003980
110,0.,6.283185307,0.,-5.293242165E-16,5.305800926,0.;           0004275P0003981
110,-7.771561172E-16,5.305800926,0.,1.,5.305800926,0.;           0004277P0003982
110,1.,5.305800926,0.,1.,6.283185307,0.;                         0004279P0003983
110,1.,6.283185307,0.,-2.220446049E-16,6.283185307,0.;           0004281P0003984
102,4,4285,4289,4291,4295;                                       0004283P0003985
100,0.,0.,0.,0.414,0.,0.231505862,0.343221555;                   0004285P0003986
124,0.,0.,1.,-2.115,0.559192903,0.829037573,0.,-0.414,           0004287P0003987
-0.829037573,0.559192903,0.,-3.981704475;                        0004287P0003988
110,-2.115,0.,-3.981704475,-1.705,0.,-3.981704475;               0004289P0003989
100,0.,0.,0.,0.231505862,-0.343221555,0.414,0.;                  0004291P0003990
124,0.,0.,-1.,-1.705,0.559192903,-0.829037573,0.,-0.414,         0004293P0003991
-0.829037573,-0.559192903,0.,-3.981704475;                       0004293P0003992
110,-1.705,-0.182494138,-4.32492603,-2.115,-0.182494138,         0004295P0003993
-4.32492603;                                                     0004295P0003994
144,4299,1,0,4301;                                               0004297P0003995
108,0.,1.,0.,0.,0,-1.705,0.,-3.75,0.;                            0004299P0003996
142,0,4299,0,4303,2;                                             0004301P0003997
102,4,4305,4307,4309,4311;                                       0004303P0003998
110,-1.705,0.,-3.981704475,-2.115,0.,-3.981704475;               0004305P0003999
110,-2.115,0.,-3.981704475,-2.115,0.,-3.75;                      0004307P0004000
110,-2.115,0.,-3.75,-1.705,0.,-3.75;                             0004309P0004001
110,-1.705,0.,-3.75,-1.705,0.,-3.981704475;                      0004311P0004002
144,4315,1,0,4317;                                               0004313P0004003
108,0.,0.,1.,-3.75,0,-1.705,-0.254,-3.75,0.;                     0004315P0004004
142,0,4315,0,4319,2;                                             0004317P0004005
102,4,4321,4323,4325,4327;                                       0004319P0004006
110,-1.705,0.,-3.75,-2.115,0.,-3.75;                             0004321P0004007
110,-2.115,0.,-3.75,-2.115,-0.254,-3.75;                         0004323P0004008
110,-2.115,-0.254,-3.75,-1.705,-0.254,-3.75;                     0004325P0004009
110,-1.705,-0.254,-3.75,-1.705,0.,-3.75;                         0004327P0004010
144,4331,1,0,4333;                                               0004329P0004011
108,0.,-1.,0.,0.254,0,-1.705,-0.254,-4.066777984,0.;             0004331P0004012
142,0,4331,0,4335,2;                                             0004333P0004013
102,4,4337,4339,4341,4343;                                       0004335P0004014
110,-1.705,-0.254,-3.75,-2.115,-0.254,-3.75;                     0004337P0004015
110,-2.115,-0.254,-3.75,-2.115,-0.254,-3.981704475;              0004339P0004016
110,-2.115,-0.254,-3.981704475,-1.705,-0.254,-3.981704475;       0004341P0004017
110,-1.705,-0.254,-3.981704475,-1.705,-0.254,-3.75;              0004343P0004018
144,4347,1,0,4355;                                               0004345P0004019
120,4351,4353,0.,0.977384381;                                    0004347P0004020
124,0.,0.,-1.,-1.705,1.,0.,0.,-0.414,0.,1.,0.,-3.981704475;      0004349P0004021
110,0.,0.,1.,0.,0.,0.;                                           0004351P0004022
110,0.16,0.,0.,0.16,0.,0.41;                                     0004353P0004023
142,0,4347,4357,4367,3;                                          0004355P0004024
102,4,4359,4361,4363,4365;                                       0004357P0004025
110,1.,1.776356839E-15,0.,1.,0.977384381,0.;                     0004359P0004026
110,1.,0.977384381,0.,-2.873474318E-15,0.977384381,0.;           0004361P0004027
110,-2.873474318E-15,0.977384381,0.,-3.402798535E-15,            0004363P0004028
1.776356839E-15,0.;                                              0004363P0004029
110,-3.402798535E-15,1.776356839E-15,0.,1.,1.867395127E-15,0.;   0004365P0004030
102,4,4369,4373,4375,4379;                                       0004367P0004031
100,0.,0.,0.,0.16,0.,8.947086456E-02,0.132646012;                0004369P0004032
124,0.,0.,-1.,-2.115,1.,0.,0.,-0.414,0.,-1.,0.,-3.981704475;     0004371P0004033
110,-2.115,-0.324529135,-4.114350487,-1.705,-0.324529135,        0004373P0004034
-4.114350487;                                                    0004373P0004035
100,0.,0.,0.,8.947086456E-02,-0.132646012,0.16,0.;               0004375P0004036
124,0.,0.,1.,-1.705,1.,0.,-0.,-0.414,0.,1.,0.,-3.981704475;      0004377P0004037
110,-1.705,-0.254,-3.981704475,-2.115,-0.254,-3.981704475;       0004379P0004038
144,4383,1,0,4391;                                               0004381P0004039
120,4387,4389,0.,0.907571211;                                    0004383P0004040
124,-0.,0.,-1.,-1.705,-0.99756405,-6.975647374E-02,0.,           0004385P0004041
-1.228153501,6.975647374E-02,-0.99756405,0.,-5.223227048;        0004385P0004042
110,0.,0.,1.,0.,0.,0.;                                           0004387P0004043
110,0.16,0.,0.,0.16,0.,0.41;                                     0004389P0004044
142,0,4383,4393,4403,3;                                          0004391P0004045
102,4,4395,4397,4399,4401;                                       0004393P0004046
110,1.,1.776356839E-15,0.,1.,0.907571211,0.;                     0004395P0004047
110,1.,0.907571211,0.,-2.911283191E-15,0.907571211,0.;           0004397P0004048
110,-2.911283191E-15,0.907571211,0.,-3.402798535E-15,            0004399P0004049
1.776356839E-15,0.;                                              0004399P0004050
110,-3.402798535E-15,1.776356839E-15,0.,1.,1.867395127E-15,0.;   0004401P0004051
102,4,4405,4409,4411,4415;                                       0004403P0004052
100,0.,0.,0.,0.16,0.,9.850583605E-02,0.126081721;                0004405P0004053
124,-0.,0.,-1.,-2.115,-0.99756405,6.975647374E-02,0.,            0004407P0004054
-1.228153501,6.975647374E-02,0.99756405,0.,-5.223227048;         0004407P0004055
110,-2.115,-1.317624366,-5.090581036,-1.705,-1.317624366,        0004409P0004056
-5.090581036;                                                    0004409P0004057
100,0.,0.,0.,9.850583605E-02,-0.126081721,0.16,0.;               0004411P0004058
124,0.,0.,1.,-1.705,-0.99756405,-6.975647374E-02,-0.,            0004413P0004059
-1.228153501,6.975647374E-02,-0.99756405,0.,-5.223227048;        0004413P0004060
110,-1.705,-1.387763749,-5.212066012,-2.115,-1.387763749,        0004415P0004061
-5.212066012;                                                    0004415P0004062
144,4419,1,0,4421;                                               0004417P0004063
108,0.,0.99756405,-6.975647374E-02,-1.02080788,0,-1.705,         0004419P0004064
-1.382320148,-5.134218893,0.;                                    0004419P0004065
142,0,4419,0,4423,2;                                             0004421P0004066
102,4,4425,4427,4429,4431;                                       0004423P0004067
110,-1.705,-1.426618731,-5.767718144,-2.115,-1.426618731,        0004425P0004068
-5.767718144;                                                    0004425P0004069
110,-2.115,-1.426618731,-5.767718144,-2.115,-1.387763749,        0004427P0004070
-5.212066012;                                                    0004427P0004071
110,-2.115,-1.387763749,-5.212066012,-1.705,-1.387763749,        0004429P0004072
-5.212066012;                                                    0004429P0004073
110,-1.705,-1.387763749,-5.212066012,-1.705,-1.426618731,        0004431P0004074
-5.767718144;                                                    0004431P0004075
144,4435,1,0,4437;                                               0004433P0004076
108,0.,-6.975647374E-02,-0.99756405,5.853184165,0,-1.705,        0004435P0004077
-1.426618731,-5.767718144,0.;                                    0004435P0004078
142,0,4435,0,4439,2;                                             0004437P0004079
102,4,4441,4443,4445,4447;                                       0004439P0004080
110,-1.705,-1.68,-5.75,-2.115,-1.68,-5.75;                       0004441P0004081
110,-2.115,-1.68,-5.75,-2.115,-1.426618731,-5.767718144;         0004443P0004082
110,-2.115,-1.426618731,-5.767718144,-1.705,-1.426618731,        0004445P0004083
-5.767718144;                                                    0004445P0004084
110,-1.705,-1.426618731,-5.767718144,-1.705,-1.68,-5.75;         0004447P0004085
144,4451,1,0,4453;                                               0004449P0004086
108,-0.,-0.99756405,6.975647374E-02,1.27480788,0,-1.705,-1.68,   0004451P0004087
-5.75,0.;                                                        0004451P0004088
142,0,4451,0,4455,2;                                             0004453P0004089
102,4,4457,4459,4461,4463;                                       0004455P0004090
110,-1.705,-1.641145018,-5.194347868,-2.115,-1.641145018,        0004457P0004091
-5.194347868;                                                    0004457P0004092
110,-2.115,-1.641145018,-5.194347868,-2.115,-1.68,-5.75;         0004459P0004093
110,-2.115,-1.68,-5.75,-1.705,-1.68,-5.75;                       0004461P0004094
110,-1.705,-1.68,-5.75,-1.705,-1.641145018,-5.194347868;         0004463P0004095
144,4467,1,0,4475;                                               0004465P0004096
120,4471,4473,5.375614096,6.283185307;                           0004467P0004097
124,0.,0.,1.,-1.705,-0.559192903,-0.829037573,0.,-1.228153501,   0004469P0004098
0.829037573,-0.559192903,0.,-5.223227048;                        0004469P0004099
110,0.,0.,1.,0.,0.,0.;                                           0004471P0004100
110,0.414,0.,-0.41,0.414,0.,0.;                                  0004473P0004101
142,0,4467,4477,4487,3;                                          0004475P0004102
102,4,4479,4481,4483,4485;                                       0004477P0004103
110,0.,6.283185307,0.,-4.915153439E-16,5.375614096,0.;           0004479P0004104
110,-7.771561172E-16,5.375614096,0.,1.,5.375614096,0.;           0004481P0004105
110,1.,5.375614096,0.,1.,6.283185307,0.;                         0004483P0004106
110,1.,6.283185307,0.,-2.220446049E-16,6.283185307,0.;           0004485P0004107
102,4,4489,4493,4495,4499;                                       0004487P0004108
100,0.,0.,0.,0.414,0.,0.254883851,0.326236452;                   0004489P0004109
124,0.,0.,1.,-2.115,-0.559192903,-0.829037573,0.,-1.228153501,   0004491P0004110
0.829037573,-0.559192903,0.,-5.223227048;                        0004491P0004111
110,-2.115,-1.641145018,-5.194347868,-1.705,-1.641145018,        0004493P0004112
-5.194347868;                                                    0004493P0004113
100,0.,0.,0.,0.254883851,-0.326236452,0.414,0.;                  0004495P0004114
124,0.,0.,-1.,-1.705,-0.559192903,0.829037573,0.,-1.228153501,   0004497P0004115
0.829037573,0.559192903,-0.,-5.223227048;                        0004497P0004116
110,-1.705,-1.459659363,-4.880005493,-2.115,-1.459659363,        0004499P0004117
-4.880005493;                                                    0004499P0004118
314,27.45100002,27.45100002,27.45100002,6HGRAY28;                0004501P0004119
406,1,9HBODY-SOIC;                                               0004503P0004120
406,1,13HLEAD-DWV0008A;                                          0004505P0004121
406,1,13HLEAD-DWV0008A;                                          0004507P0004122
406,1,13HLEAD-DWV0008A;                                          0004509P0004123
406,1,13HLEAD-DWV0008A;                                          0004511P0004124
406,1,12HDWV0008A_ASM;                                           0004513P0004125
406,1,13HLEAD-DWV0008A;                                          0004515P0004126
406,1,13HLEAD-DWV0008A;                                          0004517P0004127
406,1,13HLEAD-DWV0008A;                                          0004519P0004128
406,1,13HLEAD-DWV0008A;                                          0004521P0004129
S      1G      4D   4522P   4129                                        T0000001
